origin,destination,od_pair,fare_rm,time_min,route,transfer_count,transfer_group,fare_label,time_label
Gombak,Taman Melati,Gombak → Taman Melati,1.3,3.0,KJL[Gombak > Taman Melati],0,Direct journey,RM 1.30,3 min
Gombak,Wangsa Maju,Gombak → Wangsa Maju,1.8,7.0,KJL[Gombak > Wangsa Maju],0,Direct journey,RM 1.80,7 min
Gombak,Sri Rampai,Gombak → Sri Rampai,1.9,9.0,KJL[Gombak > Sri Rampai],0,Direct journey,RM 1.90,9 min
Gombak,Setiawangsa,Gombak → Setiawangsa,2.5,15.0,KJL[Gombak > Setiawangsa],0,Direct journey,RM 2.50,15 min
Gombak,Jelatek,Gombak → Jelatek,2.7,17.0,KJL[Gombak > Jelatek],0,Direct journey,RM 2.70,17 min
Gombak,Dato' Keramat,Gombak → Dato' Keramat,2.6,18.0,KJL[Gombak > Dato' Keramat],0,Direct journey,RM 2.60,18 min
Gombak,Damai,Gombak → Damai,2.7,19.0,KJL[Gombak > Damai],0,Direct journey,RM 2.70,19 min
Gombak,Ampang Park,Gombak → Ampang Park,2.9,21.0,KJL[Gombak > Ampang Park],0,Direct journey,RM 2.90,21 min
Gombak,KLCC,Gombak → KLCC,3.1,22.0,KJL[Gombak > KLCC],0,Direct journey,RM 3.10,22 min
Gombak,Kampung Baru,Gombak → Kampung Baru,3.3,24.0,KJL[Gombak > Kampung Baru],0,Direct journey,RM 3.30,24 min
Gombak,Dang Wangi,Gombak → Dang Wangi,3.1,26.0,KJL[Gombak > Dang Wangi],0,Direct journey,RM 3.10,26 min
Gombak,Masjid Jamek (KJL),Gombak → Masjid Jamek (KJL),3.2,28.0,KJL[Gombak > Masjid Jamek (KJL)],0,Direct journey,RM 3.20,28 min
Gombak,Pasar Seni (KJL),Gombak → Pasar Seni (KJL),3.4,29.0,KJL[Gombak > Pasar Seni (KJL)],0,Direct journey,RM 3.40,29 min
Gombak,KL Sentral (KJL),Gombak → KL Sentral (KJL),3.6,32.0,KJL[Gombak > KL Sentral (KJL)],0,Direct journey,RM 3.60,32 min
Gombak,Bangsar,Gombak → Bangsar,3.8,34.0,KJL[Gombak > Bangsar],0,Direct journey,RM 3.80,34 min
Gombak,Abdullah Hukum,Gombak → Abdullah Hukum,3.8,37.0,KJL[Gombak > Abdullah Hukum],0,Direct journey,RM 3.80,37 min
Gombak,Kerinchi,Gombak → Kerinchi,3.5,38.0,KJL[Gombak > Kerinchi],0,Direct journey,RM 3.50,38 min
Gombak,Universiti,Gombak → Universiti,3.6,40.0,KJL[Gombak > Universiti],0,Direct journey,RM 3.60,40 min
Gombak,Taman Jaya,Gombak → Taman Jaya,3.1,44.0,KJL[Gombak > Taman Jaya],0,Direct journey,RM 3.10,44 min
Gombak,Asia Jaya,Gombak → Asia Jaya,3.2,46.0,KJL[Gombak > Asia Jaya],0,Direct journey,RM 3.20,46 min
Gombak,Taman Paramount,Gombak → Taman Paramount,3.4,49.0,KJL[Gombak > Taman Paramount],0,Direct journey,RM 3.40,49 min
Gombak,Taman Bahagia,Gombak → Taman Bahagia,3.5,52.0,KJL[Gombak > Taman Bahagia],0,Direct journey,RM 3.50,52 min
Gombak,Kelana Jaya,Gombak → Kelana Jaya,3.6,54.0,KJL[Gombak > Kelana Jaya],0,Direct journey,RM 3.60,54 min
Gombak,Lembah Subang,Gombak → Lembah Subang,3.7,57.0,KJL[Gombak > Lembah Subang],0,Direct journey,RM 3.70,57 min
Gombak,Ara Damansara,Gombak → Ara Damansara,3.9,59.0,KJL[Gombak > Ara Damansara],0,Direct journey,RM 3.90,59 min
Gombak,Glenmarie,Gombak → Glenmarie,4.1,62.0,KJL[Gombak > Glenmarie],0,Direct journey,RM 4.10,62 min
Gombak,Subang Jaya,Gombak → Subang Jaya,4.2,63.0,KJL[Gombak > Subang Jaya],0,Direct journey,RM 4.20,63 min
Gombak,SS 15,Gombak → SS 15,4.3,67.0,KJL[Gombak > SS 15],0,Direct journey,RM 4.30,67 min
Gombak,SS 18,Gombak → SS 18,4.4,69.0,KJL[Gombak > SS 18],0,Direct journey,RM 4.40,69 min
Gombak,USJ 7 (KJL),Gombak → USJ 7 (KJL),4.6,72.0,KJL[Gombak > USJ 7 (KJL)],0,Direct journey,RM 4.60,72 min
Gombak,Taipan,Gombak → Taipan,4.7,73.0,KJL[Gombak > Taipan],0,Direct journey,RM 4.70,73 min
Gombak,Wawasan,Gombak → Wawasan,4.8,76.0,KJL[Gombak > Wawasan],0,Direct journey,RM 4.80,76 min
Gombak,USJ 21,Gombak → USJ 21,4.9,78.0,KJL[Gombak > USJ 21],0,Direct journey,RM 4.90,78 min
Gombak,Alam Megah,Gombak → Alam Megah,5.1,81.0,KJL[Gombak > Alam Megah],0,Direct journey,RM 5.10,81 min
Gombak,Subang Alam,Gombak → Subang Alam,5.2,84.0,KJL[Gombak > Subang Alam],0,Direct journey,RM 5.20,84 min
Gombak,Putra Heights (KJL),Gombak → Putra Heights (KJL),5.3,88.0,KJL[Gombak > Putra Heights (KJL)],0,Direct journey,RM 5.30,88 min
Gombak,Sungai Buloh,Gombak → Sungai Buloh,5.7,66.0,KJL[Gombak > Pasar Seni (KJL)] >> SBK[Pasar Seni (SBK) > Sungai Buloh],1,1+ transfer,RM 5.70,66 min
Gombak,Kampung Selamat,Gombak → Kampung Selamat,6.3,64.0,KJL[Gombak > Pasar Seni (KJL)] >> SBK[Pasar Seni (SBK) > Kampung Selamat],1,1+ transfer,RM 6.30,64 min
Gombak,Kwasa Damansara,Gombak → Kwasa Damansara,6.0,62.0,KJL[Gombak > Pasar Seni (KJL)] >> SBK[Pasar Seni (SBK) > Kwasa Damansara],1,1+ transfer,RM 6.00,62 min
Gombak,Kwasa Sentral,Gombak → Kwasa Sentral,5.8,59.0,KJL[Gombak > Pasar Seni (KJL)] >> SBK[Pasar Seni (SBK) > Kwasa Sentral],1,1+ transfer,RM 5.80,59 min
Gombak,Kota Damansara,Gombak → Kota Damansara,6.0,56.0,KJL[Gombak > Pasar Seni (KJL)] >> SBK[Pasar Seni (SBK) > Kota Damansara],1,1+ transfer,RM 6.00,56 min
Gombak,Surian,Gombak → Surian,5.7,53.0,KJL[Gombak > Pasar Seni (KJL)] >> SBK[Pasar Seni (SBK) > Surian],1,1+ transfer,RM 5.70,53 min
Gombak,Mutiara Damansara,Gombak → Mutiara Damansara,5.9,50.0,KJL[Gombak > Pasar Seni (KJL)] >> SBK[Pasar Seni (SBK) > Mutiara Damansara],1,1+ transfer,RM 5.90,50 min
Gombak,Bandar Utama,Gombak → Bandar Utama,5.6,48.0,KJL[Gombak > Pasar Seni (KJL)] >> SBK[Pasar Seni (SBK) > Bandar Utama],1,1+ transfer,RM 5.60,48 min
Gombak,TTDI,Gombak → TTDI,5.2,45.0,KJL[Gombak > Pasar Seni (KJL)] >> SBK[Pasar Seni (SBK) > TTDI],1,1+ transfer,RM 5.20,45 min
Gombak,Phileo Damansara,Gombak → Phileo Damansara,5.3,42.0,KJL[Gombak > Pasar Seni (KJL)] >> SBK[Pasar Seni (SBK) > Phileo Damansara],1,1+ transfer,RM 5.30,42 min
Gombak,Pusat Bandar Damansara,Gombak → Pusat Bandar Damansara,4.6,38.0,KJL[Gombak > Pasar Seni (KJL)] >> SBK[Pasar Seni (SBK) > Pusat Bandar Damansara],1,1+ transfer,RM 4.60,38 min
Gombak,Semantan,Gombak → Semantan,4.4,36.0,KJL[Gombak > Pasar Seni (KJL)] >> SBK[Pasar Seni (SBK) > Semantan],1,1+ transfer,RM 4.40,36 min
Gombak,Muzium Negara,Gombak → Muzium Negara,3.7,32.0,KJL[Gombak > Pasar Seni (KJL)] >> SBK[Pasar Seni (SBK) > Muzium Negara],1,1+ transfer,RM 3.70,32 min
Gombak,Pasar Seni (SBK),Gombak → Pasar Seni (SBK),3.4,30.0,KJL[Gombak > Pasar Seni (KJL)] >> SBK[Pasar Seni (SBK) > Pasar Seni (SBK)],1,1+ transfer,RM 3.40,30 min
Gombak,Merdeka,Gombak → Merdeka,3.5,31.0,KJL[Gombak > Pasar Seni (KJL)] >> SBK[Pasar Seni (SBK) > Merdeka],1,1+ transfer,RM 3.50,31 min
Gombak,Bukit Bintang,Gombak → Bukit Bintang,3.8,34.0,KJL[Gombak > Pasar Seni (KJL)] >> SBK[Pasar Seni (SBK) > Bukit Bintang],1,1+ transfer,RM 3.80,34 min
Gombak,Tun Razak Exchange (TRX),Gombak → Tun Razak Exchange (TRX),4.1,36.0,KJL[Gombak > Pasar Seni (KJL)] >> SBK[Pasar Seni (SBK) > Tun Razak Exchange (TRX)],1,1+ transfer,RM 4.10,36 min
Gombak,Cochrane,Gombak → Cochrane,4.4,39.0,KJL[Gombak > Pasar Seni (KJL)] >> SBK[Pasar Seni (SBK) > Cochrane],1,1+ transfer,RM 4.40,39 min
Gombak,Maluri (SBK),Gombak → Maluri (SBK),4.4,40.0,KJL[Gombak > Pasar Seni (KJL)] >> SBK[Pasar Seni (SBK) > Maluri (SBK)],1,1+ transfer,RM 4.40,40 min
Gombak,Taman Pertama,Gombak → Taman Pertama,4.9,44.0,KJL[Gombak > Pasar Seni (KJL)] >> SBK[Pasar Seni (SBK) > Taman Pertama],1,1+ transfer,RM 4.90,44 min
Gombak,Taman Midah,Gombak → Taman Midah,5.1,46.0,KJL[Gombak > Pasar Seni (KJL)] >> SBK[Pasar Seni (SBK) > Taman Midah],1,1+ transfer,RM 5.10,46 min
Gombak,Taman Mutiara,Gombak → Taman Mutiara,5.4,48.0,KJL[Gombak > Pasar Seni (KJL)] >> SBK[Pasar Seni (SBK) > Taman Mutiara],1,1+ transfer,RM 5.40,48 min
Gombak,Taman Connaught,Gombak → Taman Connaught,5.8,51.0,KJL[Gombak > Pasar Seni (KJL)] >> SBK[Pasar Seni (SBK) > Taman Connaught],1,1+ transfer,RM 5.80,51 min
Gombak,Taman Suntex,Gombak → Taman Suntex,6.3,53.0,KJL[Gombak > Pasar Seni (KJL)] >> SBK[Pasar Seni (SBK) > Taman Suntex],1,1+ transfer,RM 6.30,53 min
Gombak,Sri Raya,Gombak → Sri Raya,6.2,56.0,KJL[Gombak > Pasar Seni (KJL)] >> SBK[Pasar Seni (SBK) > Sri Raya],1,1+ transfer,RM 6.20,56 min
Gombak,Bandar Tun Hussein Onn,Gombak → Bandar Tun Hussein Onn,6.5,58.0,KJL[Gombak > Pasar Seni (KJL)] >> SBK[Pasar Seni (SBK) > Bandar Tun Hussein Onn],1,1+ transfer,RM 6.50,58 min
Gombak,Batu 11 Cheras,Gombak → Batu 11 Cheras,6.7,60.0,KJL[Gombak > Pasar Seni (KJL)] >> SBK[Pasar Seni (SBK) > Batu 11 Cheras],1,1+ transfer,RM 6.70,60 min
Gombak,Bukit Dukung,Gombak → Bukit Dukung,6.6,63.0,KJL[Gombak > Pasar Seni (KJL)] >> SBK[Pasar Seni (SBK) > Bukit Dukung],1,1+ transfer,RM 6.60,63 min
Gombak,Sungai Jernih,Gombak → Sungai Jernih,7.1,67.0,KJL[Gombak > Pasar Seni (KJL)] >> SBK[Pasar Seni (SBK) > Sungai Jernih],1,1+ transfer,RM 7.10,67 min
Gombak,Stadium Kajang,Gombak → Stadium Kajang,7.2,68.0,KJL[Gombak > Pasar Seni (KJL)] >> SBK[Pasar Seni (SBK) > Stadium Kajang],1,1+ transfer,RM 7.20,68 min
Gombak,Kajang,Gombak → Kajang,6.8,71.0,KJL[Gombak > Pasar Seni (KJL)] >> SBK[Pasar Seni (SBK) > Kajang],1,1+ transfer,RM 6.80,71 min
Taman Melati,Wangsa Maju,Taman Melati → Wangsa Maju,1.4,4.0,KJL[Taman Melati > Wangsa Maju],0,Direct journey,RM 1.40,4 min
Taman Melati,Sri Rampai,Taman Melati → Sri Rampai,1.6,6.0,KJL[Taman Melati > Sri Rampai],0,Direct journey,RM 1.60,6 min
Taman Melati,Setiawangsa,Taman Melati → Setiawangsa,2.1,12.0,KJL[Taman Melati > Setiawangsa],0,Direct journey,RM 2.10,12 min
Taman Melati,Jelatek,Taman Melati → Jelatek,2.4,14.0,KJL[Taman Melati > Jelatek],0,Direct journey,RM 2.40,14 min
Taman Melati,Dato' Keramat,Taman Melati → Dato' Keramat,2.5,15.0,KJL[Taman Melati > Dato' Keramat],0,Direct journey,RM 2.50,15 min
Taman Melati,Damai,Taman Melati → Damai,2.7,16.0,KJL[Taman Melati > Damai],0,Direct journey,RM 2.70,16 min
Taman Melati,Ampang Park,Taman Melati → Ampang Park,2.6,18.0,KJL[Taman Melati > Ampang Park],0,Direct journey,RM 2.60,18 min
Taman Melati,KLCC,Taman Melati → KLCC,2.8,19.0,KJL[Taman Melati > KLCC],0,Direct journey,RM 2.80,19 min
Taman Melati,Kampung Baru,Taman Melati → Kampung Baru,3.0,21.0,KJL[Taman Melati > Kampung Baru],0,Direct journey,RM 3.00,21 min
Taman Melati,Dang Wangi,Taman Melati → Dang Wangi,3.2,23.0,KJL[Taman Melati > Dang Wangi],0,Direct journey,RM 3.20,23 min
Taman Melati,Masjid Jamek (KJL),Taman Melati → Masjid Jamek (KJL),3.4,25.0,KJL[Taman Melati > Masjid Jamek (KJL)],0,Direct journey,RM 3.40,25 min
Taman Melati,Pasar Seni (KJL),Taman Melati → Pasar Seni (KJL),3.2,26.0,KJL[Taman Melati > Pasar Seni (KJL)],0,Direct journey,RM 3.20,26 min
Taman Melati,KL Sentral (KJL),Taman Melati → KL Sentral (KJL),3.4,29.0,KJL[Taman Melati > KL Sentral (KJL)],0,Direct journey,RM 3.40,29 min
Taman Melati,Bangsar,Taman Melati → Bangsar,3.5,31.0,KJL[Taman Melati > Bangsar],0,Direct journey,RM 3.50,31 min
Taman Melati,Abdullah Hukum,Taman Melati → Abdullah Hukum,3.5,34.0,KJL[Taman Melati > Abdullah Hukum],0,Direct journey,RM 3.50,34 min
Taman Melati,Kerinchi,Taman Melati → Kerinchi,3.3,35.0,KJL[Taman Melati > Kerinchi],0,Direct journey,RM 3.30,35 min
Taman Melati,Universiti,Taman Melati → Universiti,3.4,37.0,KJL[Taman Melati > Universiti],0,Direct journey,RM 3.40,37 min
Taman Melati,Taman Jaya,Taman Melati → Taman Jaya,3.7,41.0,KJL[Taman Melati > Taman Jaya],0,Direct journey,RM 3.70,41 min
Taman Melati,Asia Jaya,Taman Melati → Asia Jaya,3.8,43.0,KJL[Taman Melati > Asia Jaya],0,Direct journey,RM 3.80,43 min
Taman Melati,Taman Paramount,Taman Melati → Taman Paramount,3.2,46.0,KJL[Taman Melati > Taman Paramount],0,Direct journey,RM 3.20,46 min
Taman Melati,Taman Bahagia,Taman Melati → Taman Bahagia,3.3,49.0,KJL[Taman Melati > Taman Bahagia],0,Direct journey,RM 3.30,49 min
Taman Melati,Kelana Jaya,Taman Melati → Kelana Jaya,3.4,51.0,KJL[Taman Melati > Kelana Jaya],0,Direct journey,RM 3.40,51 min
Taman Melati,Lembah Subang,Taman Melati → Lembah Subang,3.7,54.0,KJL[Taman Melati > Lembah Subang],0,Direct journey,RM 3.70,54 min
Taman Melati,Ara Damansara,Taman Melati → Ara Damansara,3.8,56.0,KJL[Taman Melati > Ara Damansara],0,Direct journey,RM 3.80,56 min
Taman Melati,Glenmarie,Taman Melati → Glenmarie,3.9,59.0,KJL[Taman Melati > Glenmarie],0,Direct journey,RM 3.90,59 min
Taman Melati,Subang Jaya,Taman Melati → Subang Jaya,4.1,60.0,KJL[Taman Melati > Subang Jaya],0,Direct journey,RM 4.10,60 min
Taman Melati,SS 15,Taman Melati → SS 15,4.2,64.0,KJL[Taman Melati > SS 15],0,Direct journey,RM 4.20,64 min
Taman Melati,SS 18,Taman Melati → SS 18,4.3,66.0,KJL[Taman Melati > SS 18],0,Direct journey,RM 4.30,66 min
Taman Melati,USJ 7 (KJL),Taman Melati → USJ 7 (KJL),4.5,69.0,KJL[Taman Melati > USJ 7 (KJL)],0,Direct journey,RM 4.50,69 min
Taman Melati,Taipan,Taman Melati → Taipan,4.5,70.0,KJL[Taman Melati > Taipan],0,Direct journey,RM 4.50,70 min
Taman Melati,Wawasan,Taman Melati → Wawasan,4.7,73.0,KJL[Taman Melati > Wawasan],0,Direct journey,RM 4.70,73 min
Taman Melati,USJ 21,Taman Melati → USJ 21,4.8,75.0,KJL[Taman Melati > USJ 21],0,Direct journey,RM 4.80,75 min
Taman Melati,Alam Megah,Taman Melati → Alam Megah,4.9,78.0,KJL[Taman Melati > Alam Megah],0,Direct journey,RM 4.90,78 min
Taman Melati,Subang Alam,Taman Melati → Subang Alam,5.1,81.0,KJL[Taman Melati > Subang Alam],0,Direct journey,RM 5.10,81 min
Taman Melati,Putra Heights (KJL),Taman Melati → Putra Heights (KJL),5.1,85.0,KJL[Taman Melati > Putra Heights (KJL)],0,Direct journey,RM 5.10,85 min
Taman Melati,Sungai Buloh,Taman Melati → Sungai Buloh,5.4,63.0,KJL[Taman Melati > Pasar Seni (KJL)] >> SBK[Pasar Seni (SBK) > Sungai Buloh],1,1+ transfer,RM 5.40,63 min
Taman Melati,Kampung Selamat,Taman Melati → Kampung Selamat,6.0,61.0,KJL[Taman Melati > Pasar Seni (KJL)] >> SBK[Pasar Seni (SBK) > Kampung Selamat],1,1+ transfer,RM 6.00,61 min
Taman Melati,Kwasa Damansara,Taman Melati → Kwasa Damansara,5.7,59.0,KJL[Taman Melati > Pasar Seni (KJL)] >> SBK[Pasar Seni (SBK) > Kwasa Damansara],1,1+ transfer,RM 5.70,59 min
Taman Melati,Kwasa Sentral,Taman Melati → Kwasa Sentral,5.6,56.0,KJL[Taman Melati > Pasar Seni (KJL)] >> SBK[Pasar Seni (SBK) > Kwasa Sentral],1,1+ transfer,RM 5.60,56 min
Taman Melati,Kota Damansara,Taman Melati → Kota Damansara,5.7,53.0,KJL[Taman Melati > Pasar Seni (KJL)] >> SBK[Pasar Seni (SBK) > Kota Damansara],1,1+ transfer,RM 5.70,53 min
Taman Melati,Surian,Taman Melati → Surian,5.5,50.0,KJL[Taman Melati > Pasar Seni (KJL)] >> SBK[Pasar Seni (SBK) > Surian],1,1+ transfer,RM 5.50,50 min
Taman Melati,Mutiara Damansara,Taman Melati → Mutiara Damansara,5.6,47.0,KJL[Taman Melati > Pasar Seni (KJL)] >> SBK[Pasar Seni (SBK) > Mutiara Damansara],1,1+ transfer,RM 5.60,47 min
Taman Melati,Bandar Utama,Taman Melati → Bandar Utama,5.3,45.0,KJL[Taman Melati > Pasar Seni (KJL)] >> SBK[Pasar Seni (SBK) > Bandar Utama],1,1+ transfer,RM 5.30,45 min
Taman Melati,TTDI,Taman Melati → TTDI,5.0,42.0,KJL[Taman Melati > Pasar Seni (KJL)] >> SBK[Pasar Seni (SBK) > TTDI],1,1+ transfer,RM 5.00,42 min
Taman Melati,Phileo Damansara,Taman Melati → Phileo Damansara,5.0,39.0,KJL[Taman Melati > Pasar Seni (KJL)] >> SBK[Pasar Seni (SBK) > Phileo Damansara],1,1+ transfer,RM 5.00,39 min
Taman Melati,Pusat Bandar Damansara,Taman Melati → Pusat Bandar Damansara,4.2,35.0,KJL[Taman Melati > Pasar Seni (KJL)] >> SBK[Pasar Seni (SBK) > Pusat Bandar Damansara],1,1+ transfer,RM 4.20,35 min
Taman Melati,Semantan,Taman Melati → Semantan,4.2,33.0,KJL[Taman Melati > Pasar Seni (KJL)] >> SBK[Pasar Seni (SBK) > Semantan],1,1+ transfer,RM 4.20,33 min
Taman Melati,Muzium Negara,Taman Melati → Muzium Negara,3.5,29.0,KJL[Taman Melati > Pasar Seni (KJL)] >> SBK[Pasar Seni (SBK) > Muzium Negara],1,1+ transfer,RM 3.50,29 min
Taman Melati,Pasar Seni (SBK),Taman Melati → Pasar Seni (SBK),3.2,27.0,KJL[Taman Melati > Pasar Seni (KJL)] >> SBK[Pasar Seni (SBK) > Pasar Seni (SBK)],1,1+ transfer,RM 3.20,27 min
Taman Melati,Merdeka,Taman Melati → Merdeka,3.6,28.0,KJL[Taman Melati > Pasar Seni (KJL)] >> SBK[Pasar Seni (SBK) > Merdeka],1,1+ transfer,RM 3.60,28 min
Taman Melati,Bukit Bintang,Taman Melati → Bukit Bintang,3.9,31.0,KJL[Taman Melati > Pasar Seni (KJL)] >> SBK[Pasar Seni (SBK) > Bukit Bintang],1,1+ transfer,RM 3.90,31 min
Taman Melati,Tun Razak Exchange (TRX),Taman Melati → Tun Razak Exchange (TRX),4.3,33.0,KJL[Taman Melati > Pasar Seni (KJL)] >> SBK[Pasar Seni (SBK) > Tun Razak Exchange (TRX)],1,1+ transfer,RM 4.30,33 min
Taman Melati,Cochrane,Taman Melati → Cochrane,4.6,36.0,KJL[Taman Melati > Pasar Seni (KJL)] >> SBK[Pasar Seni (SBK) > Cochrane],1,1+ transfer,RM 4.60,36 min
Taman Melati,Maluri (SBK),Taman Melati → Maluri (SBK),4.6,37.0,KJL[Taman Melati > Pasar Seni (KJL)] >> SBK[Pasar Seni (SBK) > Maluri (SBK)],1,1+ transfer,RM 4.60,37 min
Taman Melati,Taman Pertama,Taman Melati → Taman Pertama,5.1,41.0,KJL[Taman Melati > Pasar Seni (KJL)] >> SBK[Pasar Seni (SBK) > Taman Pertama],1,1+ transfer,RM 5.10,41 min
Taman Melati,Taman Midah,Taman Melati → Taman Midah,5.3,43.0,KJL[Taman Melati > Pasar Seni (KJL)] >> SBK[Pasar Seni (SBK) > Taman Midah],1,1+ transfer,RM 5.30,43 min
Taman Melati,Taman Mutiara,Taman Melati → Taman Mutiara,5.6,45.0,KJL[Taman Melati > Pasar Seni (KJL)] >> SBK[Pasar Seni (SBK) > Taman Mutiara],1,1+ transfer,RM 5.60,45 min
Taman Melati,Taman Connaught,Taman Melati → Taman Connaught,5.9,48.0,KJL[Taman Melati > Pasar Seni (KJL)] >> SBK[Pasar Seni (SBK) > Taman Connaught],1,1+ transfer,RM 5.90,48 min
Taman Melati,Taman Suntex,Taman Melati → Taman Suntex,6.4,50.0,KJL[Taman Melati > Pasar Seni (KJL)] >> SBK[Pasar Seni (SBK) > Taman Suntex],1,1+ transfer,RM 6.40,50 min
Taman Melati,Sri Raya,Taman Melati → Sri Raya,6.4,53.0,KJL[Taman Melati > Pasar Seni (KJL)] >> SBK[Pasar Seni (SBK) > Sri Raya],1,1+ transfer,RM 6.40,53 min
Taman Melati,Bandar Tun Hussein Onn,Taman Melati → Bandar Tun Hussein Onn,6.7,55.0,KJL[Taman Melati > Pasar Seni (KJL)] >> SBK[Pasar Seni (SBK) > Bandar Tun Hussein Onn],1,1+ transfer,RM 6.70,55 min
Taman Melati,Batu 11 Cheras,Taman Melati → Batu 11 Cheras,6.8,57.0,KJL[Taman Melati > Pasar Seni (KJL)] >> SBK[Pasar Seni (SBK) > Batu 11 Cheras],1,1+ transfer,RM 6.80,57 min
Taman Melati,Bukit Dukung,Taman Melati → Bukit Dukung,6.7,60.0,KJL[Taman Melati > Pasar Seni (KJL)] >> SBK[Pasar Seni (SBK) > Bukit Dukung],1,1+ transfer,RM 6.70,60 min
Taman Melati,Sungai Jernih,Taman Melati → Sungai Jernih,7.2,64.0,KJL[Taman Melati > Pasar Seni (KJL)] >> SBK[Pasar Seni (SBK) > Sungai Jernih],1,1+ transfer,RM 7.20,64 min
Taman Melati,Stadium Kajang,Taman Melati → Stadium Kajang,7.3,65.0,KJL[Taman Melati > Pasar Seni (KJL)] >> SBK[Pasar Seni (SBK) > Stadium Kajang],1,1+ transfer,RM 7.30,65 min
Taman Melati,Kajang,Taman Melati → Kajang,7.0,68.0,KJL[Taman Melati > Pasar Seni (KJL)] >> SBK[Pasar Seni (SBK) > Kajang],1,1+ transfer,RM 7.00,68 min
Wangsa Maju,Sri Rampai,Wangsa Maju → Sri Rampai,1.8,2.0,KJL[Wangsa Maju > Sri Rampai],0,Direct journey,RM 1.80,2 min
Wangsa Maju,Setiawangsa,Wangsa Maju → Setiawangsa,1.8,8.0,KJL[Wangsa Maju > Setiawangsa],0,Direct journey,RM 1.80,8 min
Wangsa Maju,Jelatek,Wangsa Maju → Jelatek,1.9,10.0,KJL[Wangsa Maju > Jelatek],0,Direct journey,RM 1.90,10 min
Wangsa Maju,Dato' Keramat,Wangsa Maju → Dato' Keramat,2.0,11.0,KJL[Wangsa Maju > Dato' Keramat],0,Direct journey,RM 2.00,11 min
Wangsa Maju,Damai,Wangsa Maju → Damai,2.2,12.0,KJL[Wangsa Maju > Damai],0,Direct journey,RM 2.20,12 min
Wangsa Maju,Ampang Park,Wangsa Maju → Ampang Park,2.5,14.0,KJL[Wangsa Maju > Ampang Park],0,Direct journey,RM 2.50,14 min
Wangsa Maju,KLCC,Wangsa Maju → KLCC,2.7,15.0,KJL[Wangsa Maju > KLCC],0,Direct journey,RM 2.70,15 min
Wangsa Maju,Kampung Baru,Wangsa Maju → Kampung Baru,2.6,17.0,KJL[Wangsa Maju > Kampung Baru],0,Direct journey,RM 2.60,17 min
Wangsa Maju,Dang Wangi,Wangsa Maju → Dang Wangi,2.8,19.0,KJL[Wangsa Maju > Dang Wangi],0,Direct journey,RM 2.80,19 min
Wangsa Maju,Masjid Jamek (KJL),Wangsa Maju → Masjid Jamek (KJL),3.0,21.0,KJL[Wangsa Maju > Masjid Jamek (KJL)],0,Direct journey,RM 3.00,21 min
Wangsa Maju,Pasar Seni (KJL),Wangsa Maju → Pasar Seni (KJL),3.2,22.0,KJL[Wangsa Maju > 1],0,Direct journey,RM 3.20,22 min
Wangsa Maju,KL Sentral (KJL),Wangsa Maju → KL Sentral (KJL),3.1,25.0,KJL[Wangsa Maju > KL Sentral (KJL)],0,Direct journey,RM 3.10,25 min
Wangsa Maju,Bangsar,Wangsa Maju → Bangsar,3.2,27.0,KJL[Wangsa Maju > Bangsar],0,Direct journey,RM 3.20,27 min
Wangsa Maju,Abdullah Hukum,Wangsa Maju → Abdullah Hukum,3.2,30.0,KJL[Wangsa Maju > Abdullah Hukum],0,Direct journey,RM 3.20,30 min
Wangsa Maju,Kerinchi,Wangsa Maju → Kerinchi,3.6,31.0,KJL[Wangsa Maju > Kerinchi],0,Direct journey,RM 3.60,31 min
Wangsa Maju,Universiti,Wangsa Maju → Universiti,3.7,33.0,KJL[Wangsa Maju > Universiti],0,Direct journey,RM 3.70,33 min
Wangsa Maju,Taman Jaya,Wangsa Maju → Taman Jaya,3.4,37.0,KJL[Wangsa Maju > Taman Jaya],0,Direct journey,RM 3.40,37 min
Wangsa Maju,Asia Jaya,Wangsa Maju → Asia Jaya,3.5,39.0,KJL[Wangsa Maju > Asia Jaya],0,Direct journey,RM 3.50,39 min
Wangsa Maju,Taman Paramount,Wangsa Maju → Taman Paramount,3.7,42.0,KJL[Wangsa Maju > Taman Paramount],0,Direct journey,RM 3.70,42 min
Wangsa Maju,Taman Bahagia,Wangsa Maju → Taman Bahagia,3.1,45.0,KJL[Wangsa Maju > Taman Bahagia],0,Direct journey,RM 3.10,45 min
Wangsa Maju,Kelana Jaya,Wangsa Maju → Kelana Jaya,3.2,47.0,KJL[Wangsa Maju > Kelana Jaya],0,Direct journey,RM 3.20,47 min
Wangsa Maju,Lembah Subang,Wangsa Maju → Lembah Subang,3.5,50.0,KJL[Wangsa Maju > Lembah Subang],0,Direct journey,RM 3.50,50 min
Wangsa Maju,Ara Damansara,Wangsa Maju → Ara Damansara,3.6,52.0,KJL[Wangsa Maju > Ara Damansara],0,Direct journey,RM 3.60,52 min
Wangsa Maju,Glenmarie,Wangsa Maju → Glenmarie,3.7,55.0,KJL[Wangsa Maju > Glenmarie],0,Direct journey,RM 3.70,55 min
Wangsa Maju,Subang Jaya,Wangsa Maju → Subang Jaya,3.9,56.0,KJL[Wangsa Maju > Subang Jaya],0,Direct journey,RM 3.90,56 min
Wangsa Maju,SS 15,Wangsa Maju → SS 15,4.0,60.0,KJL[Wangsa Maju > SS 15],0,Direct journey,RM 4.00,60 min
Wangsa Maju,SS 18,Wangsa Maju → SS 18,4.1,62.0,KJL[Wangsa Maju > SS 18],0,Direct journey,RM 4.10,62 min
Wangsa Maju,USJ 7 (KJL),Wangsa Maju → USJ 7 (KJL),4.3,65.0,KJL[Wangsa Maju > USJ 7 (KJL)],0,Direct journey,RM 4.30,65 min
Wangsa Maju,Taipan,Wangsa Maju → Taipan,4.4,66.0,KJL[Wangsa Maju > Taipan],0,Direct journey,RM 4.40,66 min
Wangsa Maju,Wawasan,Wangsa Maju → Wawasan,4.5,69.0,KJL[Wangsa Maju > Wawasan],0,Direct journey,RM 4.50,69 min
Wangsa Maju,USJ 21,Wangsa Maju → USJ 21,4.6,71.0,KJL[Wangsa Maju > USJ 21],0,Direct journey,RM 4.60,71 min
Wangsa Maju,Alam Megah,Wangsa Maju → Alam Megah,4.8,74.0,KJL[Wangsa Maju > Alam Megah],0,Direct journey,RM 4.80,74 min
Wangsa Maju,Subang Alam,Wangsa Maju → Subang Alam,4.9,77.0,KJL[Wangsa Maju > Subang Alam],0,Direct journey,RM 4.90,77 min
Wangsa Maju,Putra Heights (KJL),Wangsa Maju → Putra Heights (KJL),4.9,81.0,KJL[Wangsa Maju > Putra Heights (KJL)],0,Direct journey,RM 4.90,81 min
Wangsa Maju,Sungai Buloh,Wangsa Maju → Sungai Buloh,5.5,59.0,KJL[Wangsa Maju > Pasar Seni (KJL)] >> SBK[Pasar Seni (SBK) > Sungai Buloh],1,1+ transfer,RM 5.50,59 min
Wangsa Maju,Kampung Selamat,Wangsa Maju → Kampung Selamat,6.1,57.0,KJL[Wangsa Maju > Pasar Seni (KJL)] >> SBK[Pasar Seni (SBK) > Kampung Selamat],1,1+ transfer,RM 6.10,57 min
Wangsa Maju,Kwasa Damansara,Wangsa Maju → Kwasa Damansara,5.8,55.0,KJL[Wangsa Maju > Pasar Seni (KJL)] >> SBK[Pasar Seni (SBK) > Kwasa Damansara],1,1+ transfer,RM 5.80,55 min
Wangsa Maju,Kwasa Sentral,Wangsa Maju → Kwasa Sentral,5.7,52.0,KJL[Wangsa Maju > Pasar Seni (KJL)] >> SBK[Pasar Seni (SBK) > Kwasa Sentral],1,1+ transfer,RM 5.70,52 min
Wangsa Maju,Kota Damansara,Wangsa Maju → Kota Damansara,5.8,49.0,KJL[Wangsa Maju > Pasar Seni (KJL)] >> SBK[Pasar Seni (SBK) > Kota Damansara],1,1+ transfer,RM 5.80,49 min
Wangsa Maju,Surian,Wangsa Maju → Surian,5.6,46.0,KJL[Wangsa Maju > Pasar Seni (KJL)] >> SBK[Pasar Seni (SBK) > Surian],1,1+ transfer,RM 5.60,46 min
Wangsa Maju,Mutiara Damansara,Wangsa Maju → Mutiara Damansara,5.7,43.0,KJL[Wangsa Maju > Pasar Seni (KJL)] >> SBK[Pasar Seni (SBK) > Mutiara Damansara],1,1+ transfer,RM 5.70,43 min
Wangsa Maju,Bandar Utama,Wangsa Maju → Bandar Utama,5.4,41.0,KJL[Wangsa Maju > Pasar Seni (KJL)] >> SBK[Pasar Seni (SBK) > Bandar Utama],1,1+ transfer,RM 5.40,41 min
Wangsa Maju,TTDI,Wangsa Maju → TTDI,5.1,38.0,KJL[Wangsa Maju > Pasar Seni (KJL)] >> SBK[Pasar Seni (SBK) > TTDI],1,1+ transfer,RM 5.10,38 min
Wangsa Maju,Phileo Damansara,Wangsa Maju → Phileo Damansara,5.1,35.0,KJL[Wangsa Maju > Pasar Seni (KJL)] >> SBK[Pasar Seni (SBK) > Phileo Damansara],1,1+ transfer,RM 5.10,35 min
Wangsa Maju,Pusat Bandar Damansara,Wangsa Maju → Pusat Bandar Damansara,4.2,31.0,KJL[Wangsa Maju > Pasar Seni (KJL)] >> SBK[Pasar Seni (SBK) > Pusat Bandar Damansara],1,1+ transfer,RM 4.20,31 min
Wangsa Maju,Semantan,Wangsa Maju → Semantan,4.2,29.0,KJL[Wangsa Maju > Pasar Seni (KJL)] >> SBK[Pasar Seni (SBK) > Semantan],1,1+ transfer,RM 4.20,29 min
Wangsa Maju,Muzium Negara,Wangsa Maju → Muzium Negara,3.6,25.0,KJL[Wangsa Maju > Pasar Seni (KJL)] >> SBK[Pasar Seni (SBK) > Muzium Negara],1,1+ transfer,RM 3.60,25 min
Wangsa Maju,Pasar Seni (SBK),Wangsa Maju → Pasar Seni (SBK),3.2,23.0,KJL[Wangsa Maju > Pasar Seni (KJL)] >> SBK[Pasar Seni (SBK) > Pasar Seni (SBK)],1,1+ transfer,RM 3.20,23 min
Wangsa Maju,Merdeka,Wangsa Maju → Merdeka,3.3,24.0,KJL[Wangsa Maju > Pasar Seni (KJL)] >> SBK[Pasar Seni (SBK) > Merdeka],1,1+ transfer,RM 3.30,24 min
Wangsa Maju,Bukit Bintang,Wangsa Maju → Bukit Bintang,3.6,27.0,KJL[Wangsa Maju > Pasar Seni (KJL)] >> SBK[Pasar Seni (SBK) > Bukit Bintang],1,1+ transfer,RM 3.60,27 min
Wangsa Maju,Tun Razak Exchange (TRX),Wangsa Maju → Tun Razak Exchange (TRX),3.9,29.0,KJL[Wangsa Maju > Pasar Seni (KJL)] >> SBK[Pasar Seni (SBK) > Tun Razak Exchange (TRX)],1,1+ transfer,RM 3.90,29 min
Wangsa Maju,Cochrane,Wangsa Maju → Cochrane,4.2,32.0,KJL[Wangsa Maju > Pasar Seni (KJL)] >> SBK[Pasar Seni (SBK) > Cochrane],1,1+ transfer,RM 4.20,32 min
Wangsa Maju,Maluri (SBK),Wangsa Maju → Maluri (SBK),4.2,33.0,KJL[Wangsa Maju > Pasar Seni (KJL)] >> SBK[Pasar Seni (SBK) > Maluri (SBK)],1,1+ transfer,RM 4.20,33 min
Wangsa Maju,Taman Pertama,Wangsa Maju → Taman Pertama,4.7,37.0,KJL[Wangsa Maju > Pasar Seni (KJL)] >> SBK[Pasar Seni (SBK) > Taman Pertama],1,1+ transfer,RM 4.70,37 min
Wangsa Maju,Taman Midah,Wangsa Maju → Taman Midah,4.9,39.0,KJL[Wangsa Maju > Pasar Seni (KJL)] >> SBK[Pasar Seni (SBK) > Taman Midah],1,1+ transfer,RM 4.90,39 min
Wangsa Maju,Taman Mutiara,Wangsa Maju → Taman Mutiara,5.2,41.0,KJL[Wangsa Maju > Pasar Seni (KJL)] >> SBK[Pasar Seni (SBK) > Taman Mutiara],1,1+ transfer,RM 5.20,41 min
Wangsa Maju,Taman Connaught,Wangsa Maju → Taman Connaught,5.6,44.0,KJL[Wangsa Maju > Pasar Seni (KJL)] >> SBK[Pasar Seni (SBK) > Taman Connaught],1,1+ transfer,RM 5.60,44 min
Wangsa Maju,Taman Suntex,Wangsa Maju → Taman Suntex,6.1,46.0,KJL[Wangsa Maju > Pasar Seni (KJL)] >> SBK[Pasar Seni (SBK) > Taman Suntex],1,1+ transfer,RM 6.10,46 min
Wangsa Maju,Sri Raya,Wangsa Maju → Sri Raya,6.0,49.0,KJL[Wangsa Maju > Pasar Seni (KJL)] >> SBK[Pasar Seni (SBK) > Sri Raya],1,1+ transfer,RM 6.00,49 min
Wangsa Maju,Bandar Tun Hussein Onn,Wangsa Maju → Bandar Tun Hussein Onn,6.3,51.0,KJL[Wangsa Maju > Pasar Seni (KJL)] >> SBK[Pasar Seni (SBK) > Bandar Tun Hussein Onn],1,1+ transfer,RM 6.30,51 min
Wangsa Maju,Batu 11 Cheras,Wangsa Maju → Batu 11 Cheras,6.5,53.0,KJL[Wangsa Maju > Pasar Seni (KJL)] >> SBK[Pasar Seni (SBK) > Batu 11 Cheras],1,1+ transfer,RM 6.50,53 min
Wangsa Maju,Bukit Dukung,Wangsa Maju → Bukit Dukung,6.4,56.0,KJL[Wangsa Maju > Pasar Seni (KJL)] >> SBK[Pasar Seni (SBK) > Bukit Dukung],1,1+ transfer,RM 6.40,56 min
Wangsa Maju,Sungai Jernih,Wangsa Maju → Sungai Jernih,6.9,60.0,KJL[Wangsa Maju > Pasar Seni (KJL)] >> SBK[Pasar Seni (SBK) > Sungai Jernih],1,1+ transfer,RM 6.90,60 min
Wangsa Maju,Stadium Kajang,Wangsa Maju → Stadium Kajang,7.0,61.0,KJL[Wangsa Maju > Pasar Seni (KJL)] >> SBK[Pasar Seni (SBK) > Stadium Kajang],1,1+ transfer,RM 7.00,61 min
Wangsa Maju,Kajang,Wangsa Maju → Kajang,6.6,64.0,KJL[Wangsa Maju > Pasar Seni (KJL)] >> SBK[Pasar Seni (SBK) > Kajang],1,1+ transfer,RM 6.60,64 min
Sri Rampai,Setiawangsa,Sri Rampai → Setiawangsa,1.5,6.0,KJL[Sri Rampai > Setiawangsa],0,Direct journey,RM 1.50,6 min
Sri Rampai,Jelatek,Sri Rampai → Jelatek,1.8,8.0,KJL[Sri Rampai > Jelatek],0,Direct journey,RM 1.80,8 min
Sri Rampai,Dato' Keramat,Sri Rampai → Dato' Keramat,1.8,9.0,KJL[Sri Rampai > Dato' Keramat],0,Direct journey,RM 1.80,9 min
Sri Rampai,Damai,Sri Rampai → Damai,2.0,10.0,KJL[Sri Rampai > Damai],0,Direct journey,RM 2.00,10 min
Sri Rampai,Ampang Park,Sri Rampai → Ampang Park,2.2,12.0,KJL[Sri Rampai > Ampang Park],0,Direct journey,RM 2.20,12 min
Sri Rampai,KLCC,Sri Rampai → KLCC,2.4,13.0,KJL[Sri Rampai > KLCC],0,Direct journey,RM 2.40,13 min
Sri Rampai,Kampung Baru,Sri Rampai → Kampung Baru,2.6,15.0,KJL[Sri Rampai > Kampung Baru],0,Direct journey,RM 2.60,15 min
Sri Rampai,Dang Wangi,Sri Rampai → Dang Wangi,2.6,17.0,KJL[Sri Rampai > Dang Wangi],0,Direct journey,RM 2.60,17 min
Sri Rampai,Masjid Jamek (KJL),Sri Rampai → Masjid Jamek (KJL),2.8,19.0,KJL[Sri Rampai > Masjid Jamek (KJL)],0,Direct journey,RM 2.80,19 min
Sri Rampai,Pasar Seni (KJL),Sri Rampai → Pasar Seni (KJL),3.0,20.0,KJL[Sri Rampai > Pasar Seni (KJL)],0,Direct journey,RM 3.00,20 min
Sri Rampai,KL Sentral (KJL),Sri Rampai → KL Sentral (KJL),3.3,23.0,KJL[Sri Rampai > KL Sentral (KJL)],0,Direct journey,RM 3.30,23 min
Sri Rampai,Bangsar,Sri Rampai → Bangsar,3.1,25.0,KJL[Sri Rampai > Bangsar],0,Direct journey,RM 3.10,25 min
Sri Rampai,Abdullah Hukum,Sri Rampai → Abdullah Hukum,3.3,28.0,KJL[Sri Rampai > Abdullah Hukum],0,Direct journey,RM 3.30,28 min
Sri Rampai,Kerinchi,Sri Rampai → Kerinchi,3.4,29.0,KJL[Sri Rampai > Kerinchi],0,Direct journey,RM 3.40,29 min
Sri Rampai,Universiti,Sri Rampai → Universiti,3.5,31.0,KJL[Sri Rampai > Universiti],0,Direct journey,RM 3.50,31 min
Sri Rampai,Taman Jaya,Sri Rampai → Taman Jaya,3.3,35.0,KJL[Sri Rampai > Taman Jaya],0,Direct journey,RM 3.30,35 min
Sri Rampai,Asia Jaya,Sri Rampai → Asia Jaya,3.4,37.0,KJL[Sri Rampai > Asia Jaya],0,Direct journey,RM 3.40,37 min
Sri Rampai,Taman Paramount,Sri Rampai → Taman Paramount,3.6,40.0,KJL[Sri Rampai > Taman Paramount],0,Direct journey,RM 3.60,40 min
Sri Rampai,Taman Bahagia,Sri Rampai → Taman Bahagia,3.7,43.0,KJL[Sri Rampai > Taman Bahagia],0,Direct journey,RM 3.70,43 min
Sri Rampai,Kelana Jaya,Sri Rampai → Kelana Jaya,3.1,45.0,KJL[Sri Rampai > Kelana Jaya],0,Direct journey,RM 3.10,45 min
Sri Rampai,Lembah Subang,Sri Rampai → Lembah Subang,3.3,48.0,KJL[Sri Rampai > Lembah Subang],0,Direct journey,RM 3.30,48 min
Sri Rampai,Ara Damansara,Sri Rampai → Ara Damansara,3.3,50.0,KJL[Sri Rampai > Ara Damansara],0,Direct journey,RM 3.30,50 min
Sri Rampai,Glenmarie,Sri Rampai → Glenmarie,3.5,53.0,KJL[Sri Rampai > Glenmarie],0,Direct journey,RM 3.50,53 min
Sri Rampai,Subang Jaya,Sri Rampai → Subang Jaya,3.6,54.0,KJL[Sri Rampai > Subang Jaya],0,Direct journey,RM 3.60,54 min
Sri Rampai,SS 15,Sri Rampai → SS 15,3.8,58.0,KJL[Sri Rampai > SS 15],0,Direct journey,RM 3.80,58 min
Sri Rampai,SS 18,Sri Rampai → SS 18,3.8,60.0,KJL[Sri Rampai > SS 18],0,Direct journey,RM 3.80,60 min
Sri Rampai,USJ 7 (KJL),Sri Rampai → USJ 7 (KJL),4.0,63.0,KJL[Sri Rampai > USJ 7 (KJL)],0,Direct journey,RM 4.00,63 min
Sri Rampai,Taipan,Sri Rampai → Taipan,4.1,64.0,KJL[Sri Rampai > Taipan],0,Direct journey,RM 4.10,64 min
Sri Rampai,Wawasan,Sri Rampai → Wawasan,4.2,67.0,KJL[Sri Rampai > Wawasan],0,Direct journey,RM 4.20,67 min
Sri Rampai,USJ 21,Sri Rampai → USJ 21,4.3,69.0,KJL[Sri Rampai > USJ 21],0,Direct journey,RM 4.30,69 min
Sri Rampai,Alam Megah,Sri Rampai → Alam Megah,4.5,72.0,KJL[Sri Rampai > Alam Megah],0,Direct journey,RM 4.50,72 min
Sri Rampai,Subang Alam,Sri Rampai → Subang Alam,4.6,75.0,KJL[Sri Rampai > Subang Alam],0,Direct journey,RM 4.60,75 min
Sri Rampai,Putra Heights (KJL),Sri Rampai → Putra Heights (KJL),4.8,79.0,KJL[Sri Rampai > Putra Heights (KJL)],0,Direct journey,RM 4.80,79 min
Sri Rampai,Sungai Buloh,Sri Rampai → Sungai Buloh,5.3,57.0,KJL[Sri Rampai > Pasar Seni (KJL)] >> SBK[Pasar Seni (SBK) > Sungai Buloh],1,1+ transfer,RM 5.30,57 min
Sri Rampai,Kampung Selamat,Sri Rampai → Kampung Selamat,5.9,55.0,KJL[Sri Rampai > Pasar Seni (KJL)] >> SBK[Pasar Seni (SBK) > Kampung Selamat],1,1+ transfer,RM 5.90,55 min
Sri Rampai,Kwasa Damansara,Sri Rampai → Kwasa Damansara,5.6,53.0,KJL[Sri Rampai > Pasar Seni (KJL)] >> SBK[Pasar Seni (SBK) > Kwasa Damansara],1,1+ transfer,RM 5.60,53 min
Sri Rampai,Kwasa Sentral,Sri Rampai → Kwasa Sentral,5.5,50.0,KJL[Sri Rampai > Pasar Seni (KJL)] >> SBK[Pasar Seni (SBK) > Kwasa Sentral],1,1+ transfer,RM 5.50,50 min
Sri Rampai,Kota Damansara,Sri Rampai → Kota Damansara,5.6,47.0,KJL[Sri Rampai > Pasar Seni (KJL)] >> SBK[Pasar Seni (SBK) > Kota Damansara],1,1+ transfer,RM 5.60,47 min
Sri Rampai,Surian,Sri Rampai → Surian,5.4,44.0,KJL[Sri Rampai > Pasar Seni (KJL)] >> SBK[Pasar Seni (SBK) > Surian],1,1+ transfer,RM 5.40,44 min
Sri Rampai,Mutiara Damansara,Sri Rampai → Mutiara Damansara,5.5,41.0,KJL[Sri Rampai > Pasar Seni (KJL)] >> SBK[Pasar Seni (SBK) > Mutiara Damansara],1,1+ transfer,RM 5.50,41 min
Sri Rampai,Bandar Utama,Sri Rampai → Bandar Utama,5.2,39.0,KJL[Sri Rampai > Pasar Seni (KJL)] >> SBK[Pasar Seni (SBK) > Bandar Utama],1,1+ transfer,RM 5.20,39 min
Sri Rampai,TTDI,Sri Rampai → TTDI,4.9,36.0,KJL[Sri Rampai > Pasar Seni (KJL)] >> SBK[Pasar Seni (SBK) > TTDI],1,1+ transfer,RM 4.90,36 min
Sri Rampai,Phileo Damansara,Sri Rampai → Phileo Damansara,4.9,33.0,KJL[Sri Rampai > Pasar Seni (KJL)] >> SBK[Pasar Seni (SBK) > Phileo Damansara],1,1+ transfer,RM 4.90,33 min
Sri Rampai,Pusat Bandar Damansara,Sri Rampai → Pusat Bandar Damansara,4.0,29.0,KJL[Sri Rampai > Pasar Seni (KJL)] >> SBK[Pasar Seni (SBK) > Pusat Bandar Damansara],1,1+ transfer,RM 4.00,29 min
Sri Rampai,Semantan,Sri Rampai → Semantan,4.0,27.0,KJL[Sri Rampai > Pasar Seni (KJL)] >> SBK[Pasar Seni (SBK) > Semantan],1,1+ transfer,RM 4.00,27 min
Sri Rampai,Muzium Negara,Sri Rampai → Muzium Negara,3.4,23.0,KJL[Sri Rampai > Pasar Seni (KJL)] >> SBK[Pasar Seni (SBK) > Muzium Negara],1,1+ transfer,RM 3.40,23 min
Sri Rampai,Pasar Seni (SBK),Sri Rampai → Pasar Seni (SBK),3.0,21.0,KJL[Sri Rampai > Pasar Seni (KJL)] >> SBK[Pasar Seni (SBK) > Pasar Seni (SBK)],1,1+ transfer,RM 3.00,21 min
Sri Rampai,Merdeka,Sri Rampai → Merdeka,3.1,22.0,KJL[Sri Rampai > Pasar Seni (KJL)] >> SBK[Pasar Seni (SBK) > Merdeka],1,1+ transfer,RM 3.10,22 min
Sri Rampai,Bukit Bintang,Sri Rampai → Bukit Bintang,3.4,25.0,KJL[Sri Rampai > Pasar Seni (KJL)] >> SBK[Pasar Seni (SBK) > Bukit Bintang],1,1+ transfer,RM 3.40,25 min
Sri Rampai,Tun Razak Exchange (TRX),Sri Rampai → Tun Razak Exchange (TRX),3.7,27.0,KJL[Sri Rampai > Pasar Seni (KJL)] >> SBK[Pasar Seni (SBK) > Tun Razak Exchange (TRX)],1,1+ transfer,RM 3.70,27 min
Sri Rampai,Cochrane,Sri Rampai → Cochrane,4.0,30.0,KJL[Sri Rampai > Pasar Seni (KJL)] >> SBK[Pasar Seni (SBK) > Cochrane],1,1+ transfer,RM 4.00,30 min
Sri Rampai,Maluri (SBK),Sri Rampai → Maluri (SBK),4.0,31.0,KJL[Sri Rampai > Pasar Seni (KJL)] >> SBK[Pasar Seni (SBK) > Maluri (SBK)],1,1+ transfer,RM 4.00,31 min
Sri Rampai,Taman Pertama,Sri Rampai → Taman Pertama,4.5,35.0,KJL[Sri Rampai > Pasar Seni (KJL)] >> SBK[Pasar Seni (SBK) > Taman Pertama],1,1+ transfer,RM 4.50,35 min
Sri Rampai,Taman Midah,Sri Rampai → Taman Midah,4.7,37.0,KJL[Sri Rampai > Pasar Seni (KJL)] >> SBK[Pasar Seni (SBK) > Taman Midah],1,1+ transfer,RM 4.70,37 min
Sri Rampai,Taman Mutiara,Sri Rampai → Taman Mutiara,5.0,39.0,KJL[Sri Rampai > Pasar Seni (KJL)] >> SBK[Pasar Seni (SBK) > Taman Mutiara],1,1+ transfer,RM 5.00,39 min
Sri Rampai,Taman Connaught,Sri Rampai → Taman Connaught,5.4,42.0,KJL[Sri Rampai > Pasar Seni (KJL)] >> SBK[Pasar Seni (SBK) > Taman Connaught],1,1+ transfer,RM 5.40,42 min
Sri Rampai,Taman Suntex,Sri Rampai → Taman Suntex,5.9,44.0,KJL[Sri Rampai > Pasar Seni (KJL)] >> SBK[Pasar Seni (SBK) > Taman Suntex],1,1+ transfer,RM 5.90,44 min
Sri Rampai,Sri Raya,Sri Rampai → Sri Raya,5.8,47.0,KJL[Sri Rampai > Pasar Seni (KJL)] >> SBK[Pasar Seni (SBK) > Sri Raya],1,1+ transfer,RM 5.80,47 min
Sri Rampai,Bandar Tun Hussein Onn,Sri Rampai → Bandar Tun Hussein Onn,6.1,49.0,KJL[Sri Rampai > Pasar Seni (KJL)] >> SBK[Pasar Seni (SBK) > Bandar Tun Hussein Onn],1,1+ transfer,RM 6.10,49 min
Sri Rampai,Batu 11 Cheras,Sri Rampai → Batu 11 Cheras,6.2,51.0,KJL[Sri Rampai > Pasar Seni (KJL)] >> SBK[Pasar Seni (SBK) > Batu 11 Cheras],1,1+ transfer,RM 6.20,51 min
Sri Rampai,Bukit Dukung,Sri Rampai → Bukit Dukung,6.1,54.0,KJL[Sri Rampai > Pasar Seni (KJL)] >> SBK[Pasar Seni (SBK) > Bukit Dukung],1,1+ transfer,RM 6.10,54 min
Sri Rampai,Sungai Jernih,Sri Rampai → Sungai Jernih,6.6,58.0,KJL[Sri Rampai > Pasar Seni (KJL)] >> SBK[Pasar Seni (SBK) > Sungai Jernih],1,1+ transfer,RM 6.60,58 min
Sri Rampai,Stadium Kajang,Sri Rampai → Stadium Kajang,6.8,59.0,KJL[Sri Rampai > Pasar Seni (KJL)] >> SBK[Pasar Seni (SBK) > Stadium Kajang],1,1+ transfer,RM 6.80,59 min
Sri Rampai,Kajang,Sri Rampai → Kajang,6.4,62.0,KJL[Sri Rampai > Pasar Seni (KJL)] >> SBK[Pasar Seni (SBK) > Kajang],1,1+ transfer,RM 6.40,62 min
Setiawangsa,Jelatek,Setiawangsa → Jelatek,1.1,2.0,KJL[Setiawangsa > Jelatek],0,Direct journey,RM 1.10,2 min
Setiawangsa,Dato' Keramat,Setiawangsa → Dato' Keramat,1.2,3.0,KJL[Setiawangsa > Dato' Keramat],0,Direct journey,RM 1.20,3 min
Setiawangsa,Damai,Setiawangsa → Damai,1.4,4.0,KJL[Setiawangsa > Damai],0,Direct journey,RM 1.40,4 min
Setiawangsa,Ampang Park,Setiawangsa → Ampang Park,1.7,6.0,KJL[Setiawangsa > Ampang Park],0,Direct journey,RM 1.70,6 min
Setiawangsa,KLCC,Setiawangsa → KLCC,1.8,7.0,KJL[Setiawangsa > KLCC],0,Direct journey,RM 1.80,7 min
Setiawangsa,Kampung Baru,Setiawangsa → Kampung Baru,2.1,9.0,KJL[Setiawangsa > Kampung Baru],0,Direct journey,RM 2.10,9 min
Setiawangsa,Dang Wangi,Setiawangsa → Dang Wangi,2.3,11.0,KJL[Setiawangsa > Dang Wangi],0,Direct journey,RM 2.30,11 min
Setiawangsa,Masjid Jamek (KJL),Setiawangsa → Masjid Jamek (KJL),2.6,13.0,KJL[Setiawangsa > Masjid Jamek (KJL)],0,Direct journey,RM 2.60,13 min
Setiawangsa,Pasar Seni (KJL),Setiawangsa → Pasar Seni (KJL),2.8,14.0,KJL[Setiawangsa > Pasar Seni (KJL)],0,Direct journey,RM 2.80,14 min
Setiawangsa,KL Sentral (KJL),Setiawangsa → KL Sentral (KJL),2.8,17.0,KJL[Setiawangsa > KL Sentral (KJL)],0,Direct journey,RM 2.80,17 min
Setiawangsa,Bangsar,Setiawangsa → Bangsar,3.0,19.0,KJL[Setiawangsa > Bangsar],0,Direct journey,RM 3.00,19 min
Setiawangsa,Abdullah Hukum,Setiawangsa → Abdullah Hukum,3.2,22.0,KJL[Setiawangsa > Abdullah Hukum],0,Direct journey,RM 3.20,22 min
Setiawangsa,Kerinchi,Setiawangsa → Kerinchi,3.4,23.0,KJL[Setiawangsa > Kerinchi],0,Direct journey,RM 3.40,23 min
Setiawangsa,Universiti,Setiawangsa → Universiti,3.1,25.0,KJL[Setiawangsa > Universiti],0,Direct journey,RM 3.10,25 min
Setiawangsa,Taman Jaya,Setiawangsa → Taman Jaya,3.5,29.0,KJL[Setiawangsa > Taman Jaya],0,Direct journey,RM 3.50,29 min
Setiawangsa,Asia Jaya,Setiawangsa → Asia Jaya,3.6,31.0,KJL[Setiawangsa > Asia Jaya],0,Direct journey,RM 3.60,31 min
Setiawangsa,Taman Paramount,Setiawangsa → Taman Paramount,3.3,34.0,KJL[Setiawangsa > Taman Paramount],0,Direct journey,RM 3.30,34 min
Setiawangsa,Taman Bahagia,Setiawangsa → Taman Bahagia,3.4,37.0,KJL[Setiawangsa > Taman Bahagia],0,Direct journey,RM 3.40,37 min
Setiawangsa,Kelana Jaya,Setiawangsa → Kelana Jaya,3.5,39.0,KJL[Setiawangsa > Kelana Jaya],0,Direct journey,RM 3.50,39 min
Setiawangsa,Lembah Subang,Setiawangsa → Lembah Subang,3.7,42.0,KJL[Setiawangsa > Lembah Subang],0,Direct journey,RM 3.70,42 min
Setiawangsa,Ara Damansara,Setiawangsa → Ara Damansara,3.8,44.0,KJL[Setiawangsa > Ara Damansara],0,Direct journey,RM 3.80,44 min
Setiawangsa,Glenmarie,Setiawangsa → Glenmarie,3.2,47.0,KJL[Setiawangsa > Glenmarie],0,Direct journey,RM 3.20,47 min
Setiawangsa,Subang Jaya,Setiawangsa → Subang Jaya,3.4,48.0,KJL[Setiawangsa > Subang Jaya],0,Direct journey,RM 3.40,48 min
Setiawangsa,SS 15,Setiawangsa → SS 15,3.5,52.0,KJL[Setiawangsa > SS 15],0,Direct journey,RM 3.50,52 min
Setiawangsa,SS 18,Setiawangsa → SS 18,3.6,54.0,KJL[Setiawangsa > SS 18],0,Direct journey,RM 3.60,54 min
Setiawangsa,USJ 7 (KJL),Setiawangsa → USJ 7 (KJL),3.8,57.0,KJL[Setiawangsa > USJ 7 (KJL)],0,Direct journey,RM 3.80,57 min
Setiawangsa,Taipan,Setiawangsa → Taipan,3.9,58.0,KJL[Setiawangsa > Taipan],0,Direct journey,RM 3.90,58 min
Setiawangsa,Wawasan,Setiawangsa → Wawasan,4.0,61.0,KJL[Setiawangsa > Wawasan],0,Direct journey,RM 4.00,61 min
Setiawangsa,USJ 21,Setiawangsa → USJ 21,4.1,63.0,KJL[Setiawangsa > USJ 21],0,Direct journey,RM 4.10,63 min
Setiawangsa,Alam Megah,Setiawangsa → Alam Megah,4.3,66.0,KJL[Setiawangsa > Alam Megah],0,Direct journey,RM 4.30,66 min
Setiawangsa,Subang Alam,Setiawangsa → Subang Alam,4.4,69.0,KJL[Setiawangsa > Subang Alam],0,Direct journey,RM 4.40,69 min
Setiawangsa,Putra Heights (KJL),Setiawangsa → Putra Heights (KJL),4.5,73.0,KJL[Setiawangsa > Putra Heights (KJL)],0,Direct journey,RM 4.50,73 min
Setiawangsa,Sungai Buloh,Setiawangsa → Sungai Buloh,5.2,51.0,KJL[Setiawangsa > Pasar Seni (KJL)] >> SBK[Pasar Seni (SBK) > Sungai Buloh],1,1+ transfer,RM 5.20,51 min
Setiawangsa,Kampung Selamat,Setiawangsa → Kampung Selamat,5.8,49.0,KJL[Setiawangsa > Pasar Seni (KJL)] >> SBK[Pasar Seni (SBK) > Kampung Selamat],1,1+ transfer,RM 5.80,49 min
Setiawangsa,Kwasa Damansara,Setiawangsa → Kwasa Damansara,5.5,47.0,KJL[Setiawangsa > Pasar Seni (KJL)] >> SBK[Pasar Seni (SBK) > Kwasa Damansara],1,1+ transfer,RM 5.50,47 min
Setiawangsa,Kwasa Sentral,Setiawangsa → Kwasa Sentral,5.3,44.0,KJL[Setiawangsa > Pasar Seni (KJL)] >> SBK[Pasar Seni (SBK) > Kwasa Sentral],1,1+ transfer,RM 5.30,44 min
Setiawangsa,Kota Damansara,Setiawangsa → Kota Damansara,5.5,41.0,KJL[Setiawangsa > Pasar Seni (KJL)] >> SBK[Pasar Seni (SBK) > Kota Damansara],1,1+ transfer,RM 5.50,41 min
Setiawangsa,Surian,Setiawangsa → Surian,5.2,38.0,KJL[Setiawangsa > Pasar Seni (KJL)] >> SBK[Pasar Seni (SBK) > Surian],1,1+ transfer,RM 5.20,38 min
Setiawangsa,Mutiara Damansara,Setiawangsa → Mutiara Damansara,5.3,35.0,KJL[Setiawangsa > Pasar Seni (KJL)] >> SBK[Pasar Seni (SBK) > Mutiara Damansara],1,1+ transfer,RM 5.30,35 min
Setiawangsa,Bandar Utama,Setiawangsa → Bandar Utama,5.1,33.0,KJL[Setiawangsa > Pasar Seni (KJL)] >> SBK[Pasar Seni (SBK) > Bandar Utama],1,1+ transfer,RM 5.10,33 min
Setiawangsa,TTDI,Setiawangsa → TTDI,4.7,30.0,KJL[Setiawangsa > Pasar Seni (KJL)] >> SBK[Pasar Seni (SBK) > TTDI],1,1+ transfer,RM 4.70,30 min
Setiawangsa,Phileo Damansara,Setiawangsa → Phileo Damansara,4.8,27.0,KJL[Setiawangsa > Pasar Seni (KJL)] >> SBK[Pasar Seni (SBK) > Phileo Damansara],1,1+ transfer,RM 4.80,27 min
Setiawangsa,Pusat Bandar Damansara,Setiawangsa → Pusat Bandar Damansara,3.9,23.0,KJL[Setiawangsa > Pasar Seni (KJL)] >> SBK[Pasar Seni (SBK) > Pusat Bandar Damansara],1,1+ transfer,RM 3.90,23 min
Setiawangsa,Semantan,Setiawangsa → Semantan,3.9,21.0,KJL[Setiawangsa > Pasar Seni (KJL)] >> SBK[Pasar Seni (SBK) > Semantan],1,1+ transfer,RM 3.90,21 min
Setiawangsa,Muzium Negara,Setiawangsa → Muzium Negara,3.2,17.0,KJL[Setiawangsa > Pasar Seni (KJL)] >> SBK[Pasar Seni (SBK) > Muzium Negara],1,1+ transfer,RM 3.20,17 min
Setiawangsa,Pasar Seni (SBK),Setiawangsa → Pasar Seni (SBK),2.8,15.0,KJL[Setiawangsa > Pasar Seni (KJL)] >> SBK[Pasar Seni (SBK) > Pasar Seni (SBK)],1,1+ transfer,RM 2.80,15 min
Setiawangsa,Merdeka,Setiawangsa → Merdeka,2.8,16.0,KJL[Setiawangsa > Pasar Seni (KJL)] >> SBK[Pasar Seni (SBK) > Merdeka],1,1+ transfer,RM 2.80,16 min
Setiawangsa,Bukit Bintang,Setiawangsa → Bukit Bintang,3.2,19.0,KJL[Setiawangsa > Pasar Seni (KJL)] >> SBK[Pasar Seni (SBK) > Bukit Bintang],1,1+ transfer,RM 3.20,19 min
Setiawangsa,Tun Razak Exchange (TRX),Setiawangsa → Tun Razak Exchange (TRX),3.6,21.0,KJL[Setiawangsa > Pasar Seni (KJL)] >> SBK[Pasar Seni (SBK) > Tun Razak Exchange (TRX)],1,1+ transfer,RM 3.60,21 min
Setiawangsa,Cochrane,Setiawangsa → Cochrane,3.9,24.0,KJL[Setiawangsa > Pasar Seni (KJL)] >> SBK[Pasar Seni (SBK) > Cochrane],1,1+ transfer,RM 3.90,24 min
Setiawangsa,Maluri (SBK),Setiawangsa → Maluri (SBK),3.9,25.0,KJL[Setiawangsa > Pasar Seni (KJL)] >> SBK[Pasar Seni (SBK) > Maluri (SBK)],1,1+ transfer,RM 3.90,25 min
Setiawangsa,Taman Pertama,Setiawangsa → Taman Pertama,4.3,29.0,KJL[Setiawangsa > Pasar Seni (KJL)] >> SBK[Pasar Seni (SBK) > Taman Pertama],1,1+ transfer,RM 4.30,29 min
Setiawangsa,Taman Midah,Setiawangsa → Taman Midah,4.6,31.0,KJL[Setiawangsa > Pasar Seni (KJL)] >> SBK[Pasar Seni (SBK) > Taman Midah],1,1+ transfer,RM 4.60,31 min
Setiawangsa,Taman Mutiara,Setiawangsa → Taman Mutiara,4.8,33.0,KJL[Setiawangsa > Pasar Seni (KJL)] >> SBK[Pasar Seni (SBK) > Taman Mutiara],1,1+ transfer,RM 4.80,33 min
Setiawangsa,Taman Connaught,Setiawangsa → Taman Connaught,5.2,36.0,KJL[Setiawangsa > Pasar Seni (KJL)] >> SBK[Pasar Seni (SBK) > Taman Connaught],1,1+ transfer,RM 5.20,36 min
Setiawangsa,Taman Suntex,Setiawangsa → Taman Suntex,5.7,38.0,KJL[Setiawangsa > Pasar Seni (KJL)] >> SBK[Pasar Seni (SBK) > Taman Suntex],1,1+ transfer,RM 5.70,38 min
Setiawangsa,Sri Raya,Setiawangsa → Sri Raya,5.6,41.0,KJL[Setiawangsa > Pasar Seni (KJL)] >> SBK[Pasar Seni (SBK) > Sri Raya],1,1+ transfer,RM 5.60,41 min
Setiawangsa,Bandar Tun Hussein Onn,Setiawangsa → Bandar Tun Hussein Onn,5.9,43.0,KJL[Setiawangsa > Pasar Seni (KJL)] >> SBK[Pasar Seni (SBK) > Bandar Tun Hussein Onn],1,1+ transfer,RM 5.90,43 min
Setiawangsa,Batu 11 Cheras,Setiawangsa → Batu 11 Cheras,6.1,45.0,KJL[Setiawangsa > Pasar Seni (KJL)] >> SBK[Pasar Seni (SBK) > Batu 11 Cheras],1,1+ transfer,RM 6.10,45 min
Setiawangsa,Bukit Dukung,Setiawangsa → Bukit Dukung,6.0,48.0,KJL[Setiawangsa > Pasar Seni (KJL)] >> SBK[Pasar Seni (SBK) > Bukit Dukung],1,1+ transfer,RM 6.00,48 min
Setiawangsa,Sungai Jernih,Setiawangsa → Sungai Jernih,6.5,52.0,KJL[Setiawangsa > Pasar Seni (KJL)] >> SBK[Pasar Seni (SBK) > Sungai Jernih],1,1+ transfer,RM 6.50,52 min
Setiawangsa,Stadium Kajang,Setiawangsa → Stadium Kajang,6.6,53.0,KJL[Setiawangsa > Pasar Seni (KJL)] >> SBK[Pasar Seni (SBK) > Stadium Kajang],1,1+ transfer,RM 6.60,53 min
Setiawangsa,Kajang,Setiawangsa → Kajang,6.2,56.0,KJL[Setiawangsa > Pasar Seni (KJL)] >> SBK[Pasar Seni (SBK) > Kajang],1,1+ transfer,RM 6.20,56 min
Jelatek,Dato' Keramat,Jelatek → Dato' Keramat,1.0,1.0,KJL[Jelatek > Dato' Keramat],0,Direct journey,RM 1.00,1 min
Jelatek,Damai,Jelatek → Damai,1.2,2.0,KJL[Jelatek > Damai],0,Direct journey,RM 1.20,2 min
Jelatek,Ampang Park,Jelatek → Ampang Park,1.5,4.0,KJL[Jelatek > Ampang Park],0,Direct journey,RM 1.50,4 min
Jelatek,KLCC,Jelatek → KLCC,1.7,5.0,KJL[Jelatek > KLCC],0,Direct journey,RM 1.70,5 min
Jelatek,Kampung Baru,Jelatek → Kampung Baru,1.8,7.0,KJL[Jelatek > Kampung Baru],0,Direct journey,RM 1.80,7 min
Jelatek,Dang Wangi,Jelatek → Dang Wangi,2.1,9.0,KJL[Jelatek > Dang Wangi],0,Direct journey,RM 2.10,9 min
Jelatek,Masjid Jamek (KJL),Jelatek → Masjid Jamek (KJL),2.4,11.0,KJL[Jelatek > Masjid Jamek (KJL)],0,Direct journey,RM 2.40,11 min
Jelatek,Pasar Seni (KJL),Jelatek → Pasar Seni (KJL),2.6,12.0,KJL[Jelatek > 1],0,Direct journey,RM 2.60,12 min
Jelatek,KL Sentral (KJL),Jelatek → KL Sentral (KJL),2.6,15.0,KJL[Jelatek > KL Sentral (KJL)],0,Direct journey,RM 2.60,15 min
Jelatek,Bangsar,Jelatek → Bangsar,2.8,17.0,KJL[Jelatek > Bangsar],0,Direct journey,RM 2.80,17 min
Jelatek,Abdullah Hukum,Jelatek → Abdullah Hukum,3.1,20.0,KJL[Jelatek > Abdullah Hukum],0,Direct journey,RM 3.10,20 min
Jelatek,Kerinchi,Jelatek → Kerinchi,3.2,21.0,KJL[Jelatek > Kerinchi],0,Direct journey,RM 3.20,21 min
Jelatek,Universiti,Jelatek → Universiti,3.4,23.0,KJL[Jelatek > Universiti],0,Direct journey,RM 3.40,23 min
Jelatek,Taman Jaya,Jelatek → Taman Jaya,3.3,27.0,KJL[Jelatek > Taman Jaya],0,Direct journey,RM 3.30,27 min
Jelatek,Asia Jaya,Jelatek → Asia Jaya,3.4,29.0,KJL[Jelatek > Asia Jaya],0,Direct journey,RM 3.40,29 min
Jelatek,Taman Paramount,Jelatek → Taman Paramount,3.7,32.0,KJL[Jelatek > Taman Paramount],0,Direct journey,RM 3.70,32 min
Jelatek,Taman Bahagia,Jelatek → Taman Bahagia,3.3,35.0,KJL[Jelatek > Taman Bahagia],0,Direct journey,RM 3.30,35 min
Jelatek,Kelana Jaya,Jelatek → Kelana Jaya,3.4,37.0,KJL[Jelatek > Kelana Jaya],0,Direct journey,RM 3.40,37 min
Jelatek,Lembah Subang,Jelatek → Lembah Subang,3.6,40.0,KJL[Jelatek > Lembah Subang],0,Direct journey,RM 3.60,40 min
Jelatek,Ara Damansara,Jelatek → Ara Damansara,3.7,42.0,KJL[Jelatek > Ara Damansara],0,Direct journey,RM 3.70,42 min
Jelatek,Glenmarie,Jelatek → Glenmarie,3.2,45.0,KJL[Jelatek > Glenmarie],0,Direct journey,RM 3.20,45 min
Jelatek,Subang Jaya,Jelatek → Subang Jaya,3.3,46.0,KJL[Jelatek > Subang Jaya],0,Direct journey,RM 3.30,46 min
Jelatek,SS 15,Jelatek → SS 15,3.4,50.0,KJL[Jelatek > SS 15],0,Direct journey,RM 3.40,50 min
Jelatek,SS 18,Jelatek → SS 18,3.5,52.0,KJL[Jelatek > SS 18],0,Direct journey,RM 3.50,52 min
Jelatek,USJ 7 (KJL),Jelatek → USJ 7 (KJL),3.7,55.0,KJL[Jelatek > USJ 7 (KJL)],0,Direct journey,RM 3.70,55 min
Jelatek,Taipan,Jelatek → Taipan,3.8,56.0,KJL[Jelatek > Taipan],0,Direct journey,RM 3.80,56 min
Jelatek,Wawasan,Jelatek → Wawasan,3.9,59.0,KJL[Jelatek > Wawasan],0,Direct journey,RM 3.90,59 min
Jelatek,USJ 21,Jelatek → USJ 21,4.0,61.0,KJL[Jelatek > USJ 21],0,Direct journey,RM 4.00,61 min
Jelatek,Alam Megah,Jelatek → Alam Megah,4.2,64.0,KJL[Jelatek > Alam Megah],0,Direct journey,RM 4.20,64 min
Jelatek,Subang Alam,Jelatek → Subang Alam,4.3,67.0,KJL[Jelatek > Subang Alam],0,Direct journey,RM 4.30,67 min
Jelatek,Putra Heights (KJL),Jelatek → Putra Heights (KJL),4.5,71.0,KJL[Jelatek > Putra Heights (KJL)],0,Direct journey,RM 4.50,71 min
Jelatek,Sungai Buloh,Jelatek → Sungai Buloh,5.0,49.0,KJL[Jelatek > Pasar Seni (KJL)] >> SBK[Pasar Seni (SBK) > Sungai Buloh],1,1+ transfer,RM 5.00,49 min
Jelatek,Kampung Selamat,Jelatek → Kampung Selamat,5.6,47.0,KJL[Jelatek > Pasar Seni (KJL)] >> SBK[Pasar Seni (SBK) > Kampung Selamat],1,1+ transfer,RM 5.60,47 min
Jelatek,Kwasa Damansara,Jelatek → Kwasa Damansara,5.3,45.0,KJL[Jelatek > Pasar Seni (KJL)] >> SBK[Pasar Seni (SBK) > Kwasa Damansara],1,1+ transfer,RM 5.30,45 min
Jelatek,Kwasa Sentral,Jelatek → Kwasa Sentral,5.1,42.0,KJL[Jelatek > Pasar Seni (KJL)] >> SBK[Pasar Seni (SBK) > Kwasa Sentral],1,1+ transfer,RM 5.10,42 min
Jelatek,Kota Damansara,Jelatek → Kota Damansara,5.3,39.0,KJL[Jelatek > Pasar Seni (KJL)] >> SBK[Pasar Seni (SBK) > Kota Damansara],1,1+ transfer,RM 5.30,39 min
Jelatek,Surian,Jelatek → Surian,5.0,36.0,KJL[Jelatek > Pasar Seni (KJL)] >> SBK[Pasar Seni (SBK) > Surian],1,1+ transfer,RM 5.00,36 min
Jelatek,Mutiara Damansara,Jelatek → Mutiara Damansara,5.1,33.0,KJL[Jelatek > Pasar Seni (KJL)] >> SBK[Pasar Seni (SBK) > Mutiara Damansara],1,1+ transfer,RM 5.10,33 min
Jelatek,Bandar Utama,Jelatek → Bandar Utama,4.8,31.0,KJL[Jelatek > Pasar Seni (KJL)] >> SBK[Pasar Seni (SBK) > Bandar Utama],1,1+ transfer,RM 4.80,31 min
Jelatek,TTDI,Jelatek → TTDI,4.5,28.0,KJL[Jelatek > Pasar Seni (KJL)] >> SBK[Pasar Seni (SBK) > TTDI],1,1+ transfer,RM 4.50,28 min
Jelatek,Phileo Damansara,Jelatek → Phileo Damansara,4.6,25.0,KJL[Jelatek > Pasar Seni (KJL)] >> SBK[Pasar Seni (SBK) > Phileo Damansara],1,1+ transfer,RM 4.60,25 min
Jelatek,Pusat Bandar Damansara,Jelatek → Pusat Bandar Damansara,3.7,21.0,KJL[Jelatek > Pasar Seni (KJL)] >> SBK[Pasar Seni (SBK) > Pusat Bandar Damansara],1,1+ transfer,RM 3.70,21 min
Jelatek,Semantan,Jelatek → Semantan,3.7,19.0,KJL[Jelatek > Pasar Seni (KJL)] >> SBK[Pasar Seni (SBK) > Semantan],1,1+ transfer,RM 3.70,19 min
Jelatek,Muzium Negara,Jelatek → Muzium Negara,3.0,15.0,KJL[Jelatek > Pasar Seni (KJL)] >> SBK[Pasar Seni (SBK) > Muzium Negara],1,1+ transfer,RM 3.00,15 min
Jelatek,Pasar Seni (SBK),Jelatek → Pasar Seni (SBK),2.6,13.0,KJL[Jelatek > Pasar Seni (KJL)] >> SBK[Pasar Seni (SBK) > Pasar Seni (SBK)],1,1+ transfer,RM 2.60,13 min
Jelatek,Merdeka,Jelatek → Merdeka,2.6,14.0,KJL[Jelatek > Pasar Seni (KJL)] >> SBK[Pasar Seni (SBK) > Merdeka],1,1+ transfer,RM 2.60,14 min
Jelatek,Bukit Bintang,Jelatek → Bukit Bintang,2.9,17.0,KJL[Jelatek > Pasar Seni (KJL)] >> SBK[Pasar Seni (SBK) > Bukit Bintang],1,1+ transfer,RM 2.90,17 min
Jelatek,Tun Razak Exchange (TRX),Jelatek → Tun Razak Exchange (TRX),3.4,19.0,KJL[Jelatek > Pasar Seni (KJL)] >> SBK[Pasar Seni (SBK) > Tun Razak Exchange (TRX)],1,1+ transfer,RM 3.40,19 min
Jelatek,Cochrane,Jelatek → Cochrane,3.6,22.0,KJL[Jelatek > Pasar Seni (KJL)] >> SBK[Pasar Seni (SBK) > Cochrane],1,1+ transfer,RM 3.60,22 min
Jelatek,Maluri (SBK),Jelatek → Maluri (SBK),3.7,23.0,KJL[Jelatek > Pasar Seni (KJL)] >> SBK[Pasar Seni (SBK) > Maluri (SBK)],1,1+ transfer,RM 3.70,23 min
Jelatek,Taman Pertama,Jelatek → Taman Pertama,4.1,27.0,KJL[Jelatek > Pasar Seni (KJL)] >> SBK[Pasar Seni (SBK) > Taman Pertama],1,1+ transfer,RM 4.10,27 min
Jelatek,Taman Midah,Jelatek → Taman Midah,4.3,29.0,KJL[Jelatek > Pasar Seni (KJL)] >> SBK[Pasar Seni (SBK) > Taman Midah],1,1+ transfer,RM 4.30,29 min
Jelatek,Taman Mutiara,Jelatek → Taman Mutiara,4.6,31.0,KJL[Jelatek > Pasar Seni (KJL)] >> SBK[Pasar Seni (SBK) > Taman Mutiara],1,1+ transfer,RM 4.60,31 min
Jelatek,Taman Connaught,Jelatek → Taman Connaught,5.0,34.0,KJL[Jelatek > Pasar Seni (KJL)] >> SBK[Pasar Seni (SBK) > Taman Connaught],1,1+ transfer,RM 5.00,34 min
Jelatek,Taman Suntex,Jelatek → Taman Suntex,5.5,36.0,KJL[Jelatek > Pasar Seni (KJL)] >> SBK[Pasar Seni (SBK) > Taman Suntex],1,1+ transfer,RM 5.50,36 min
Jelatek,Sri Raya,Jelatek → Sri Raya,5.4,39.0,KJL[Jelatek > Pasar Seni (KJL)] >> SBK[Pasar Seni (SBK) > Sri Raya],1,1+ transfer,RM 5.40,39 min
Jelatek,Bandar Tun Hussein Onn,Jelatek → Bandar Tun Hussein Onn,5.7,41.0,KJL[Jelatek > Pasar Seni (KJL)] >> SBK[Pasar Seni (SBK) > Bandar Tun Hussein Onn],1,1+ transfer,RM 5.70,41 min
Jelatek,Batu 11 Cheras,Jelatek → Batu 11 Cheras,5.9,43.0,KJL[Jelatek > Pasar Seni (KJL)] >> SBK[Pasar Seni (SBK) > Batu 11 Cheras],1,1+ transfer,RM 5.90,43 min
Jelatek,Bukit Dukung,Jelatek → Bukit Dukung,5.8,46.0,KJL[Jelatek > Pasar Seni (KJL)] >> SBK[Pasar Seni (SBK) > Bukit Dukung],1,1+ transfer,RM 5.80,46 min
Jelatek,Sungai Jernih,Jelatek → Sungai Jernih,6.3,50.0,KJL[Jelatek > Pasar Seni (KJL)] >> SBK[Pasar Seni (SBK) > Sungai Jernih],1,1+ transfer,RM 6.30,50 min
Jelatek,Stadium Kajang,Jelatek → Stadium Kajang,6.4,51.0,KJL[Jelatek > Pasar Seni (KJL)] >> SBK[Pasar Seni (SBK) > Stadium Kajang],1,1+ transfer,RM 6.40,51 min
Jelatek,Kajang,Jelatek → Kajang,6.0,54.0,KJL[Jelatek > Pasar Seni (KJL)] >> SBK[Pasar Seni (SBK) > Kajang],1,1+ transfer,RM 6.00,54 min
Dato' Keramat,Damai,Dato' Keramat → Damai,1.1,1.0,KJL[Dato' Keramat > Damai],0,Direct journey,RM 1.10,1 min
Dato' Keramat,Ampang Park,Dato' Keramat → Ampang Park,1.3,3.0,KJL[Dato' Keramat > Ampang Park],0,Direct journey,RM 1.30,3 min
Dato' Keramat,KLCC,Dato' Keramat → KLCC,1.6,4.0,KJL[Dato' Keramat > KLCC],0,Direct journey,RM 1.60,4 min
Dato' Keramat,Kampung Baru,Dato' Keramat → Kampung Baru,1.8,6.0,KJL[Dato' Keramat > Kampung Baru],0,Direct journey,RM 1.80,6 min
Dato' Keramat,Dang Wangi,Dato' Keramat → Dang Wangi,1.9,8.0,KJL[Dato' Keramat > Dang Wangi],0,Direct journey,RM 1.90,8 min
Dato' Keramat,Masjid Jamek (KJL),Dato' Keramat → Masjid Jamek (KJL),2.2,10.0,KJL[Dato' Keramat > Masjid Jamek (KJL)],0,Direct journey,RM 2.20,10 min
Dato' Keramat,Pasar Seni (KJL),Dato' Keramat → Pasar Seni (KJL),2.5,11.0,KJL[Dato' Keramat > Pasar Seni (KJL)],0,Direct journey,RM 2.50,11 min
Dato' Keramat,KL Sentral (KJL),Dato' Keramat → KL Sentral (KJL),2.8,14.0,KJL[Dato' Keramat > KL Sentral (KJL)],0,Direct journey,RM 2.80,14 min
Dato' Keramat,Bangsar,Dato' Keramat → Bangsar,2.7,16.0,KJL[Dato' Keramat > Bangsar],0,Direct journey,RM 2.70,16 min
Dato' Keramat,Abdullah Hukum,Dato' Keramat → Abdullah Hukum,3.0,19.0,KJL[Dato' Keramat > Abdullah Hukum],0,Direct journey,RM 3.00,19 min
Dato' Keramat,Kerinchi,Dato' Keramat → Kerinchi,3.1,20.0,KJL[Dato' Keramat > Kerinchi],0,Direct journey,RM 3.10,20 min
Dato' Keramat,Universiti,Dato' Keramat → Universiti,3.3,22.0,KJL[Dato' Keramat > Universiti],0,Direct journey,RM 3.30,22 min
Dato' Keramat,Taman Jaya,Dato' Keramat → Taman Jaya,3.2,26.0,KJL[Dato' Keramat > Taman Jaya],0,Direct journey,RM 3.20,26 min
Dato' Keramat,Asia Jaya,Dato' Keramat → Asia Jaya,3.4,28.0,KJL[Dato' Keramat > Asia Jaya],0,Direct journey,RM 3.40,28 min
Dato' Keramat,Taman Paramount,Dato' Keramat → Taman Paramount,3.6,31.0,KJL[Dato' Keramat > Taman Paramount],0,Direct journey,RM 3.60,31 min
Dato' Keramat,Taman Bahagia,Dato' Keramat → Taman Bahagia,3.2,34.0,KJL[Dato' Keramat > Taman Bahagia],0,Direct journey,RM 3.20,34 min
Dato' Keramat,Kelana Jaya,Dato' Keramat → Kelana Jaya,3.4,36.0,KJL[Dato' Keramat > Kelana Jaya],0,Direct journey,RM 3.40,36 min
Dato' Keramat,Lembah Subang,Dato' Keramat → Lembah Subang,3.5,39.0,KJL[Dato' Keramat > Lembah Subang],0,Direct journey,RM 3.50,39 min
Dato' Keramat,Ara Damansara,Dato' Keramat → Ara Damansara,3.6,41.0,KJL[Dato' Keramat > Ara Damansara],0,Direct journey,RM 3.60,41 min
Dato' Keramat,Glenmarie,Dato' Keramat → Glenmarie,3.8,44.0,KJL[Dato' Keramat > Glenmarie],0,Direct journey,RM 3.80,44 min
Dato' Keramat,Subang Jaya,Dato' Keramat → Subang Jaya,3.2,45.0,KJL[Dato' Keramat > Subang Jaya],0,Direct journey,RM 3.20,45 min
Dato' Keramat,SS 15,Dato' Keramat → SS 15,3.4,49.0,KJL[Dato' Keramat > SS 15],0,Direct journey,RM 3.40,49 min
Dato' Keramat,SS 18,Dato' Keramat → SS 18,3.5,51.0,KJL[Dato' Keramat > SS 18],0,Direct journey,RM 3.50,51 min
Dato' Keramat,USJ 7 (KJL),Dato' Keramat → USJ 7 (KJL),3.6,54.0,KJL[Dato' Keramat > USJ 7 (KJL)],0,Direct journey,RM 3.60,54 min
Dato' Keramat,Taipan,Dato' Keramat → Taipan,3.7,55.0,KJL[Dato' Keramat > Taipan],0,Direct journey,RM 3.70,55 min
Dato' Keramat,Wawasan,Dato' Keramat → Wawasan,3.9,58.0,KJL[Dato' Keramat > Wawasan],0,Direct journey,RM 3.90,58 min
Dato' Keramat,USJ 21,Dato' Keramat → USJ 21,3.9,60.0,KJL[Dato' Keramat > USJ 21],0,Direct journey,RM 3.90,60 min
Dato' Keramat,Alam Megah,Dato' Keramat → Alam Megah,4.1,63.0,KJL[Dato' Keramat > Alam Megah],0,Direct journey,RM 4.10,63 min
Dato' Keramat,Subang Alam,Dato' Keramat → Subang Alam,4.3,66.0,KJL[Dato' Keramat > Subang Alam],0,Direct journey,RM 4.30,66 min
Dato' Keramat,Putra Heights (KJL),Dato' Keramat → Putra Heights (KJL),4.4,70.0,KJL[Dato' Keramat > Putra Heights (KJL)],0,Direct journey,RM 4.40,70 min
Dato' Keramat,Sungai Buloh,Dato' Keramat → Sungai Buloh,4.8,48.0,KJL[Dato' Keramat > Pasar Seni (KJL)] >> SBK[Pasar Seni (SBK) > Sungai Buloh],1,1+ transfer,RM 4.80,48 min
Dato' Keramat,Kampung Selamat,Dato' Keramat → Kampung Selamat,5.4,46.0,KJL[Dato' Keramat > Pasar Seni (KJL)] >> SBK[Pasar Seni (SBK) > Kampung Selamat],1,1+ transfer,RM 5.40,46 min
Dato' Keramat,Kwasa Damansara,Dato' Keramat → Kwasa Damansara,5.1,44.0,KJL[Dato' Keramat > Pasar Seni (KJL)] >> SBK[Pasar Seni (SBK) > Kwasa Damansara],1,1+ transfer,RM 5.10,44 min
Dato' Keramat,Kwasa Sentral,Dato' Keramat → Kwasa Sentral,5.0,41.0,KJL[Dato' Keramat > Pasar Seni (KJL)] >> SBK[Pasar Seni (SBK) > Kwasa Sentral],1,1+ transfer,RM 5.00,41 min
Dato' Keramat,Kota Damansara,Dato' Keramat → Kota Damansara,5.1,38.0,KJL[Dato' Keramat > Pasar Seni (KJL)] >> SBK[Pasar Seni (SBK) > Kota Damansara],1,1+ transfer,RM 5.10,38 min
Dato' Keramat,Surian,Dato' Keramat → Surian,4.9,35.0,KJL[Dato' Keramat > Pasar Seni (KJL)] >> SBK[Pasar Seni (SBK) > Surian],1,1+ transfer,RM 4.90,35 min
Dato' Keramat,Mutiara Damansara,Dato' Keramat → Mutiara Damansara,5.0,32.0,KJL[Dato' Keramat > Pasar Seni (KJL)] >> SBK[Pasar Seni (SBK) > Mutiara Damansara],1,1+ transfer,RM 5.00,32 min
Dato' Keramat,Bandar Utama,Dato' Keramat → Bandar Utama,4.7,30.0,KJL[Dato' Keramat > Pasar Seni (KJL)] >> SBK[Pasar Seni (SBK) > Bandar Utama],1,1+ transfer,RM 4.70,30 min
Dato' Keramat,TTDI,Dato' Keramat → TTDI,4.4,27.0,KJL[Dato' Keramat > Pasar Seni (KJL)] >> SBK[Pasar Seni (SBK) > TTDI],1,1+ transfer,RM 4.40,27 min
Dato' Keramat,Phileo Damansara,Dato' Keramat → Phileo Damansara,4.4,24.0,KJL[Dato' Keramat > Pasar Seni (KJL)] >> SBK[Pasar Seni (SBK) > Phileo Damansara],1,1+ transfer,RM 4.40,24 min
Dato' Keramat,Pusat Bandar Damansara,Dato' Keramat → Pusat Bandar Damansara,3.6,20.0,KJL[Dato' Keramat > Pasar Seni (KJL)] >> SBK[Pasar Seni (SBK) > Pusat Bandar Damansara],1,1+ transfer,RM 3.60,20 min
Dato' Keramat,Semantan,Dato' Keramat → Semantan,3.6,18.0,KJL[Dato' Keramat > Pasar Seni (KJL)] >> SBK[Pasar Seni (SBK) > Semantan],1,1+ transfer,RM 3.60,18 min
Dato' Keramat,Muzium Negara,Dato' Keramat → Muzium Negara,2.8,14.0,KJL[Dato' Keramat > Pasar Seni (KJL)] >> SBK[Pasar Seni (SBK) > Muzium Negara],1,1+ transfer,RM 2.80,14 min
Dato' Keramat,Pasar Seni (SBK),Dato' Keramat → Pasar Seni (SBK),2.5,12.0,KJL[Dato' Keramat > Pasar Seni (KJL)] >> SBK[Pasar Seni (SBK) > Pasar Seni (SBK)],1,1+ transfer,RM 2.50,12 min
Dato' Keramat,Merdeka,Dato' Keramat → Merdeka,2.5,13.0,KJL[Dato' Keramat > Pasar Seni (KJL)] >> SBK[Pasar Seni (SBK) > Merdeka],1,1+ transfer,RM 2.50,13 min
Dato' Keramat,Bukit Bintang,Dato' Keramat → Bukit Bintang,2.8,16.0,KJL[Dato' Keramat > Pasar Seni (KJL)] >> SBK[Pasar Seni (SBK) > Bukit Bintang],1,1+ transfer,RM 2.80,16 min
Dato' Keramat,Tun Razak Exchange (TRX),Dato' Keramat → Tun Razak Exchange (TRX),3.2,18.0,KJL[Dato' Keramat > Pasar Seni (KJL)] >> SBK[Pasar Seni (SBK) > Tun Razak Exchange (TRX)],1,1+ transfer,RM 3.20,18 min
Dato' Keramat,Cochrane,Dato' Keramat → Cochrane,3.5,21.0,KJL[Dato' Keramat > Pasar Seni (KJL)] >> SBK[Pasar Seni (SBK) > Cochrane],1,1+ transfer,RM 3.50,21 min
Dato' Keramat,Maluri (SBK),Dato' Keramat → Maluri (SBK),3.5,22.0,KJL[Dato' Keramat > Pasar Seni (KJL)] >> SBK[Pasar Seni (SBK) > Maluri (SBK)],1,1+ transfer,RM 3.50,22 min
Dato' Keramat,Taman Pertama,Dato' Keramat → Taman Pertama,4.0,26.0,KJL[Dato' Keramat > Pasar Seni (KJL)] >> SBK[Pasar Seni (SBK) > Taman Pertama],1,1+ transfer,RM 4.00,26 min
Dato' Keramat,Taman Midah,Dato' Keramat → Taman Midah,4.2,28.0,KJL[Dato' Keramat > Pasar Seni (KJL)] >> SBK[Pasar Seni (SBK) > Taman Midah],1,1+ transfer,RM 4.20,28 min
Dato' Keramat,Taman Mutiara,Dato' Keramat → Taman Mutiara,4.5,30.0,KJL[Dato' Keramat > Pasar Seni (KJL)] >> SBK[Pasar Seni (SBK) > Taman Mutiara],1,1+ transfer,RM 4.50,30 min
Dato' Keramat,Taman Connaught,Dato' Keramat → Taman Connaught,4.9,33.0,KJL[Dato' Keramat > Pasar Seni (KJL)] >> SBK[Pasar Seni (SBK) > Taman Connaught],1,1+ transfer,RM 4.90,33 min
Dato' Keramat,Taman Suntex,Dato' Keramat → Taman Suntex,5.4,35.0,KJL[Dato' Keramat > Pasar Seni (KJL)] >> SBK[Pasar Seni (SBK) > Taman Suntex],1,1+ transfer,RM 5.40,35 min
Dato' Keramat,Sri Raya,Dato' Keramat → Sri Raya,5.3,38.0,KJL[Dato' Keramat > Pasar Seni (KJL)] >> SBK[Pasar Seni (SBK) > Sri Raya],1,1+ transfer,RM 5.30,38 min
Dato' Keramat,Bandar Tun Hussein Onn,Dato' Keramat → Bandar Tun Hussein Onn,5.6,40.0,KJL[Dato' Keramat > Pasar Seni (KJL)] >> SBK[Pasar Seni (SBK) > Bandar Tun Hussein Onn],1,1+ transfer,RM 5.60,40 min
Dato' Keramat,Batu 11 Cheras,Dato' Keramat → Batu 11 Cheras,5.7,42.0,KJL[Dato' Keramat > Pasar Seni (KJL)] >> SBK[Pasar Seni (SBK) > Batu 11 Cheras],1,1+ transfer,RM 5.70,42 min
Dato' Keramat,Bukit Dukung,Dato' Keramat → Bukit Dukung,5.6,45.0,KJL[Dato' Keramat > Pasar Seni (KJL)] >> SBK[Pasar Seni (SBK) > Bukit Dukung],1,1+ transfer,RM 5.60,45 min
Dato' Keramat,Sungai Jernih,Dato' Keramat → Sungai Jernih,6.1,49.0,KJL[Dato' Keramat > Pasar Seni (KJL)] >> SBK[Pasar Seni (SBK) > Sungai Jernih],1,1+ transfer,RM 6.10,49 min
Dato' Keramat,Stadium Kajang,Dato' Keramat → Stadium Kajang,6.3,50.0,KJL[Dato' Keramat > Pasar Seni (KJL)] >> SBK[Pasar Seni (SBK) > Stadium Kajang],1,1+ transfer,RM 6.30,50 min
Dato' Keramat,Kajang,Dato' Keramat → Kajang,5.9,53.0,KJL[Dato' Keramat > Pasar Seni (KJL)] >> SBK[Pasar Seni (SBK) > Kajang],1,1+ transfer,RM 5.90,53 min
Damai,Ampang Park,Damai → Ampang Park,1.1,2.0,KJL[Damai > Ampang Park],0,Direct journey,RM 1.10,2 min
Damai,KLCC,Damai → KLCC,1.3,3.0,KJL[Damai > KLCC],0,Direct journey,RM 1.30,3 min
Damai,Kampung Baru,Damai → Kampung Baru,1.8,5.0,KJL[Damai > Kampung Baru],0,Direct journey,RM 1.80,5 min
Damai,Dang Wangi,Damai → Dang Wangi,1.8,7.0,KJL[Damai > Dang Wangi],0,Direct journey,RM 1.80,7 min
Damai,Masjid Jamek (KJL),Damai → Masjid Jamek (KJL),2.0,9.0,KJL[Damai > Masjid Jamek (KJL)],0,Direct journey,RM 2.00,9 min
Damai,Pasar Seni (KJL),Damai → Pasar Seni (KJL),2.3,10.0,KJL[Damai > Pasar Seni (KJL)],0,Direct journey,RM 2.30,10 min
Damai,KL Sentral (KJL),Damai → KL Sentral (KJL),2.6,13.0,KJL[Damai > KL Sentral (KJL)],0,Direct journey,RM 2.60,13 min
Damai,Bangsar,Damai → Bangsar,2.6,15.0,KJL[Damai > Bangsar],0,Direct journey,RM 2.60,15 min
Damai,Abdullah Hukum,Damai → Abdullah Hukum,2.8,18.0,KJL[Damai > Abdullah Hukum],0,Direct journey,RM 2.80,18 min
Damai,Kerinchi,Damai → Kerinchi,3.0,19.0,KJL[Damai > Kerinchi],0,Direct journey,RM 3.00,19 min
Damai,Universiti,Damai → Universiti,3.1,21.0,KJL[Damai > Universiti],0,Direct journey,RM 3.10,21 min
Damai,Taman Jaya,Damai → Taman Jaya,3.1,25.0,KJL[Damai > Taman Jaya],0,Direct journey,RM 3.10,25 min
Damai,Asia Jaya,Damai → Asia Jaya,3.2,27.0,KJL[Damai > Asia Jaya],0,Direct journey,RM 3.20,27 min
Damai,Taman Paramount,Damai → Taman Paramount,3.5,30.0,KJL[Damai > Taman Paramount],0,Direct journey,RM 3.50,30 min
Damai,Taman Bahagia,Damai → Taman Bahagia,3.7,33.0,KJL[Damai > Taman Bahagia],0,Direct journey,RM 3.70,33 min
Damai,Kelana Jaya,Damai → Kelana Jaya,3.3,35.0,KJL[Damai > Kelana Jaya],0,Direct journey,RM 3.30,35 min
Damai,Lembah Subang,Damai → Lembah Subang,3.4,38.0,KJL[Damai > Lembah Subang],0,Direct journey,RM 3.40,38 min
Damai,Ara Damansara,Damai → Ara Damansara,3.5,40.0,KJL[Damai > Ara Damansara],0,Direct journey,RM 3.50,40 min
Damai,Glenmarie,Damai → Glenmarie,3.7,43.0,KJL[Damai > Glenmarie],0,Direct journey,RM 3.70,43 min
Damai,Subang Jaya,Damai → Subang Jaya,3.2,44.0,KJL[Damai > Subang Jaya],0,Direct journey,RM 3.20,44 min
Damai,SS 15,Damai → SS 15,3.3,48.0,KJL[Damai > SS 15],0,Direct journey,RM 3.30,48 min
Damai,SS 18,Damai → SS 18,3.4,50.0,KJL[Damai > SS 18],0,Direct journey,RM 3.40,50 min
Damai,USJ 7 (KJL),Damai → USJ 7 (KJL),3.6,53.0,KJL[Damai > USJ 7 (KJL)],0,Direct journey,RM 3.60,53 min
Damai,Taipan,Damai → Taipan,3.6,54.0,KJL[Damai > Taipan],0,Direct journey,RM 3.60,54 min
Damai,Wawasan,Damai → Wawasan,3.8,57.0,KJL[Damai > Wawasan],0,Direct journey,RM 3.80,57 min
Damai,USJ 21,Damai → USJ 21,3.9,59.0,KJL[Damai > USJ 21],0,Direct journey,RM 3.90,59 min
Damai,Alam Megah,Damai → Alam Megah,4.0,62.0,KJL[Damai > Alam Megah],0,Direct journey,RM 4.00,62 min
Damai,Subang Alam,Damai → Subang Alam,4.2,65.0,KJL[Damai > Subang Alam],0,Direct journey,RM 4.20,65 min
Damai,Putra Heights (KJL),Damai → Putra Heights (KJL),4.3,69.0,KJL[Damai > Putra Heights (KJL)],0,Direct journey,RM 4.30,69 min
Damai,Sungai Buloh,Damai → Sungai Buloh,4.7,47.0,KJL[Damai > Pasar Seni (KJL)] >> SBK[Pasar Seni (SBK) > Sungai Buloh],1,1+ transfer,RM 4.70,47 min
Damai,Kampung Selamat,Damai → Kampung Selamat,5.3,45.0,KJL[Damai > Pasar Seni (KJL)] >> SBK[Pasar Seni (SBK) > Kampung Selamat],1,1+ transfer,RM 5.30,45 min
Damai,Kwasa Damansara,Damai → Kwasa Damansara,4.9,43.0,KJL[Damai > Pasar Seni (KJL)] >> SBK[Pasar Seni (SBK) > Kwasa Damansara],1,1+ transfer,RM 4.90,43 min
Damai,Kwasa Sentral,Damai → Kwasa Sentral,4.8,40.0,KJL[Damai > Pasar Seni (KJL)] >> SBK[Pasar Seni (SBK) > Kwasa Sentral],1,1+ transfer,RM 4.80,40 min
Damai,Kota Damansara,Damai → Kota Damansara,5.0,37.0,KJL[Damai > Pasar Seni (KJL)] >> SBK[Pasar Seni (SBK) > Kota Damansara],1,1+ transfer,RM 5.00,37 min
Damai,Surian,Damai → Surian,4.7,34.0,KJL[Damai > Pasar Seni (KJL)] >> SBK[Pasar Seni (SBK) > Surian],1,1+ transfer,RM 4.70,34 min
Damai,Mutiara Damansara,Damai → Mutiara Damansara,4.8,31.0,KJL[Damai > Pasar Seni (KJL)] >> SBK[Pasar Seni (SBK) > Mutiara Damansara],1,1+ transfer,RM 4.80,31 min
Damai,Bandar Utama,Damai → Bandar Utama,4.5,29.0,KJL[Damai > Pasar Seni (KJL)] >> SBK[Pasar Seni (SBK) > Bandar Utama],1,1+ transfer,RM 4.50,29 min
Damai,TTDI,Damai → TTDI,4.2,26.0,KJL[Damai > Pasar Seni (KJL)] >> SBK[Pasar Seni (SBK) > TTDI],1,1+ transfer,RM 4.20,26 min
Damai,Phileo Damansara,Damai → Phileo Damansara,4.3,23.0,KJL[Damai > Pasar Seni (KJL)] >> SBK[Pasar Seni (SBK) > Phileo Damansara],1,1+ transfer,RM 4.30,23 min
Damai,Pusat Bandar Damansara,Damai → Pusat Bandar Damansara,3.4,19.0,KJL[Damai > Pasar Seni (KJL)] >> SBK[Pasar Seni (SBK) > Pusat Bandar Damansara],1,1+ transfer,RM 3.40,19 min
Damai,Semantan,Damai → Semantan,3.4,17.0,KJL[Damai > Pasar Seni (KJL)] >> SBK[Pasar Seni (SBK) > Semantan],1,1+ transfer,RM 3.40,17 min
Damai,Muzium Negara,Damai → Muzium Negara,2.6,13.0,KJL[Damai > Pasar Seni (KJL)] >> SBK[Pasar Seni (SBK) > Muzium Negara],1,1+ transfer,RM 2.60,13 min
Damai,Pasar Seni (SBK),Damai → Pasar Seni (SBK),2.3,11.0,KJL[Damai > Pasar Seni (KJL)] >> SBK[Pasar Seni (SBK) > Pasar Seni (SBK)],1,1+ transfer,RM 2.30,11 min
Damai,Merdeka,Damai → Merdeka,2.3,12.0,KJL[Damai > Pasar Seni (KJL)] >> SBK[Pasar Seni (SBK) > Merdeka],1,1+ transfer,RM 2.30,12 min
Damai,Bukit Bintang,Damai → Bukit Bintang,2.6,15.0,KJL[Damai > Pasar Seni (KJL)] >> SBK[Pasar Seni (SBK) > Bukit Bintang],1,1+ transfer,RM 2.60,15 min
Damai,Tun Razak Exchange (TRX),Damai → Tun Razak Exchange (TRX),2.9,17.0,KJL[Damai > Pasar Seni (KJL)] >> SBK[Pasar Seni (SBK) > Tun Razak Exchange (TRX)],1,1+ transfer,RM 2.90,17 min
Damai,Cochrane,Damai → Cochrane,3.3,20.0,KJL[Damai > Pasar Seni (KJL)] >> SBK[Pasar Seni (SBK) > Cochrane],1,1+ transfer,RM 3.30,20 min
Damai,Maluri (SBK),Damai → Maluri (SBK),3.3,21.0,KJL[Damai > Pasar Seni (KJL)] >> SBK[Pasar Seni (SBK) > Maluri (SBK)],1,1+ transfer,RM 3.30,21 min
Damai,Taman Pertama,Damai → Taman Pertama,3.8,25.0,KJL[Damai > Pasar Seni (KJL)] >> SBK[Pasar Seni (SBK) > Taman Pertama],1,1+ transfer,RM 3.80,25 min
Damai,Taman Midah,Damai → Taman Midah,4.0,27.0,KJL[Damai > Pasar Seni (KJL)] >> SBK[Pasar Seni (SBK) > Taman Midah],1,1+ transfer,RM 4.00,27 min
Damai,Taman Mutiara,Damai → Taman Mutiara,4.3,29.0,KJL[Damai > Pasar Seni (KJL)] >> SBK[Pasar Seni (SBK) > Taman Mutiara],1,1+ transfer,RM 4.30,29 min
Damai,Taman Connaught,Damai → Taman Connaught,4.7,32.0,KJL[Damai > Pasar Seni (KJL)] >> SBK[Pasar Seni (SBK) > Taman Connaught],1,1+ transfer,RM 4.70,32 min
Damai,Taman Suntex,Damai → Taman Suntex,5.2,34.0,KJL[Damai > Pasar Seni (KJL)] >> SBK[Pasar Seni (SBK) > Taman Suntex],1,1+ transfer,RM 5.20,34 min
Damai,Sri Raya,Damai → Sri Raya,5.1,37.0,KJL[Damai > Pasar Seni (KJL)] >> SBK[Pasar Seni (SBK) > Sri Raya],1,1+ transfer,RM 5.10,37 min
Damai,Bandar Tun Hussein Onn,Damai → Bandar Tun Hussein Onn,5.4,39.0,KJL[Damai > Pasar Seni (KJL)] >> SBK[Pasar Seni (SBK) > Bandar Tun Hussein Onn],1,1+ transfer,RM 5.40,39 min
Damai,Batu 11 Cheras,Damai → Batu 11 Cheras,5.5,41.0,KJL[Damai > Pasar Seni (KJL)] >> SBK[Pasar Seni (SBK) > Batu 11 Cheras],1,1+ transfer,RM 5.50,41 min
Damai,Bukit Dukung,Damai → Bukit Dukung,5.5,44.0,KJL[Damai > Pasar Seni (KJL)] >> SBK[Pasar Seni (SBK) > Bukit Dukung],1,1+ transfer,RM 5.50,44 min
Damai,Sungai Jernih,Damai → Sungai Jernih,5.9,48.0,KJL[Damai > Pasar Seni (KJL)] >> SBK[Pasar Seni (SBK) > Sungai Jernih],1,1+ transfer,RM 5.90,48 min
Damai,Stadium Kajang,Damai → Stadium Kajang,6.1,49.0,KJL[Damai > Pasar Seni (KJL)] >> SBK[Pasar Seni (SBK) > Stadium Kajang],1,1+ transfer,RM 6.10,49 min
Damai,Kajang,Damai → Kajang,5.7,52.0,KJL[Damai > Pasar Seni (KJL)] >> SBK[Pasar Seni (SBK) > Kajang],1,1+ transfer,RM 5.70,52 min
Ampang Park,KLCC,Ampang Park → KLCC,1.1,1.0,KJL[Ampang Park > KLCC],0,Direct journey,RM 1.10,1 min
Ampang Park,Kampung Baru,Ampang Park → Kampung Baru,1.6,3.0,KJL[Ampang Park > Kampung Baru],0,Direct journey,RM 1.60,3 min
Ampang Park,Dang Wangi,Ampang Park → Dang Wangi,1.6,5.0,KJL[Ampang Park > Dang Wangi],0,Direct journey,RM 1.60,5 min
Ampang Park,Masjid Jamek (KJL),Ampang Park → Masjid Jamek (KJL),1.8,7.0,KJL[Ampang Park > Masjid Jamek (KJL)],0,Direct journey,RM 1.80,7 min
Ampang Park,Pasar Seni (KJL),Ampang Park → Pasar Seni (KJL),2.0,8.0,KJL[Ampang Park > 1],0,Direct journey,RM 2.00,8 min
Ampang Park,KL Sentral (KJL),Ampang Park → KL Sentral (KJL),2.4,11.0,KJL[Ampang Park > KL Sentral (KJL)],0,Direct journey,RM 2.40,11 min
Ampang Park,Bangsar,Ampang Park → Bangsar,2.6,13.0,KJL[Ampang Park > Bangsar],0,Direct journey,RM 2.60,13 min
Ampang Park,Abdullah Hukum,Ampang Park → Abdullah Hukum,2.6,16.0,KJL[Ampang Park > Abdullah Hukum],0,Direct journey,RM 2.60,16 min
Ampang Park,Kerinchi,Ampang Park → Kerinchi,2.8,17.0,KJL[Ampang Park > Kerinchi],0,Direct journey,RM 2.80,17 min
Ampang Park,Universiti,Ampang Park → Universiti,2.9,19.0,KJL[Ampang Park > Universiti],0,Direct journey,RM 2.90,19 min
Ampang Park,Taman Jaya,Ampang Park → Taman Jaya,3.3,23.0,KJL[Ampang Park > Taman Jaya],0,Direct journey,RM 3.30,23 min
Ampang Park,Asia Jaya,Ampang Park → Asia Jaya,3.1,25.0,KJL[Ampang Park > Asia Jaya],0,Direct journey,RM 3.10,25 min
Ampang Park,Taman Paramount,Ampang Park → Taman Paramount,3.3,28.0,KJL[Ampang Park > Taman Paramount],0,Direct journey,RM 3.30,28 min
Ampang Park,Taman Bahagia,Ampang Park → Taman Bahagia,3.5,31.0,KJL[Ampang Park > Taman Bahagia],0,Direct journey,RM 3.50,31 min
Ampang Park,Kelana Jaya,Ampang Park → Kelana Jaya,3.7,33.0,KJL[Ampang Park > Kelana Jaya],0,Direct journey,RM 3.70,33 min
Ampang Park,Lembah Subang,Ampang Park → Lembah Subang,3.3,36.0,KJL[Ampang Park > Lembah Subang],0,Direct journey,RM 3.30,36 min
Ampang Park,Ara Damansara,Ampang Park → Ara Damansara,3.4,38.0,KJL[Ampang Park > Ara Damansara],0,Direct journey,RM 3.40,38 min
Ampang Park,Glenmarie,Ampang Park → Glenmarie,3.6,41.0,KJL[Ampang Park > Glenmarie],0,Direct journey,RM 3.60,41 min
Ampang Park,Subang Jaya,Ampang Park → Subang Jaya,3.8,42.0,KJL[Ampang Park > Subang Jaya],0,Direct journey,RM 3.80,42 min
Ampang Park,SS 15,Ampang Park → SS 15,3.2,46.0,KJL[Ampang Park > SS 15],0,Direct journey,RM 3.20,46 min
Ampang Park,SS 18,Ampang Park → SS 18,3.3,48.0,KJL[Ampang Park > SS 18],0,Direct journey,RM 3.30,48 min
Ampang Park,USJ 7 (KJL),Ampang Park → USJ 7 (KJL),3.5,51.0,KJL[Ampang Park > USJ 7 (KJL)],0,Direct journey,RM 3.50,51 min
Ampang Park,Taipan,Ampang Park → Taipan,3.5,52.0,KJL[Ampang Park > Taipan],0,Direct journey,RM 3.50,52 min
Ampang Park,Wawasan,Ampang Park → Wawasan,3.7,55.0,KJL[Ampang Park > Wawasan],0,Direct journey,RM 3.70,55 min
Ampang Park,USJ 21,Ampang Park → USJ 21,3.8,57.0,KJL[Ampang Park > USJ 21],0,Direct journey,RM 3.80,57 min
Ampang Park,Alam Megah,Ampang Park → Alam Megah,3.9,60.0,KJL[Ampang Park > Alam Megah],0,Direct journey,RM 3.90,60 min
Ampang Park,Subang Alam,Ampang Park → Subang Alam,4.1,63.0,KJL[Ampang Park > Subang Alam],0,Direct journey,RM 4.10,63 min
Ampang Park,Putra Heights (KJL),Ampang Park → Putra Heights (KJL),4.2,67.0,KJL[Ampang Park > Putra Heights (KJL)],0,Direct journey,RM 4.20,67 min
Ampang Park,Sungai Buloh,Ampang Park → Sungai Buloh,4.4,45.0,KJL[Ampang Park > Pasar Seni (KJL)] >> SBK[Pasar Seni (SBK) > Sungai Buloh],1,1+ transfer,RM 4.40,45 min
Ampang Park,Kampung Selamat,Ampang Park → Kampung Selamat,5.0,43.0,KJL[Ampang Park > Pasar Seni (KJL)] >> SBK[Pasar Seni (SBK) > Kampung Selamat],1,1+ transfer,RM 5.00,43 min
Ampang Park,Kwasa Damansara,Ampang Park → Kwasa Damansara,4.7,41.0,KJL[Ampang Park > Pasar Seni (KJL)] >> SBK[Pasar Seni (SBK) > Kwasa Damansara],1,1+ transfer,RM 4.70,41 min
Ampang Park,Kwasa Sentral,Ampang Park → Kwasa Sentral,4.6,38.0,KJL[Ampang Park > Pasar Seni (KJL)] >> SBK[Pasar Seni (SBK) > Kwasa Sentral],1,1+ transfer,RM 4.60,38 min
Ampang Park,Kota Damansara,Ampang Park → Kota Damansara,4.7,35.0,KJL[Ampang Park > Pasar Seni (KJL)] >> SBK[Pasar Seni (SBK) > Kota Damansara],1,1+ transfer,RM 4.70,35 min
Ampang Park,Surian,Ampang Park → Surian,4.5,32.0,KJL[Ampang Park > Pasar Seni (KJL)] >> SBK[Pasar Seni (SBK) > Surian],1,1+ transfer,RM 4.50,32 min
Ampang Park,Mutiara Damansara,Ampang Park → Mutiara Damansara,4.6,29.0,KJL[Ampang Park > Pasar Seni (KJL)] >> SBK[Pasar Seni (SBK) > Mutiara Damansara],1,1+ transfer,RM 4.60,29 min
Ampang Park,Bandar Utama,Ampang Park → Bandar Utama,4.3,27.0,KJL[Ampang Park > Pasar Seni (KJL)] >> SBK[Pasar Seni (SBK) > Bandar Utama],1,1+ transfer,RM 4.30,27 min
Ampang Park,TTDI,Ampang Park → TTDI,4.0,24.0,KJL[Ampang Park > Pasar Seni (KJL)] >> SBK[Pasar Seni (SBK) > TTDI],1,1+ transfer,RM 4.00,24 min
Ampang Park,Phileo Damansara,Ampang Park → Phileo Damansara,4.0,21.0,KJL[Ampang Park > Pasar Seni (KJL)] >> SBK[Pasar Seni (SBK) > Phileo Damansara],1,1+ transfer,RM 4.00,21 min
Ampang Park,Pusat Bandar Damansara,Ampang Park → Pusat Bandar Damansara,3.2,17.0,KJL[Ampang Park > Pasar Seni (KJL)] >> SBK[Pasar Seni (SBK) > Pusat Bandar Damansara],1,1+ transfer,RM 3.20,17 min
Ampang Park,Semantan,Ampang Park → Semantan,3.2,15.0,KJL[Ampang Park > Pasar Seni (KJL)] >> SBK[Pasar Seni (SBK) > Semantan],1,1+ transfer,RM 3.20,15 min
Ampang Park,Muzium Negara,Ampang Park → Muzium Negara,2.4,11.0,KJL[Ampang Park > Pasar Seni (KJL)] >> SBK[Pasar Seni (SBK) > Muzium Negara],1,1+ transfer,RM 2.40,11 min
Ampang Park,Pasar Seni (SBK),Ampang Park → Pasar Seni (SBK),2.0,9.0,KJL[Ampang Park > Pasar Seni (KJL)] >> SBK[Pasar Seni (SBK) > Pasar Seni (SBK)],1,1+ transfer,RM 2.00,9 min
Ampang Park,Merdeka,Ampang Park → Merdeka,2.0,10.0,KJL[Ampang Park > Pasar Seni (KJL)] >> SBK[Pasar Seni (SBK) > Merdeka],1,1+ transfer,RM 2.00,10 min
Ampang Park,Bukit Bintang,Ampang Park → Bukit Bintang,2.3,13.0,KJL[Ampang Park > Pasar Seni (KJL)] >> SBK[Pasar Seni (SBK) > Bukit Bintang],1,1+ transfer,RM 2.30,13 min
Ampang Park,Tun Razak Exchange (TRX),Ampang Park → Tun Razak Exchange (TRX),2.7,15.0,KJL[Ampang Park > Pasar Seni (KJL)] >> SBK[Pasar Seni (SBK) > Tun Razak Exchange (TRX)],1,1+ transfer,RM 2.70,15 min
Ampang Park,Cochrane,Ampang Park → Cochrane,3.1,18.0,KJL[Ampang Park > Pasar Seni (KJL)] >> SBK[Pasar Seni (SBK) > Cochrane],1,1+ transfer,RM 3.10,18 min
Ampang Park,Maluri (SBK),Ampang Park → Maluri (SBK),3.1,19.0,KJL[Ampang Park > Pasar Seni (KJL)] >> SBK[Pasar Seni (SBK) > Maluri (SBK)],1,1+ transfer,RM 3.10,19 min
Ampang Park,Taman Pertama,Ampang Park → Taman Pertama,3.6,23.0,KJL[Ampang Park > Pasar Seni (KJL)] >> SBK[Pasar Seni (SBK) > Taman Pertama],1,1+ transfer,RM 3.60,23 min
Ampang Park,Taman Midah,Ampang Park → Taman Midah,3.8,25.0,KJL[Ampang Park > Pasar Seni (KJL)] >> SBK[Pasar Seni (SBK) > Taman Midah],1,1+ transfer,RM 3.80,25 min
Ampang Park,Taman Mutiara,Ampang Park → Taman Mutiara,4.1,27.0,KJL[Ampang Park > Pasar Seni (KJL)] >> SBK[Pasar Seni (SBK) > Taman Mutiara],1,1+ transfer,RM 4.10,27 min
Ampang Park,Taman Connaught,Ampang Park → Taman Connaught,4.4,30.0,KJL[Ampang Park > Pasar Seni (KJL)] >> SBK[Pasar Seni (SBK) > Taman Connaught],1,1+ transfer,RM 4.40,30 min
Ampang Park,Taman Suntex,Ampang Park → Taman Suntex,4.9,32.0,KJL[Ampang Park > Pasar Seni (KJL)] >> SBK[Pasar Seni (SBK) > Taman Suntex],1,1+ transfer,RM 4.90,32 min
Ampang Park,Sri Raya,Ampang Park → Sri Raya,4.9,35.0,KJL[Ampang Park > Pasar Seni (KJL)] >> SBK[Pasar Seni (SBK) > Sri Raya],1,1+ transfer,RM 4.90,35 min
Ampang Park,Bandar Tun Hussein Onn,Ampang Park → Bandar Tun Hussein Onn,5.2,37.0,KJL[Ampang Park > Pasar Seni (KJL)] >> SBK[Pasar Seni (SBK) > Bandar Tun Hussein Onn],1,1+ transfer,RM 5.20,37 min
Ampang Park,Batu 11 Cheras,Ampang Park → Batu 11 Cheras,5.3,39.0,KJL[Ampang Park > Pasar Seni (KJL)] >> SBK[Pasar Seni (SBK) > Batu 11 Cheras],1,1+ transfer,RM 5.30,39 min
Ampang Park,Bukit Dukung,Ampang Park → Bukit Dukung,5.2,42.0,KJL[Ampang Park > Pasar Seni (KJL)] >> SBK[Pasar Seni (SBK) > Bukit Dukung],1,1+ transfer,RM 5.20,42 min
Ampang Park,Sungai Jernih,Ampang Park → Sungai Jernih,5.7,46.0,KJL[Ampang Park > Pasar Seni (KJL)] >> SBK[Pasar Seni (SBK) > Sungai Jernih],1,1+ transfer,RM 5.70,46 min
Ampang Park,Stadium Kajang,Ampang Park → Stadium Kajang,5.8,47.0,KJL[Ampang Park > Pasar Seni (KJL)] >> SBK[Pasar Seni (SBK) > Stadium Kajang],1,1+ transfer,RM 5.80,47 min
Ampang Park,Kajang,Ampang Park → Kajang,5.5,50.0,KJL[Ampang Park > Pasar Seni (KJL)] >> SBK[Pasar Seni (SBK) > Kajang],1,1+ transfer,RM 5.50,50 min
KLCC,Kampung Baru,KLCC → Kampung Baru,1.1,2.0,KJL[KLCC > Kampung Baru],0,Direct journey,RM 1.10,2 min
KLCC,Dang Wangi,KLCC → Dang Wangi,1.4,4.0,KJL[KLCC > Dang Wangi],0,Direct journey,RM 1.40,4 min
KLCC,Masjid Jamek (KJL),KLCC → Masjid Jamek (KJL),1.7,6.0,KJL[KLCC > Masjid Jamek (KJL)],0,Direct journey,RM 1.70,6 min
KLCC,Pasar Seni (KJL),KLCC → Pasar Seni (KJL),1.9,7.0,KJL[KLCC > Pasar Seni (KJL)],0,Direct journey,RM 1.90,7 min
KLCC,KL Sentral (KJL),KLCC → KL Sentral (KJL),2.2,10.0,KJL[KLCC > KL Sentral (KJL)],0,Direct journey,RM 2.20,10 min
KLCC,Bangsar,KLCC → Bangsar,2.4,12.0,KJL[KLCC > Bangsar],0,Direct journey,RM 2.40,12 min
KLCC,Abdullah Hukum,KLCC → Abdullah Hukum,2.7,15.0,KJL[KLCC > Abdullah Hukum],0,Direct journey,RM 2.70,15 min
KLCC,Kerinchi,KLCC → Kerinchi,2.6,16.0,KJL[KLCC > Kerinchi],0,Direct journey,RM 2.60,16 min
KLCC,Universiti,KLCC → Universiti,2.7,18.0,KJL[KLCC > Universiti],0,Direct journey,RM 2.70,18 min
KLCC,Taman Jaya,KLCC → Taman Jaya,3.2,22.0,KJL[KLCC > Taman Jaya],0,Direct journey,RM 3.20,22 min
KLCC,Asia Jaya,KLCC → Asia Jaya,3.3,24.0,KJL[KLCC > Asia Jaya],0,Direct journey,RM 3.30,24 min
KLCC,Taman Paramount,KLCC → Taman Paramount,3.2,27.0,KJL[KLCC > Taman Paramount],0,Direct journey,RM 3.20,27 min
KLCC,Taman Bahagia,KLCC → Taman Bahagia,3.4,30.0,KJL[KLCC > Taman Bahagia],0,Direct journey,RM 3.40,30 min
KLCC,Kelana Jaya,KLCC → Kelana Jaya,3.5,32.0,KJL[KLCC > Kelana Jaya],0,Direct journey,RM 3.50,32 min
KLCC,Lembah Subang,KLCC → Lembah Subang,3.8,35.0,KJL[KLCC > Lembah Subang],0,Direct journey,RM 3.80,35 min
KLCC,Ara Damansara,KLCC → Ara Damansara,3.3,37.0,KJL[KLCC > Ara Damansara],0,Direct journey,RM 3.30,37 min
KLCC,Glenmarie,KLCC → Glenmarie,3.5,40.0,KJL[KLCC > Glenmarie],0,Direct journey,RM 3.50,40 min
KLCC,Subang Jaya,KLCC → Subang Jaya,3.7,41.0,KJL[KLCC > Subang Jaya],0,Direct journey,RM 3.70,41 min
KLCC,SS 15,KLCC → SS 15,3.1,45.0,KJL[KLCC > SS 15],0,Direct journey,RM 3.10,45 min
KLCC,SS 18,KLCC → SS 18,3.2,47.0,KJL[KLCC > SS 18],0,Direct journey,RM 3.20,47 min
KLCC,USJ 7 (KJL),KLCC → USJ 7 (KJL),3.4,50.0,KJL[KLCC > USJ 7 (KJL)],0,Direct journey,RM 3.40,50 min
KLCC,Taipan,KLCC → Taipan,3.5,51.0,KJL[KLCC > Taipan],0,Direct journey,RM 3.50,51 min
KLCC,Wawasan,KLCC → Wawasan,3.6,54.0,KJL[KLCC > Wawasan],0,Direct journey,RM 3.60,54 min
KLCC,USJ 21,KLCC → USJ 21,3.7,56.0,KJL[KLCC > USJ 21],0,Direct journey,RM 3.70,56 min
KLCC,Alam Megah,KLCC → Alam Megah,3.9,59.0,KJL[KLCC > Alam Megah],0,Direct journey,RM 3.90,59 min
KLCC,Subang Alam,KLCC → Subang Alam,4.0,62.0,KJL[KLCC > Subang Alam],0,Direct journey,RM 4.00,62 min
KLCC,Putra Heights (KJL),KLCC → Putra Heights (KJL),4.1,66.0,KJL[KLCC > Putra Heights (KJL)],0,Direct journey,RM 4.10,66 min
KLCC,Sungai Buloh,KLCC → Sungai Buloh,4.2,44.0,KJL[KLCC > Pasar Seni (KJL)] >> SBK[Pasar Seni (SBK) > Sungai Buloh],1,1+ transfer,RM 4.20,44 min
KLCC,Kampung Selamat,KLCC → Kampung Selamat,4.8,42.0,KJL[KLCC > Pasar Seni (KJL)] >> SBK[Pasar Seni (SBK) > Kampung Selamat],1,1+ transfer,RM 4.80,42 min
KLCC,Kwasa Damansara,KLCC → Kwasa Damansara,4.5,40.0,KJL[KLCC > Pasar Seni (KJL)] >> SBK[Pasar Seni (SBK) > Kwasa Damansara],1,1+ transfer,RM 4.50,40 min
KLCC,Kwasa Sentral,KLCC → Kwasa Sentral,4.4,37.0,KJL[KLCC > Pasar Seni (KJL)] >> SBK[Pasar Seni (SBK) > Kwasa Sentral],1,1+ transfer,RM 4.40,37 min
KLCC,Kota Damansara,KLCC → Kota Damansara,4.5,34.0,KJL[KLCC > Pasar Seni (KJL)] >> SBK[Pasar Seni (SBK) > Kota Damansara],1,1+ transfer,RM 4.50,34 min
KLCC,Surian,KLCC → Surian,4.3,31.0,KJL[KLCC > Pasar Seni (KJL)] >> SBK[Pasar Seni (SBK) > Surian],1,1+ transfer,RM 4.30,31 min
KLCC,Mutiara Damansara,KLCC → Mutiara Damansara,4.4,28.0,KJL[KLCC > Pasar Seni (KJL)] >> SBK[Pasar Seni (SBK) > Mutiara Damansara],1,1+ transfer,RM 4.40,28 min
KLCC,Bandar Utama,KLCC → Bandar Utama,4.1,26.0,KJL[KLCC > Pasar Seni (KJL)] >> SBK[Pasar Seni (SBK) > Bandar Utama],1,1+ transfer,RM 4.10,26 min
KLCC,TTDI,KLCC → TTDI,3.8,23.0,KJL[KLCC > Pasar Seni (KJL)] >> SBK[Pasar Seni (SBK) > TTDI],1,1+ transfer,RM 3.80,23 min
KLCC,Phileo Damansara,KLCC → Phileo Damansara,3.8,20.0,KJL[KLCC > Pasar Seni (KJL)] >> SBK[Pasar Seni (SBK) > Phileo Damansara],1,1+ transfer,RM 3.80,20 min
KLCC,Pusat Bandar Damansara,KLCC → Pusat Bandar Damansara,3.0,16.0,KJL[KLCC > Pasar Seni (KJL)] >> SBK[Pasar Seni (SBK) > Pusat Bandar Damansara],1,1+ transfer,RM 3.00,16 min
KLCC,Semantan,KLCC → Semantan,3.0,14.0,KJL[KLCC > Pasar Seni (KJL)] >> SBK[Pasar Seni (SBK) > Semantan],1,1+ transfer,RM 3.00,14 min
KLCC,Muzium Negara,KLCC → Muzium Negara,2.2,10.0,KJL[KLCC > Pasar Seni (KJL)] >> SBK[Pasar Seni (SBK) > Muzium Negara],1,1+ transfer,RM 2.20,10 min
KLCC,Pasar Seni (SBK),KLCC → Pasar Seni (SBK),1.9,8.0,KJL[KLCC > Pasar Seni (KJL)] >> SBK[Pasar Seni (SBK) > Pasar Seni (SBK)],1,1+ transfer,RM 1.90,8 min
KLCC,Merdeka,KLCC → Merdeka,1.9,9.0,KJL[KLCC > Pasar Seni (KJL)] >> SBK[Pasar Seni (SBK) > Merdeka],1,1+ transfer,RM 1.90,9 min
KLCC,Bukit Bintang,KLCC → Bukit Bintang,2.2,12.0,KJL[KLCC > Pasar Seni (KJL)] >> SBK[Pasar Seni (SBK) > Bukit Bintang],1,1+ transfer,RM 2.20,12 min
KLCC,Tun Razak Exchange (TRX),KLCC → Tun Razak Exchange (TRX),2.6,14.0,KJL[KLCC > Pasar Seni (KJL)] >> SBK[Pasar Seni (SBK) > Tun Razak Exchange (TRX)],1,1+ transfer,RM 2.60,14 min
KLCC,Cochrane,KLCC → Cochrane,2.9,17.0,KJL[KLCC > Pasar Seni (KJL)] >> SBK[Pasar Seni (SBK) > Cochrane],1,1+ transfer,RM 2.90,17 min
KLCC,Maluri (SBK),KLCC → Maluri (SBK),2.9,18.0,KJL[KLCC > Pasar Seni (KJL)] >> SBK[Pasar Seni (SBK) > Maluri (SBK)],1,1+ transfer,RM 2.90,18 min
KLCC,Taman Pertama,KLCC → Taman Pertama,3.5,22.0,KJL[KLCC > Pasar Seni (KJL)] >> SBK[Pasar Seni (SBK) > Taman Pertama],1,1+ transfer,RM 3.50,22 min
KLCC,Taman Midah,KLCC → Taman Midah,3.7,24.0,KJL[KLCC > Pasar Seni (KJL)] >> SBK[Pasar Seni (SBK) > Taman Midah],1,1+ transfer,RM 3.70,24 min
KLCC,Taman Mutiara,KLCC → Taman Mutiara,4.0,26.0,KJL[KLCC > Pasar Seni (KJL)] >> SBK[Pasar Seni (SBK) > Taman Mutiara],1,1+ transfer,RM 4.00,26 min
KLCC,Taman Connaught,KLCC → Taman Connaught,4.3,29.0,KJL[KLCC > Pasar Seni (KJL)] >> SBK[Pasar Seni (SBK) > Taman Connaught],1,1+ transfer,RM 4.30,29 min
KLCC,Taman Suntex,KLCC → Taman Suntex,4.8,31.0,KJL[KLCC > Pasar Seni (KJL)] >> SBK[Pasar Seni (SBK) > Taman Suntex],1,1+ transfer,RM 4.80,31 min
KLCC,Sri Raya,KLCC → Sri Raya,4.8,34.0,KJL[KLCC > Pasar Seni (KJL)] >> SBK[Pasar Seni (SBK) > Sri Raya],1,1+ transfer,RM 4.80,34 min
KLCC,Bandar Tun Hussein Onn,KLCC → Bandar Tun Hussein Onn,5.1,36.0,KJL[KLCC > Pasar Seni (KJL)] >> SBK[Pasar Seni (SBK) > Bandar Tun Hussein Onn],1,1+ transfer,RM 5.10,36 min
KLCC,Batu 11 Cheras,KLCC → Batu 11 Cheras,5.2,38.0,KJL[KLCC > Pasar Seni (KJL)] >> SBK[Pasar Seni (SBK) > Batu 11 Cheras],1,1+ transfer,RM 5.20,38 min
KLCC,Bukit Dukung,KLCC → Bukit Dukung,5.1,41.0,KJL[KLCC > Pasar Seni (KJL)] >> SBK[Pasar Seni (SBK) > Bukit Dukung],1,1+ transfer,RM 5.10,41 min
KLCC,Sungai Jernih,KLCC → Sungai Jernih,5.6,45.0,KJL[KLCC > Pasar Seni (KJL)] >> SBK[Pasar Seni (SBK) > Sungai Jernih],1,1+ transfer,RM 5.60,45 min
KLCC,Stadium Kajang,KLCC → Stadium Kajang,5.7,46.0,KJL[KLCC > Pasar Seni (KJL)] >> SBK[Pasar Seni (SBK) > Stadium Kajang],1,1+ transfer,RM 5.70,46 min
KLCC,Kajang,KLCC → Kajang,5.4,49.0,KJL[KLCC > Pasar Seni (KJL)] >> SBK[Pasar Seni (SBK) > Kajang],1,1+ transfer,RM 5.40,49 min
Kampung Baru,Dang Wangi,Kampung Baru → Dang Wangi,1.1,2.0,KJL[Kampung Baru > Dang Wangi],0,Direct journey,RM 1.10,2 min
Kampung Baru,Masjid Jamek (KJL),Kampung Baru → Masjid Jamek (KJL),1.4,4.0,KJL[Kampung Baru > Masjid Jamek (KJL)],0,Direct journey,RM 1.40,4 min
Kampung Baru,Pasar Seni (KJL),Kampung Baru → Pasar Seni (KJL),1.7,5.0,KJL[Kampung Baru > Pasar Seni (KJL)],0,Direct journey,RM 1.70,5 min
Kampung Baru,KL Sentral (KJL),Kampung Baru → KL Sentral (KJL),1.9,8.0,KJL[Kampung Baru > KL Sentral (KJL)],0,Direct journey,RM 1.90,8 min
Kampung Baru,Bangsar,Kampung Baru → Bangsar,2.2,10.0,KJL[Kampung Baru > Bangsar],0,Direct journey,RM 2.20,10 min
Kampung Baru,Abdullah Hukum,Kampung Baru → Abdullah Hukum,2.5,13.0,KJL[Kampung Baru > Abdullah Hukum],0,Direct journey,RM 2.50,13 min
Kampung Baru,Kerinchi,Kampung Baru → Kerinchi,2.6,14.0,KJL[Kampung Baru > Kerinchi],0,Direct journey,RM 2.60,14 min
Kampung Baru,Universiti,Kampung Baru → Universiti,2.8,16.0,KJL[Kampung Baru > Universiti],0,Direct journey,RM 2.80,16 min
Kampung Baru,Taman Jaya,Kampung Baru → Taman Jaya,3.0,20.0,KJL[Kampung Baru > Taman Jaya],0,Direct journey,RM 3.00,20 min
Kampung Baru,Asia Jaya,Kampung Baru → Asia Jaya,3.1,22.0,KJL[Kampung Baru > Asia Jaya],0,Direct journey,RM 3.10,22 min
Kampung Baru,Taman Paramount,Kampung Baru → Taman Paramount,3.4,25.0,KJL[Kampung Baru > Taman Paramount],0,Direct journey,RM 3.40,25 min
Kampung Baru,Taman Bahagia,Kampung Baru → Taman Bahagia,3.2,28.0,KJL[Kampung Baru > Taman Bahagia],0,Direct journey,RM 3.20,28 min
Kampung Baru,Kelana Jaya,Kampung Baru → Kelana Jaya,3.4,30.0,KJL[Kampung Baru > Kelana Jaya],0,Direct journey,RM 3.40,30 min
Kampung Baru,Lembah Subang,Kampung Baru → Lembah Subang,3.6,33.0,KJL[Kampung Baru > Lembah Subang],0,Direct journey,RM 3.60,33 min
Kampung Baru,Ara Damansara,Kampung Baru → Ara Damansara,3.7,35.0,KJL[Kampung Baru > Ara Damansara],0,Direct journey,RM 3.70,35 min
Kampung Baru,Glenmarie,Kampung Baru → Glenmarie,3.3,38.0,KJL[Kampung Baru > Glenmarie],0,Direct journey,RM 3.30,38 min
Kampung Baru,Subang Jaya,Kampung Baru → Subang Jaya,3.5,39.0,KJL[Kampung Baru > Subang Jaya],0,Direct journey,RM 3.50,39 min
Kampung Baru,SS 15,Kampung Baru → SS 15,3.7,43.0,KJL[Kampung Baru > SS 15],0,Direct journey,RM 3.70,43 min
Kampung Baru,SS 18,Kampung Baru → SS 18,3.8,45.0,KJL[Kampung Baru > SS 18],0,Direct journey,RM 3.80,45 min
Kampung Baru,USJ 7 (KJL),Kampung Baru → USJ 7 (KJL),3.3,48.0,KJL[Kampung Baru > USJ 7 (KJL)],0,Direct journey,RM 3.30,48 min
Kampung Baru,Taipan,Kampung Baru → Taipan,3.4,49.0,KJL[Kampung Baru > Taipan],0,Direct journey,RM 3.40,49 min
Kampung Baru,Wawasan,Kampung Baru → Wawasan,3.5,52.0,KJL[Kampung Baru > Wawasan],0,Direct journey,RM 3.50,52 min
Kampung Baru,USJ 21,Kampung Baru → USJ 21,3.6,54.0,KJL[Kampung Baru > USJ 21],0,Direct journey,RM 3.60,54 min
Kampung Baru,Alam Megah,Kampung Baru → Alam Megah,3.8,57.0,KJL[Kampung Baru > Alam Megah],0,Direct journey,RM 3.80,57 min
Kampung Baru,Subang Alam,Kampung Baru → Subang Alam,3.9,60.0,KJL[Kampung Baru > Subang Alam],0,Direct journey,RM 3.90,60 min
Kampung Baru,Putra Heights (KJL),Kampung Baru → Putra Heights (KJL),4.0,64.0,KJL[Kampung Baru > Putra Heights (KJL)],0,Direct journey,RM 4.00,64 min
Kampung Baru,Sungai Buloh,Kampung Baru → Sungai Buloh,4.1,42.0,KJL[Kampung Baru > Pasar Seni (KJL)] >> SBK[Pasar Seni (SBK) > Sungai Buloh],1,1+ transfer,RM 4.10,42 min
Kampung Baru,Kampung Selamat,Kampung Baru → Kampung Selamat,4.7,40.0,KJL[Kampung Baru > Pasar Seni (KJL)] >> SBK[Pasar Seni (SBK) > Kampung Selamat],1,1+ transfer,RM 4.70,40 min
Kampung Baru,Kwasa Damansara,Kampung Baru → Kwasa Damansara,4.4,38.0,KJL[Kampung Baru > Pasar Seni (KJL)] >> SBK[Pasar Seni (SBK) > Kwasa Damansara],1,1+ transfer,RM 4.40,38 min
Kampung Baru,Kwasa Sentral,Kampung Baru → Kwasa Sentral,4.2,35.0,KJL[Kampung Baru > Pasar Seni (KJL)] >> SBK[Pasar Seni (SBK) > Kwasa Sentral],1,1+ transfer,RM 4.20,35 min
Kampung Baru,Kota Damansara,Kampung Baru → Kota Damansara,4.4,32.0,KJL[Kampung Baru > Pasar Seni (KJL)] >> SBK[Pasar Seni (SBK) > Kota Damansara],1,1+ transfer,RM 4.40,32 min
Kampung Baru,Surian,Kampung Baru → Surian,4.1,29.0,KJL[Kampung Baru > Pasar Seni (KJL)] >> SBK[Pasar Seni (SBK) > Surian],1,1+ transfer,RM 4.10,29 min
Kampung Baru,Mutiara Damansara,Kampung Baru → Mutiara Damansara,4.2,26.0,KJL[Kampung Baru > Pasar Seni (KJL)] >> SBK[Pasar Seni (SBK) > Mutiara Damansara],1,1+ transfer,RM 4.20,26 min
Kampung Baru,Bandar Utama,Kampung Baru → Bandar Utama,4.0,24.0,KJL[Kampung Baru > Pasar Seni (KJL)] >> SBK[Pasar Seni (SBK) > Bandar Utama],1,1+ transfer,RM 4.00,24 min
Kampung Baru,TTDI,Kampung Baru → TTDI,3.6,21.0,KJL[Kampung Baru > Pasar Seni (KJL)] >> SBK[Pasar Seni (SBK) > TTDI],1,1+ transfer,RM 3.60,21 min
Kampung Baru,Phileo Damansara,Kampung Baru → Phileo Damansara,3.7,18.0,KJL[Kampung Baru > Pasar Seni (KJL)] >> SBK[Pasar Seni (SBK) > Phileo Damansara],1,1+ transfer,RM 3.70,18 min
Kampung Baru,Pusat Bandar Damansara,Kampung Baru → Pusat Bandar Damansara,2.7,14.0,KJL[Kampung Baru > Pasar Seni (KJL)] >> SBK[Pasar Seni (SBK) > Pusat Bandar Damansara],1,1+ transfer,RM 2.70,14 min
Kampung Baru,Semantan,Kampung Baru → Semantan,2.7,12.0,KJL[Kampung Baru > Pasar Seni (KJL)] >> SBK[Pasar Seni (SBK) > Semantan],1,1+ transfer,RM 2.70,12 min
Kampung Baru,Muzium Negara,Kampung Baru → Muzium Negara,2.0,8.0,KJL[Kampung Baru > Pasar Seni (KJL)] >> SBK[Pasar Seni (SBK) > Muzium Negara],1,1+ transfer,RM 2.00,8 min
Kampung Baru,Pasar Seni (SBK),Kampung Baru → Pasar Seni (SBK),1.7,6.0,KJL[Kampung Baru > Pasar Seni (KJL)] >> SBK[Pasar Seni (SBK) > Pasar Seni (SBK)],1,1+ transfer,RM 1.70,6 min
Kampung Baru,Merdeka,Kampung Baru → Merdeka,1.7,7.0,KJL[Kampung Baru > Pasar Seni (KJL)] >> SBK[Pasar Seni (SBK) > Merdeka],1,1+ transfer,RM 1.70,7 min
Kampung Baru,Bukit Bintang,Kampung Baru → Bukit Bintang,2.0,10.0,KJL[Kampung Baru > Pasar Seni (KJL)] >> SBK[Pasar Seni (SBK) > Bukit Bintang],1,1+ transfer,RM 2.00,10 min
Kampung Baru,Tun Razak Exchange (TRX),Kampung Baru → Tun Razak Exchange (TRX),2.3,12.0,KJL[Kampung Baru > Pasar Seni (KJL)] >> SBK[Pasar Seni (SBK) > Tun Razak Exchange (TRX)],1,1+ transfer,RM 2.30,12 min
Kampung Baru,Cochrane,Kampung Baru → Cochrane,2.6,15.0,KJL[Kampung Baru > Pasar Seni (KJL)] >> SBK[Pasar Seni (SBK) > Cochrane],1,1+ transfer,RM 2.60,15 min
Kampung Baru,Maluri (SBK),Kampung Baru → Maluri (SBK),2.6,16.0,KJL[Kampung Baru > Pasar Seni (KJL)] >> SBK[Pasar Seni (SBK) > Maluri (SBK)],1,1+ transfer,RM 2.60,16 min
Kampung Baru,Taman Pertama,Kampung Baru → Taman Pertama,3.2,20.0,KJL[Kampung Baru > Pasar Seni (KJL)] >> SBK[Pasar Seni (SBK) > Taman Pertama],1,1+ transfer,RM 3.20,20 min
Kampung Baru,Taman Midah,Kampung Baru → Taman Midah,3.4,22.0,KJL[Kampung Baru > Pasar Seni (KJL)] >> SBK[Pasar Seni (SBK) > Taman Midah],1,1+ transfer,RM 3.40,22 min
Kampung Baru,Taman Mutiara,Kampung Baru → Taman Mutiara,3.7,24.0,KJL[Kampung Baru > Pasar Seni (KJL)] >> SBK[Pasar Seni (SBK) > Taman Mutiara],1,1+ transfer,RM 3.70,24 min
Kampung Baru,Taman Connaught,Kampung Baru → Taman Connaught,4.1,27.0,KJL[Kampung Baru > Pasar Seni (KJL)] >> SBK[Pasar Seni (SBK) > Taman Connaught],1,1+ transfer,RM 4.10,27 min
Kampung Baru,Taman Suntex,Kampung Baru → Taman Suntex,4.6,29.0,KJL[Kampung Baru > Pasar Seni (KJL)] >> SBK[Pasar Seni (SBK) > Taman Suntex],1,1+ transfer,RM 4.60,29 min
Kampung Baru,Sri Raya,Kampung Baru → Sri Raya,4.5,32.0,KJL[Kampung Baru > Pasar Seni (KJL)] >> SBK[Pasar Seni (SBK) > Sri Raya],1,1+ transfer,RM 4.50,32 min
Kampung Baru,Bandar Tun Hussein Onn,Kampung Baru → Bandar Tun Hussein Onn,4.8,34.0,KJL[Kampung Baru > Pasar Seni (KJL)] >> SBK[Pasar Seni (SBK) > Bandar Tun Hussein Onn],1,1+ transfer,RM 4.80,34 min
Kampung Baru,Batu 11 Cheras,Kampung Baru → Batu 11 Cheras,4.9,36.0,KJL[Kampung Baru > Pasar Seni (KJL)] >> SBK[Pasar Seni (SBK) > Batu 11 Cheras],1,1+ transfer,RM 4.90,36 min
Kampung Baru,Bukit Dukung,Kampung Baru → Bukit Dukung,4.8,39.0,KJL[Kampung Baru > Pasar Seni (KJL)] >> SBK[Pasar Seni (SBK) > Bukit Dukung],1,1+ transfer,RM 4.80,39 min
Kampung Baru,Sungai Jernih,Kampung Baru → Sungai Jernih,5.3,43.0,KJL[Kampung Baru > Pasar Seni (KJL)] >> SBK[Pasar Seni (SBK) > Sungai Jernih],1,1+ transfer,RM 5.30,43 min
Kampung Baru,Stadium Kajang,Kampung Baru → Stadium Kajang,5.5,44.0,KJL[Kampung Baru > Pasar Seni (KJL)] >> SBK[Pasar Seni (SBK) > Stadium Kajang],1,1+ transfer,RM 5.50,44 min
Kampung Baru,Kajang,Kampung Baru → Kajang,5.1,47.0,KJL[Kampung Baru > Pasar Seni (KJL)] >> SBK[Pasar Seni (SBK) > Kajang],1,1+ transfer,RM 5.10,47 min
Dang Wangi,Masjid Jamek (KJL),Dang Wangi → Masjid Jamek (KJL),1.2,2.0,KJL[Dang Wangi > Masjid Jamek (KJL)],0,Direct journey,RM 1.20,2 min
Dang Wangi,Pasar Seni (KJL),Dang Wangi → Pasar Seni (KJL),1.4,3.0,KJL[Dang Wangi > 1],0,Direct journey,RM 1.40,3 min
Dang Wangi,KL Sentral (KJL),Dang Wangi → KL Sentral (KJL),1.8,6.0,KJL[Dang Wangi > KL Sentral (KJL)],0,Direct journey,RM 1.80,6 min
Dang Wangi,Bangsar,Dang Wangi → Bangsar,1.9,8.0,KJL[Dang Wangi > Bangsar],0,Direct journey,RM 1.90,8 min
Dang Wangi,Abdullah Hukum,Dang Wangi → Abdullah Hukum,2.2,11.0,KJL[Dang Wangi > Abdullah Hukum],0,Direct journey,RM 2.20,11 min
Dang Wangi,Kerinchi,Dang Wangi → Kerinchi,2.4,12.0,KJL[Dang Wangi > Kerinchi],0,Direct journey,RM 2.40,12 min
Dang Wangi,Universiti,Dang Wangi → Universiti,2.6,14.0,KJL[Dang Wangi > Universiti],0,Direct journey,RM 2.60,14 min
Dang Wangi,Taman Jaya,Dang Wangi → Taman Jaya,2.8,18.0,KJL[Dang Wangi > Taman Jaya],0,Direct journey,RM 2.80,18 min
Dang Wangi,Asia Jaya,Dang Wangi → Asia Jaya,2.9,20.0,KJL[Dang Wangi > Asia Jaya],0,Direct journey,RM 2.90,20 min
Dang Wangi,Taman Paramount,Dang Wangi → Taman Paramount,3.2,23.0,KJL[Dang Wangi > Taman Paramount],0,Direct journey,RM 3.20,23 min
Dang Wangi,Taman Bahagia,Dang Wangi → Taman Bahagia,3.1,26.0,KJL[Dang Wangi > Taman Bahagia],0,Direct journey,RM 3.10,26 min
Dang Wangi,Kelana Jaya,Dang Wangi → Kelana Jaya,3.2,28.0,KJL[Dang Wangi > Kelana Jaya],0,Direct journey,RM 3.20,28 min
Dang Wangi,Lembah Subang,Dang Wangi → Lembah Subang,3.4,31.0,KJL[Dang Wangi > Lembah Subang],0,Direct journey,RM 3.40,31 min
Dang Wangi,Ara Damansara,Dang Wangi → Ara Damansara,3.6,33.0,KJL[Dang Wangi > Ara Damansara],0,Direct journey,RM 3.60,33 min
Dang Wangi,Glenmarie,Dang Wangi → Glenmarie,3.8,36.0,KJL[Dang Wangi > Glenmarie],0,Direct journey,RM 3.80,36 min
Dang Wangi,Subang Jaya,Dang Wangi → Subang Jaya,3.4,37.0,KJL[Dang Wangi > Subang Jaya],0,Direct journey,RM 3.40,37 min
Dang Wangi,SS 15,Dang Wangi → SS 15,3.6,41.0,KJL[Dang Wangi > SS 15],0,Direct journey,RM 3.60,41 min
Dang Wangi,SS 18,Dang Wangi → SS 18,3.7,43.0,KJL[Dang Wangi > SS 18],0,Direct journey,RM 3.70,43 min
Dang Wangi,USJ 7 (KJL),Dang Wangi → USJ 7 (KJL),3.2,46.0,KJL[Dang Wangi > USJ 7 (KJL)],0,Direct journey,RM 3.20,46 min
Dang Wangi,Taipan,Dang Wangi → Taipan,3.3,47.0,KJL[Dang Wangi > Taipan],0,Direct journey,RM 3.30,47 min
Dang Wangi,Wawasan,Dang Wangi → Wawasan,3.4,50.0,KJL[Dang Wangi > Wawasan],0,Direct journey,RM 3.40,50 min
Dang Wangi,USJ 21,Dang Wangi → USJ 21,3.5,52.0,KJL[Dang Wangi > USJ 21],0,Direct journey,RM 3.50,52 min
Dang Wangi,Alam Megah,Dang Wangi → Alam Megah,3.7,55.0,KJL[Dang Wangi > Alam Megah],0,Direct journey,RM 3.70,55 min
Dang Wangi,Subang Alam,Dang Wangi → Subang Alam,3.8,58.0,KJL[Dang Wangi > Subang Alam],0,Direct journey,RM 3.80,58 min
Dang Wangi,Putra Heights (KJL),Dang Wangi → Putra Heights (KJL),4.0,62.0,KJL[Dang Wangi > Putra Heights (KJL)],0,Direct journey,RM 4.00,62 min
Dang Wangi,Sungai Buloh,Dang Wangi → Sungai Buloh,3.8,40.0,KJL[Dang Wangi > Pasar Seni (KJL)] >> SBK[Pasar Seni (SBK) > Sungai Buloh],1,1+ transfer,RM 3.80,40 min
Dang Wangi,Kampung Selamat,Dang Wangi → Kampung Selamat,4.4,38.0,KJL[Dang Wangi > Pasar Seni (KJL)] >> SBK[Pasar Seni (SBK) > Kampung Selamat],1,1+ transfer,RM 4.40,38 min
Dang Wangi,Kwasa Damansara,Dang Wangi → Kwasa Damansara,4.1,36.0,KJL[Dang Wangi > Pasar Seni (KJL)] >> SBK[Pasar Seni (SBK) > Kwasa Damansara],1,1+ transfer,RM 4.10,36 min
Dang Wangi,Kwasa Sentral,Dang Wangi → Kwasa Sentral,4.0,33.0,KJL[Dang Wangi > Pasar Seni (KJL)] >> SBK[Pasar Seni (SBK) > Kwasa Sentral],1,1+ transfer,RM 4.00,33 min
Dang Wangi,Kota Damansara,Dang Wangi → Kota Damansara,4.1,30.0,KJL[Dang Wangi > Pasar Seni (KJL)] >> SBK[Pasar Seni (SBK) > Kota Damansara],1,1+ transfer,RM 4.10,30 min
Dang Wangi,Surian,Dang Wangi → Surian,3.9,27.0,KJL[Dang Wangi > Pasar Seni (KJL)] >> SBK[Pasar Seni (SBK) > Surian],1,1+ transfer,RM 3.90,27 min
Dang Wangi,Mutiara Damansara,Dang Wangi → Mutiara Damansara,4.0,24.0,KJL[Dang Wangi > Pasar Seni (KJL)] >> SBK[Pasar Seni (SBK) > Mutiara Damansara],1,1+ transfer,RM 4.00,24 min
Dang Wangi,Bandar Utama,Dang Wangi → Bandar Utama,3.7,22.0,KJL[Dang Wangi > Pasar Seni (KJL)] >> SBK[Pasar Seni (SBK) > Bandar Utama],1,1+ transfer,RM 3.70,22 min
Dang Wangi,TTDI,Dang Wangi → TTDI,3.4,19.0,KJL[Dang Wangi > Pasar Seni (KJL)] >> SBK[Pasar Seni (SBK) > TTDI],1,1+ transfer,RM 3.40,19 min
Dang Wangi,Phileo Damansara,Dang Wangi → Phileo Damansara,3.4,16.0,KJL[Dang Wangi > Pasar Seni (KJL)] >> SBK[Pasar Seni (SBK) > Phileo Damansara],1,1+ transfer,RM 3.40,16 min
Dang Wangi,Pusat Bandar Damansara,Dang Wangi → Pusat Bandar Damansara,2.4,12.0,KJL[Dang Wangi > Pasar Seni (KJL)] >> SBK[Pasar Seni (SBK) > Pusat Bandar Damansara],1,1+ transfer,RM 2.40,12 min
Dang Wangi,Semantan,Dang Wangi → Semantan,2.4,10.0,KJL[Dang Wangi > Pasar Seni (KJL)] >> SBK[Pasar Seni (SBK) > Semantan],1,1+ transfer,RM 2.40,10 min
Dang Wangi,Muzium Negara,Dang Wangi → Muzium Negara,1.8,6.0,KJL[Dang Wangi > Pasar Seni (KJL)] >> SBK[Pasar Seni (SBK) > Muzium Negara],1,1+ transfer,RM 1.80,6 min
Dang Wangi,Pasar Seni (SBK),Dang Wangi → Pasar Seni (SBK),1.4,4.0,KJL[Dang Wangi > Pasar Seni (KJL)] >> SBK[Pasar Seni (SBK) > Pasar Seni (SBK)],1,1+ transfer,RM 1.40,4 min
Dang Wangi,Merdeka,Dang Wangi → Merdeka,1.4,5.0,KJL[Dang Wangi > Pasar Seni (KJL)] >> SBK[Pasar Seni (SBK) > Merdeka],1,1+ transfer,RM 1.40,5 min
Dang Wangi,Bukit Bintang,Dang Wangi → Bukit Bintang,1.7,8.0,KJL[Dang Wangi > Pasar Seni (KJL)] >> SBK[Pasar Seni (SBK) > Bukit Bintang],1,1+ transfer,RM 1.70,8 min
Dang Wangi,Tun Razak Exchange (TRX),Dang Wangi → Tun Razak Exchange (TRX),2.1,10.0,KJL[Dang Wangi > Pasar Seni (KJL)] >> SBK[Pasar Seni (SBK) > Tun Razak Exchange (TRX)],1,1+ transfer,RM 2.10,10 min
Dang Wangi,Cochrane,Dang Wangi → Cochrane,2.4,13.0,KJL[Dang Wangi > Pasar Seni (KJL)] >> SBK[Pasar Seni (SBK) > Cochrane],1,1+ transfer,RM 2.40,13 min
Dang Wangi,Maluri (SBK),Dang Wangi → Maluri (SBK),2.4,14.0,KJL[Dang Wangi > Pasar Seni (KJL)] >> SBK[Pasar Seni (SBK) > Maluri (SBK)],1,1+ transfer,RM 2.40,14 min
Dang Wangi,Taman Pertama,Dang Wangi → Taman Pertama,2.8,18.0,KJL[Dang Wangi > Pasar Seni (KJL)] >> SBK[Pasar Seni (SBK) > Taman Pertama],1,1+ transfer,RM 2.80,18 min
Dang Wangi,Taman Midah,Dang Wangi → Taman Midah,3.2,20.0,KJL[Dang Wangi > Pasar Seni (KJL)] >> SBK[Pasar Seni (SBK) > Taman Midah],1,1+ transfer,RM 3.20,20 min
Dang Wangi,Taman Mutiara,Dang Wangi → Taman Mutiara,3.5,22.0,KJL[Dang Wangi > Pasar Seni (KJL)] >> SBK[Pasar Seni (SBK) > Taman Mutiara],1,1+ transfer,RM 3.50,22 min
Dang Wangi,Taman Connaught,Dang Wangi → Taman Connaught,3.8,25.0,KJL[Dang Wangi > Pasar Seni (KJL)] >> SBK[Pasar Seni (SBK) > Taman Connaught],1,1+ transfer,RM 3.80,25 min
Dang Wangi,Taman Suntex,Dang Wangi → Taman Suntex,4.3,27.0,KJL[Dang Wangi > Pasar Seni (KJL)] >> SBK[Pasar Seni (SBK) > Taman Suntex],1,1+ transfer,RM 4.30,27 min
Dang Wangi,Sri Raya,Dang Wangi → Sri Raya,4.2,30.0,KJL[Dang Wangi > Pasar Seni (KJL)] >> SBK[Pasar Seni (SBK) > Sri Raya],1,1+ transfer,RM 4.20,30 min
Dang Wangi,Bandar Tun Hussein Onn,Dang Wangi → Bandar Tun Hussein Onn,4.5,32.0,KJL[Dang Wangi > Pasar Seni (KJL)] >> SBK[Pasar Seni (SBK) > Bandar Tun Hussein Onn],1,1+ transfer,RM 4.50,32 min
Dang Wangi,Batu 11 Cheras,Dang Wangi → Batu 11 Cheras,4.7,34.0,KJL[Dang Wangi > Pasar Seni (KJL)] >> SBK[Pasar Seni (SBK) > Batu 11 Cheras],1,1+ transfer,RM 4.70,34 min
Dang Wangi,Bukit Dukung,Dang Wangi → Bukit Dukung,4.6,37.0,KJL[Dang Wangi > Pasar Seni (KJL)] >> SBK[Pasar Seni (SBK) > Bukit Dukung],1,1+ transfer,RM 4.60,37 min
Dang Wangi,Sungai Jernih,Dang Wangi → Sungai Jernih,5.1,41.0,KJL[Dang Wangi > Pasar Seni (KJL)] >> SBK[Pasar Seni (SBK) > Sungai Jernih],1,1+ transfer,RM 5.10,41 min
Dang Wangi,Stadium Kajang,Dang Wangi → Stadium Kajang,5.2,42.0,KJL[Dang Wangi > Pasar Seni (KJL)] >> SBK[Pasar Seni (SBK) > Stadium Kajang],1,1+ transfer,RM 5.20,42 min
Dang Wangi,Kajang,Dang Wangi → Kajang,4.8,45.0,KJL[Dang Wangi > Pasar Seni (KJL)] >> SBK[Pasar Seni (SBK) > Kajang],1,1+ transfer,RM 4.80,45 min
Masjid Jamek (KJL),Pasar Seni (KJL),Masjid Jamek (KJL) → Pasar Seni (KJL),1.1,1.0,KJL[Masjid Jamek (KJL) > Pasar Seni (KJL)],0,Direct journey,RM 1.10,1 min
Masjid Jamek (KJL),KL Sentral (KJL),Masjid Jamek (KJL) → KL Sentral (KJL),1.5,4.0,KJL[Masjid Jamek (KJL) > KL Sentral (KJL)],0,Direct journey,RM 1.50,4 min
Masjid Jamek (KJL),Bangsar,Masjid Jamek (KJL) → Bangsar,1.8,6.0,KJL[Masjid Jamek (KJL) > Bangsar],0,Direct journey,RM 1.80,6 min
Masjid Jamek (KJL),Abdullah Hukum,Masjid Jamek (KJL) → Abdullah Hukum,2.0,9.0,KJL[Masjid Jamek (KJL) > Abdullah Hukum],0,Direct journey,RM 2.00,9 min
Masjid Jamek (KJL),Kerinchi,Masjid Jamek (KJL) → Kerinchi,2.1,10.0,KJL[Masjid Jamek (KJL) > Kerinchi],0,Direct journey,RM 2.10,10 min
Masjid Jamek (KJL),Universiti,Masjid Jamek (KJL) → Universiti,2.3,12.0,KJL[Masjid Jamek (KJL) > Universiti],0,Direct journey,RM 2.30,12 min
Masjid Jamek (KJL),Taman Jaya,Masjid Jamek (KJL) → Taman Jaya,2.8,16.0,KJL[Masjid Jamek (KJL) > Taman Jaya],0,Direct journey,RM 2.80,16 min
Masjid Jamek (KJL),Asia Jaya,Masjid Jamek (KJL) → Asia Jaya,2.7,18.0,KJL[Masjid Jamek (KJL) > Asia Jaya],0,Direct journey,RM 2.70,18 min
Masjid Jamek (KJL),Taman Paramount,Masjid Jamek (KJL) → Taman Paramount,3.0,21.0,KJL[Masjid Jamek (KJL) > Taman Paramount],0,Direct journey,RM 3.00,21 min
Masjid Jamek (KJL),Taman Bahagia,Masjid Jamek (KJL) → Taman Bahagia,3.3,24.0,KJL[Masjid Jamek (KJL) > Taman Bahagia],0,Direct journey,RM 3.30,24 min
Masjid Jamek (KJL),Kelana Jaya,Masjid Jamek (KJL) → Kelana Jaya,3.4,26.0,KJL[Masjid Jamek (KJL) > Kelana Jaya],0,Direct journey,RM 3.40,26 min
Masjid Jamek (KJL),Lembah Subang,Masjid Jamek (KJL) → Lembah Subang,3.3,29.0,KJL[Masjid Jamek (KJL) > Lembah Subang],0,Direct journey,RM 3.30,29 min
Masjid Jamek (KJL),Ara Damansara,Masjid Jamek (KJL) → Ara Damansara,3.4,31.0,KJL[Masjid Jamek (KJL) > Ara Damansara],0,Direct journey,RM 3.40,31 min
Masjid Jamek (KJL),Glenmarie,Masjid Jamek (KJL) → Glenmarie,3.6,34.0,KJL[Masjid Jamek (KJL) > Glenmarie],0,Direct journey,RM 3.60,34 min
Masjid Jamek (KJL),Subang Jaya,Masjid Jamek (KJL) → Subang Jaya,3.3,35.0,KJL[Masjid Jamek (KJL) > Subang Jaya],0,Direct journey,RM 3.30,35 min
Masjid Jamek (KJL),SS 15,Masjid Jamek (KJL) → SS 15,3.4,39.0,KJL[Masjid Jamek (KJL) > SS 15],0,Direct journey,RM 3.40,39 min
Masjid Jamek (KJL),SS 18,Masjid Jamek (KJL) → SS 18,3.5,41.0,KJL[Masjid Jamek (KJL) > SS 18],0,Direct journey,RM 3.50,41 min
Masjid Jamek (KJL),USJ 7 (KJL),Masjid Jamek (KJL) → USJ 7 (KJL),3.8,44.0,KJL[Masjid Jamek (KJL) > USJ 7 (KJL)],0,Direct journey,RM 3.80,44 min
Masjid Jamek (KJL),Taipan,Masjid Jamek (KJL) → Taipan,3.2,45.0,KJL[Masjid Jamek (KJL) > Taipan],0,Direct journey,RM 3.20,45 min
Masjid Jamek (KJL),Wawasan,Masjid Jamek (KJL) → Wawasan,3.3,48.0,KJL[Masjid Jamek (KJL) > Wawasan],0,Direct journey,RM 3.30,48 min
Masjid Jamek (KJL),USJ 21,Masjid Jamek (KJL) → USJ 21,3.4,50.0,KJL[Masjid Jamek (KJL) > USJ 21],0,Direct journey,RM 3.40,50 min
Masjid Jamek (KJL),Alam Megah,Masjid Jamek (KJL) → Alam Megah,3.6,53.0,KJL[Masjid Jamek (KJL) > Alam Megah],0,Direct journey,RM 3.60,53 min
Masjid Jamek (KJL),Subang Alam,Masjid Jamek (KJL) → Subang Alam,3.7,56.0,KJL[Masjid Jamek (KJL) > Subang Alam],0,Direct journey,RM 3.70,56 min
Masjid Jamek (KJL),Putra Heights (KJL),Masjid Jamek (KJL) → Putra Heights (KJL),3.8,60.0,KJL[Masjid Jamek (KJL) > Putra Heights (KJL)],0,Direct journey,RM 3.80,60 min
Masjid Jamek (KJL),Sungai Buloh,Masjid Jamek (KJL) → Sungai Buloh,3.5,38.0,KJL[Masjid Jamek (KJL) > Pasar Seni (KJL)] >> SBK[Pasar Seni (SBK) > Sungai Buloh],1,1+ transfer,RM 3.50,38 min
Masjid Jamek (KJL),Kampung Selamat,Masjid Jamek (KJL) → Kampung Selamat,4.1,36.0,KJL[Masjid Jamek (KJL) > Pasar Seni (KJL)] >> SBK[Pasar Seni (SBK) > Kampung Selamat],1,1+ transfer,RM 4.10,36 min
Masjid Jamek (KJL),Kwasa Damansara,Masjid Jamek (KJL) → Kwasa Damansara,3.8,34.0,KJL[Masjid Jamek (KJL) > Pasar Seni (KJL)] >> SBK[Pasar Seni (SBK) > Kwasa Damansara],1,1+ transfer,RM 3.80,34 min
Masjid Jamek (KJL),Kwasa Sentral,Masjid Jamek (KJL) → Kwasa Sentral,3.6,31.0,KJL[Masjid Jamek (KJL) > Pasar Seni (KJL)] >> SBK[Pasar Seni (SBK) > Kwasa Sentral],1,1+ transfer,RM 3.60,31 min
Masjid Jamek (KJL),Kota Damansara,Masjid Jamek (KJL) → Kota Damansara,3.8,28.0,KJL[Masjid Jamek (KJL) > Pasar Seni (KJL)] >> SBK[Pasar Seni (SBK) > Kota Damansara],1,1+ transfer,RM 3.80,28 min
Masjid Jamek (KJL),Surian,Masjid Jamek (KJL) → Surian,3.6,25.0,KJL[Masjid Jamek (KJL) > Pasar Seni (KJL)] >> SBK[Pasar Seni (SBK) > Surian],1,1+ transfer,RM 3.60,25 min
Masjid Jamek (KJL),Mutiara Damansara,Masjid Jamek (KJL) → Mutiara Damansara,3.7,22.0,KJL[Masjid Jamek (KJL) > Pasar Seni (KJL)] >> SBK[Pasar Seni (SBK) > Mutiara Damansara],1,1+ transfer,RM 3.70,22 min
Masjid Jamek (KJL),Bandar Utama,Masjid Jamek (KJL) → Bandar Utama,3.4,20.0,KJL[Masjid Jamek (KJL) > Pasar Seni (KJL)] >> SBK[Pasar Seni (SBK) > Bandar Utama],1,1+ transfer,RM 3.40,20 min
Masjid Jamek (KJL),TTDI,Masjid Jamek (KJL) → TTDI,3.1,17.0,KJL[Masjid Jamek (KJL) > Pasar Seni (KJL)] >> SBK[Pasar Seni (SBK) > TTDI],1,1+ transfer,RM 3.10,17 min
Masjid Jamek (KJL),Phileo Damansara,Masjid Jamek (KJL) → Phileo Damansara,3.1,14.0,KJL[Masjid Jamek (KJL) > Pasar Seni (KJL)] >> SBK[Pasar Seni (SBK) > Phileo Damansara],1,1+ transfer,RM 3.10,14 min
Masjid Jamek (KJL),Pusat Bandar Damansara,Masjid Jamek (KJL) → Pusat Bandar Damansara,2.1,10.0,KJL[Masjid Jamek (KJL) > Pasar Seni (KJL)] >> SBK[Pasar Seni (SBK) > Pusat Bandar Damansara],1,1+ transfer,RM 2.10,10 min
Masjid Jamek (KJL),Semantan,Masjid Jamek (KJL) → Semantan,2.1,8.0,KJL[Masjid Jamek (KJL) > Pasar Seni (KJL)] >> SBK[Pasar Seni (SBK) > Semantan],1,1+ transfer,RM 2.10,8 min
Masjid Jamek (KJL),Muzium Negara,Masjid Jamek (KJL) → Muzium Negara,1.4,4.0,KJL[Masjid Jamek (KJL) > Pasar Seni (KJL)] >> SBK[Pasar Seni (SBK) > Muzium Negara],1,1+ transfer,RM 1.40,4 min
Masjid Jamek (KJL),Pasar Seni (SBK),Masjid Jamek (KJL) → Pasar Seni (SBK),1.1,2.0,KJL[Masjid Jamek (KJL) > Pasar Seni (KJL)] >> SBK[Pasar Seni (SBK) > Pasar Seni (SBK)],1,1+ transfer,RM 1.10,2 min
Masjid Jamek (KJL),Merdeka,Masjid Jamek (KJL) → Merdeka,1.1,3.0,KJL[Masjid Jamek (KJL) > Pasar Seni (KJL)] >> SBK[Pasar Seni (SBK) > Merdeka],1,1+ transfer,RM 1.10,3 min
Masjid Jamek (KJL),Bukit Bintang,Masjid Jamek (KJL) → Bukit Bintang,1.4,6.0,KJL[Masjid Jamek (KJL) > Pasar Seni (KJL)] >> SBK[Pasar Seni (SBK) > Bukit Bintang],1,1+ transfer,RM 1.40,6 min
Masjid Jamek (KJL),Tun Razak Exchange (TRX),Masjid Jamek (KJL) → Tun Razak Exchange (TRX),1.8,8.0,KJL[Masjid Jamek (KJL) > Pasar Seni (KJL)] >> SBK[Pasar Seni (SBK) > Tun Razak Exchange (TRX)],1,1+ transfer,RM 1.80,8 min
Masjid Jamek (KJL),Cochrane,Masjid Jamek (KJL) → Cochrane,2.0,11.0,KJL[Masjid Jamek (KJL) > Pasar Seni (KJL)] >> SBK[Pasar Seni (SBK) > Cochrane],1,1+ transfer,RM 2.00,11 min
Masjid Jamek (KJL),Maluri (SBK),Masjid Jamek (KJL) → Maluri (SBK),2.1,12.0,KJL[Masjid Jamek (KJL) > Pasar Seni (KJL)] >> SBK[Pasar Seni (SBK) > Maluri (SBK)],1,1+ transfer,RM 2.10,12 min
Masjid Jamek (KJL),Taman Pertama,Masjid Jamek (KJL) → Taman Pertama,2.5,16.0,KJL[Masjid Jamek (KJL) > Pasar Seni (KJL)] >> SBK[Pasar Seni (SBK) > Taman Pertama],1,1+ transfer,RM 2.50,16 min
Masjid Jamek (KJL),Taman Midah,Masjid Jamek (KJL) → Taman Midah,2.7,18.0,KJL[Masjid Jamek (KJL) > Pasar Seni (KJL)] >> SBK[Pasar Seni (SBK) > Taman Midah],1,1+ transfer,RM 2.70,18 min
Masjid Jamek (KJL),Taman Mutiara,Masjid Jamek (KJL) → Taman Mutiara,3.1,20.0,KJL[Masjid Jamek (KJL) > Pasar Seni (KJL)] >> SBK[Pasar Seni (SBK) > Taman Mutiara],1,1+ transfer,RM 3.10,20 min
Masjid Jamek (KJL),Taman Connaught,Masjid Jamek (KJL) → Taman Connaught,3.5,23.0,KJL[Masjid Jamek (KJL) > Pasar Seni (KJL)] >> SBK[Pasar Seni (SBK) > Taman Connaught],1,1+ transfer,RM 3.50,23 min
Masjid Jamek (KJL),Taman Suntex,Masjid Jamek (KJL) → Taman Suntex,4.0,25.0,KJL[Masjid Jamek (KJL) > Pasar Seni (KJL)] >> SBK[Pasar Seni (SBK) > Taman Suntex],1,1+ transfer,RM 4.00,25 min
Masjid Jamek (KJL),Sri Raya,Masjid Jamek (KJL) → Sri Raya,3.9,28.0,KJL[Masjid Jamek (KJL) > Pasar Seni (KJL)] >> SBK[Pasar Seni (SBK) > Sri Raya],1,1+ transfer,RM 3.90,28 min
Masjid Jamek (KJL),Bandar Tun Hussein Onn,Masjid Jamek (KJL) → Bandar Tun Hussein Onn,4.2,30.0,KJL[Masjid Jamek (KJL) > Pasar Seni (KJL)] >> SBK[Pasar Seni (SBK) > Bandar Tun Hussein Onn],1,1+ transfer,RM 4.20,30 min
Masjid Jamek (KJL),Batu 11 Cheras,Masjid Jamek (KJL) → Batu 11 Cheras,4.4,32.0,KJL[Masjid Jamek (KJL) > Pasar Seni (KJL)] >> SBK[Pasar Seni (SBK) > Batu 11 Cheras],1,1+ transfer,RM 4.40,32 min
Masjid Jamek (KJL),Bukit Dukung,Masjid Jamek (KJL) → Bukit Dukung,4.3,35.0,KJL[Masjid Jamek (KJL) > Pasar Seni (KJL)] >> SBK[Pasar Seni (SBK) > Bukit Dukung],1,1+ transfer,RM 4.30,35 min
Masjid Jamek (KJL),Sungai Jernih,Masjid Jamek (KJL) → Sungai Jernih,4.8,39.0,KJL[Masjid Jamek (KJL) > Pasar Seni (KJL)] >> SBK[Pasar Seni (SBK) > Sungai Jernih],1,1+ transfer,RM 4.80,39 min
Masjid Jamek (KJL),Stadium Kajang,Masjid Jamek (KJL) → Stadium Kajang,4.9,40.0,KJL[Masjid Jamek (KJL) > Pasar Seni (KJL)] >> SBK[Pasar Seni (SBK) > Stadium Kajang],1,1+ transfer,RM 4.90,40 min
Masjid Jamek (KJL),Kajang,Masjid Jamek (KJL) → Kajang,4.5,43.0,KJL[Masjid Jamek (KJL) > Pasar Seni (KJL)] >> SBK[Pasar Seni (SBK) > Kajang],1,1+ transfer,RM 4.50,43 min
Pasar Seni (KJL),KL Sentral (KJL),Pasar Seni (KJL) → KL Sentral (KJL),1.2,3.0,KJL[Pasar Seni (KJL) > KL Sentral (KJL)],0,Direct journey,RM 1.20,3 min
Pasar Seni (KJL),Bangsar,Pasar Seni (KJL) → Bangsar,1.5,5.0,KJL[Pasar Seni (KJL) > Bangsar],0,Direct journey,RM 1.50,5 min
Pasar Seni (KJL),Abdullah Hukum,Pasar Seni (KJL) → Abdullah Hukum,1.8,8.0,KJL[Pasar Seni (KJL) > Abdullah Hukum],0,Direct journey,RM 1.80,8 min
Pasar Seni (KJL),Kerinchi,Pasar Seni (KJL) → Kerinchi,1.9,9.0,KJL[Pasar Seni (KJL) > Kerinchi],0,Direct journey,RM 1.90,9 min
Pasar Seni (KJL),Universiti,Pasar Seni (KJL) → Universiti,2.1,11.0,KJL[Pasar Seni (KJL) > Universiti],0,Direct journey,RM 2.10,11 min
Pasar Seni (KJL),Taman Jaya,Pasar Seni (KJL) → Taman Jaya,2.6,15.0,KJL[Pasar Seni (KJL) > Taman Jaya],0,Direct journey,RM 2.60,15 min
Pasar Seni (KJL),Asia Jaya,Pasar Seni (KJL) → Asia Jaya,2.8,17.0,KJL[Pasar Seni (KJL) > Asia Jaya],0,Direct journey,RM 2.80,17 min
Pasar Seni (KJL),Taman Paramount,Pasar Seni (KJL) → Taman Paramount,2.8,20.0,KJL[Pasar Seni (KJL) > Taman Paramount],0,Direct journey,RM 2.80,20 min
Pasar Seni (KJL),Taman Bahagia,Pasar Seni (KJL) → Taman Bahagia,3.1,23.0,KJL[Pasar Seni (KJL) > Taman Bahagia],0,Direct journey,RM 3.10,23 min
Pasar Seni (KJL),Kelana Jaya,Pasar Seni (KJL) → Kelana Jaya,3.2,25.0,KJL[Pasar Seni (KJL) > Kelana Jaya],0,Direct journey,RM 3.20,25 min
Pasar Seni (KJL),Lembah Subang,Pasar Seni (KJL) → Lembah Subang,3.1,28.0,KJL[Pasar Seni (KJL) > Lembah Subang],0,Direct journey,RM 3.10,28 min
Pasar Seni (KJL),Ara Damansara,Pasar Seni (KJL) → Ara Damansara,3.2,30.0,KJL[Pasar Seni (KJL) > Ara Damansara],0,Direct journey,RM 3.20,30 min
Pasar Seni (KJL),Glenmarie,Pasar Seni (KJL) → Glenmarie,3.4,33.0,KJL[Pasar Seni (KJL) > Glenmarie],0,Direct journey,RM 3.40,33 min
Pasar Seni (KJL),Subang Jaya,Pasar Seni (KJL) → Subang Jaya,3.7,34.0,KJL[Pasar Seni (KJL) > Subang Jaya],0,Direct journey,RM 3.70,34 min
Pasar Seni (KJL),SS 15,Pasar Seni (KJL) → SS 15,3.3,38.0,KJL[Pasar Seni (KJL) > SS 15],0,Direct journey,RM 3.30,38 min
Pasar Seni (KJL),SS 18,Pasar Seni (KJL) → SS 18,3.4,40.0,KJL[Pasar Seni (KJL) > SS 18],0,Direct journey,RM 3.40,40 min
Pasar Seni (KJL),USJ 7 (KJL),Pasar Seni (KJL) → USJ 7 (KJL),3.7,43.0,KJL[Pasar Seni (KJL) > USJ 7 (KJL)],0,Direct journey,RM 3.70,43 min
Pasar Seni (KJL),Taipan,Pasar Seni (KJL) → Taipan,3.8,44.0,KJL[Pasar Seni (KJL) > Taipan],0,Direct journey,RM 3.80,44 min
Pasar Seni (KJL),Wawasan,Pasar Seni (KJL) → Wawasan,3.2,47.0,KJL[Pasar Seni (KJL) > Wawasan],0,Direct journey,RM 3.20,47 min
Pasar Seni (KJL),USJ 21,Pasar Seni (KJL) → USJ 21,3.3,49.0,KJL[Pasar Seni (KJL) > USJ 21],0,Direct journey,RM 3.30,49 min
Pasar Seni (KJL),Alam Megah,Pasar Seni (KJL) → Alam Megah,3.5,52.0,KJL[Pasar Seni (KJL) > Alam Megah],0,Direct journey,RM 3.50,52 min
Pasar Seni (KJL),Subang Alam,Pasar Seni (KJL) → Subang Alam,3.6,55.0,KJL[Pasar Seni (KJL) > Subang Alam],0,Direct journey,RM 3.60,55 min
Pasar Seni (KJL),Putra Heights (KJL),Pasar Seni (KJL) → Putra Heights (KJL),3.7,59.0,KJL[Pasar Seni (KJL) > Putra Heights (KJL)],0,Direct journey,RM 3.70,59 min
Pasar Seni (KJL),Sungai Buloh,Pasar Seni (KJL) → Sungai Buloh,3.2,37.0,KJL[Pasar Seni (KJL) > Pasar Seni (KJL)] >> SBK[Pasar Seni (SBK) > Sungai Buloh],1,1+ transfer,RM 3.20,37 min
Pasar Seni (KJL),Kampung Selamat,Pasar Seni (KJL) → Kampung Selamat,3.8,35.0,KJL[Pasar Seni (KJL) > Pasar Seni (KJL)] >> SBK[Pasar Seni (SBK) > Kampung Selamat],1,1+ transfer,RM 3.80,35 min
Pasar Seni (KJL),Kwasa Damansara,Pasar Seni (KJL) → Kwasa Damansara,3.5,33.0,KJL[Pasar Seni (KJL) > Pasar Seni (KJL)] >> SBK[Pasar Seni (SBK) > Kwasa Damansara],1,1+ transfer,RM 3.50,33 min
Pasar Seni (KJL),Kwasa Sentral,Pasar Seni (KJL) → Kwasa Sentral,3.4,30.0,KJL[Pasar Seni (KJL) > Pasar Seni (KJL)] >> SBK[Pasar Seni (SBK) > Kwasa Sentral],1,1+ transfer,RM 3.40,30 min
Pasar Seni (KJL),Kota Damansara,Pasar Seni (KJL) → Kota Damansara,3.5,27.0,KJL[Pasar Seni (KJL) > Pasar Seni (KJL)] >> SBK[Pasar Seni (SBK) > Kota Damansara],1,1+ transfer,RM 3.50,27 min
Pasar Seni (KJL),Surian,Pasar Seni (KJL) → Surian,3.3,24.0,KJL[Pasar Seni (KJL) > Pasar Seni (KJL)] >> SBK[Pasar Seni (SBK) > Surian],1,1+ transfer,RM 3.30,24 min
Pasar Seni (KJL),Mutiara Damansara,Pasar Seni (KJL) → Mutiara Damansara,3.4,21.0,KJL[Pasar Seni (KJL) > Pasar Seni (KJL)] >> SBK[Pasar Seni (SBK) > Mutiara Damansara],1,1+ transfer,RM 3.40,21 min
Pasar Seni (KJL),Bandar Utama,Pasar Seni (KJL) → Bandar Utama,3.1,19.0,KJL[Pasar Seni (KJL) > Pasar Seni (KJL)] >> SBK[Pasar Seni (SBK) > Bandar Utama],1,1+ transfer,RM 3.10,19 min
Pasar Seni (KJL),TTDI,Pasar Seni (KJL) → TTDI,2.8,16.0,KJL[Pasar Seni (KJL) > Pasar Seni (KJL)] >> SBK[Pasar Seni (SBK) > TTDI],1,1+ transfer,RM 2.80,16 min
Pasar Seni (KJL),Phileo Damansara,Pasar Seni (KJL) → Phileo Damansara,2.7,13.0,KJL[Pasar Seni (KJL) > Pasar Seni (KJL)] >> SBK[Pasar Seni (SBK) > Phileo Damansara],1,1+ transfer,RM 2.70,13 min
Pasar Seni (KJL),Pusat Bandar Damansara,Pasar Seni (KJL) → Pusat Bandar Damansara,2.1,9.0,KJL[Pasar Seni (KJL) > Pasar Seni (KJL)] >> SBK[Pasar Seni (SBK) > Pusat Bandar Damansara],1,1+ transfer,RM 2.10,9 min
Pasar Seni (KJL),Semantan,Pasar Seni (KJL) → Semantan,1.9,7.0,KJL[Pasar Seni (KJL) > Pasar Seni (KJL)] >> SBK[Pasar Seni (SBK) > Semantan],1,1+ transfer,RM 1.90,7 min
Pasar Seni (KJL),Muzium Negara,Pasar Seni (KJL) → Muzium Negara,1.2,3.0,KJL[Pasar Seni (KJL) > Pasar Seni (KJL)] >> SBK[Pasar Seni (SBK) > Muzium Negara],1,1+ transfer,RM 1.20,3 min
Pasar Seni (KJL),Pasar Seni (SBK),Pasar Seni (KJL) → Pasar Seni (SBK),0.8,1.0,KJL[Pasar Seni (KJL) > Pasar Seni (KJL)] >> SBK[Pasar Seni (SBK) > Pasar Seni (SBK)],1,1+ transfer,RM 0.80,1 min
Pasar Seni (KJL),Merdeka,Pasar Seni (KJL) → Merdeka,1.0,2.0,KJL[Pasar Seni (KJL) > Pasar Seni (KJL)] >> SBK[Pasar Seni (SBK) > Merdeka],1,1+ transfer,RM 1.00,2 min
Pasar Seni (KJL),Bukit Bintang,Pasar Seni (KJL) → Bukit Bintang,1.3,5.0,KJL[Pasar Seni (KJL) > Pasar Seni (KJL)] >> SBK[Pasar Seni (SBK) > Bukit Bintang],1,1+ transfer,RM 1.30,5 min
Pasar Seni (KJL),Tun Razak Exchange (TRX),Pasar Seni (KJL) → Tun Razak Exchange (TRX),1.7,7.0,KJL[Pasar Seni (KJL) > Pasar Seni (KJL)] >> SBK[Pasar Seni (SBK) > Tun Razak Exchange (TRX)],1,1+ transfer,RM 1.70,7 min
Pasar Seni (KJL),Cochrane,Pasar Seni (KJL) → Cochrane,1.8,10.0,KJL[Pasar Seni (KJL) > Pasar Seni (KJL)] >> SBK[Pasar Seni (SBK) > Cochrane],1,1+ transfer,RM 1.80,10 min
Pasar Seni (KJL),Maluri (SBK),Pasar Seni (KJL) → Maluri (SBK),2.1,11.0,KJL[Pasar Seni (KJL) > Pasar Seni (KJL)] >> SBK[Pasar Seni (SBK) > Maluri (SBK)],1,1+ transfer,RM 2.10,11 min
Pasar Seni (KJL),Taman Pertama,Pasar Seni (KJL) → Taman Pertama,2.5,15.0,KJL[Pasar Seni (KJL) > Pasar Seni (KJL)] >> SBK[Pasar Seni (SBK) > Taman Pertama],1,1+ transfer,RM 2.50,15 min
Pasar Seni (KJL),Taman Midah,Pasar Seni (KJL) → Taman Midah,2.7,17.0,KJL[Pasar Seni (KJL) > Pasar Seni (KJL)] >> SBK[Pasar Seni (SBK) > Taman Midah],1,1+ transfer,RM 2.70,17 min
Pasar Seni (KJL),Taman Mutiara,Pasar Seni (KJL) → Taman Mutiara,2.8,19.0,KJL[Pasar Seni (KJL) > Pasar Seni (KJL)] >> SBK[Pasar Seni (SBK) > Taman Mutiara],1,1+ transfer,RM 2.80,19 min
Pasar Seni (KJL),Taman Connaught,Pasar Seni (KJL) → Taman Connaught,3.0,22.0,KJL[Pasar Seni (KJL) > Pasar Seni (KJL)] >> SBK[Pasar Seni (SBK) > Taman Connaught],1,1+ transfer,RM 3.00,22 min
Pasar Seni (KJL),Taman Suntex,Pasar Seni (KJL) → Taman Suntex,3.5,24.0,KJL[Pasar Seni (KJL) > Pasar Seni (KJL)] >> SBK[Pasar Seni (SBK) > Taman Suntex],1,1+ transfer,RM 3.50,24 min
Pasar Seni (KJL),Sri Raya,Pasar Seni (KJL) → Sri Raya,3.3,27.0,KJL[Pasar Seni (KJL) > Pasar Seni (KJL)] >> SBK[Pasar Seni (SBK) > Sri Raya],1,1+ transfer,RM 3.30,27 min
Pasar Seni (KJL),Bandar Tun Hussein Onn,Pasar Seni (KJL) → Bandar Tun Hussein Onn,3.5,29.0,KJL[Pasar Seni (KJL) > Pasar Seni (KJL)] >> SBK[Pasar Seni (SBK) > Bandar Tun Hussein Onn],1,1+ transfer,RM 3.50,29 min
Pasar Seni (KJL),Batu 11 Cheras,Pasar Seni (KJL) → Batu 11 Cheras,3.6,31.0,KJL[Pasar Seni (KJL) > Pasar Seni (KJL)] >> SBK[Pasar Seni (SBK) > Batu 11 Cheras],1,1+ transfer,RM 3.60,31 min
Pasar Seni (KJL),Bukit Dukung,Pasar Seni (KJL) → Bukit Dukung,3.3,34.0,KJL[Pasar Seni (KJL) > Pasar Seni (KJL)] >> SBK[Pasar Seni (SBK) > Bukit Dukung],1,1+ transfer,RM 3.30,34 min
Pasar Seni (KJL),Sungai Jernih,Pasar Seni (KJL) → Sungai Jernih,3.7,38.0,KJL[Pasar Seni (KJL) > Pasar Seni (KJL)] >> SBK[Pasar Seni (SBK) > Sungai Jernih],1,1+ transfer,RM 3.70,38 min
Pasar Seni (KJL),Stadium Kajang,Pasar Seni (KJL) → Stadium Kajang,3.8,39.0,KJL[Pasar Seni (KJL) > Pasar Seni (KJL)] >> SBK[Pasar Seni (SBK) > Stadium Kajang],1,1+ transfer,RM 3.80,39 min
Pasar Seni (KJL),Kajang,Pasar Seni (KJL) → Kajang,3.2,42.0,KJL[Pasar Seni (KJL) > Pasar Seni (KJL)] >> SBK[Pasar Seni (SBK) > Kajang],1,1+ transfer,RM 3.20,42 min
KL Sentral (KJL),Bangsar,KL Sentral (KJL) → Bangsar,1.1,2.0,KJL[KL Sentral (KJL) > Bangsar],0,Direct journey,RM 1.10,2 min
KL Sentral (KJL),Abdullah Hukum,KL Sentral (KJL) → Abdullah Hukum,1.5,5.0,KJL[KL Sentral (KJL) > Abdullah Hukum],0,Direct journey,RM 1.50,5 min
KL Sentral (KJL),Kerinchi,KL Sentral (KJL) → Kerinchi,1.6,6.0,KJL[KL Sentral (KJL) > Kerinchi],0,Direct journey,RM 1.60,6 min
KL Sentral (KJL),Universiti,KL Sentral (KJL) → Universiti,1.8,8.0,KJL[KL Sentral (KJL) > Universiti],0,Direct journey,RM 1.80,8 min
KL Sentral (KJL),Taman Jaya,KL Sentral (KJL) → Taman Jaya,2.2,12.0,KJL[KL Sentral (KJL) > Taman Jaya],0,Direct journey,RM 2.20,12 min
KL Sentral (KJL),Asia Jaya,KL Sentral (KJL) → Asia Jaya,2.4,14.0,KJL[KL Sentral (KJL) > Asia Jaya],0,Direct journey,RM 2.40,14 min
KL Sentral (KJL),Taman Paramount,KL Sentral (KJL) → Taman Paramount,2.8,17.0,KJL[KL Sentral (KJL) > Taman Paramount],0,Direct journey,RM 2.80,17 min
KL Sentral (KJL),Taman Bahagia,KL Sentral (KJL) → Taman Bahagia,2.8,20.0,KJL[KL Sentral (KJL) > Taman Bahagia],0,Direct journey,RM 2.80,20 min
KL Sentral (KJL),Kelana Jaya,KL Sentral (KJL) → Kelana Jaya,3.0,22.0,KJL[KL Sentral (KJL) > Kelana Jaya],0,Direct journey,RM 3.00,22 min
KL Sentral (KJL),Lembah Subang,KL Sentral (KJL) → Lembah Subang,3.2,25.0,KJL[KL Sentral (KJL) > Lembah Subang],0,Direct journey,RM 3.20,25 min
KL Sentral (KJL),Ara Damansara,KL Sentral (KJL) → Ara Damansara,3.4,27.0,KJL[KL Sentral (KJL) > Ara Damansara],0,Direct journey,RM 3.40,27 min
KL Sentral (KJL),Glenmarie,KL Sentral (KJL) → Glenmarie,3.2,30.0,KJL[KL Sentral (KJL) > Glenmarie],0,Direct journey,RM 3.20,30 min
KL Sentral (KJL),Subang Jaya,KL Sentral (KJL) → Subang Jaya,3.4,31.0,KJL[KL Sentral (KJL) > Subang Jaya],0,Direct journey,RM 3.40,31 min
KL Sentral (KJL),SS 15,KL Sentral (KJL) → SS 15,3.7,35.0,KJL[KL Sentral (KJL) > SS 15],0,Direct journey,RM 3.70,35 min
KL Sentral (KJL),SS 18,KL Sentral (KJL) → SS 18,3.8,37.0,KJL[KL Sentral (KJL) > SS 18],0,Direct journey,RM 3.80,37 min
KL Sentral (KJL),USJ 7 (KJL),KL Sentral (KJL) → USJ 7 (KJL),3.5,40.0,KJL[KL Sentral (KJL) > USJ 7 (KJL)],0,Direct journey,RM 3.50,40 min
KL Sentral (KJL),Taipan,KL Sentral (KJL) → Taipan,3.6,41.0,KJL[KL Sentral (KJL) > Taipan],0,Direct journey,RM 3.60,41 min
KL Sentral (KJL),Wawasan,KL Sentral (KJL) → Wawasan,3.8,44.0,KJL[KL Sentral (KJL) > Wawasan],0,Direct journey,RM 3.80,44 min
KL Sentral (KJL),USJ 21,KL Sentral (KJL) → USJ 21,3.1,46.0,KJL[KL Sentral (KJL) > USJ 21],0,Direct journey,RM 3.10,46 min
KL Sentral (KJL),Alam Megah,KL Sentral (KJL) → Alam Megah,3.3,49.0,KJL[KL Sentral (KJL) > Alam Megah],0,Direct journey,RM 3.30,49 min
KL Sentral (KJL),Subang Alam,KL Sentral (KJL) → Subang Alam,3.5,52.0,KJL[KL Sentral (KJL) > Subang Alam],0,Direct journey,RM 3.50,52 min
KL Sentral (KJL),Putra Heights (KJL),KL Sentral (KJL) → Putra Heights (KJL),3.6,56.0,KJL[KL Sentral (KJL) > Putra Heights (KJL)],0,Direct journey,RM 3.60,56 min
KL Sentral (KJL),Sungai Buloh,KL Sentral (KJL) → Sungai Buloh,3.6,40.0,KJL[KL Sentral (KJL) > Pasar Seni (KJL)] >> SBK[Pasar Seni (SBK) > Sungai Buloh],1,1+ transfer,RM 3.60,40 min
KL Sentral (KJL),Kampung Selamat,KL Sentral (KJL) → Kampung Selamat,4.2,38.0,KJL[KL Sentral (KJL) > Pasar Seni (KJL)] >> SBK[Pasar Seni (SBK) > Kampung Selamat],1,1+ transfer,RM 4.20,38 min
KL Sentral (KJL),Kwasa Damansara,KL Sentral (KJL) → Kwasa Damansara,3.9,36.0,KJL[KL Sentral (KJL) > Pasar Seni (KJL)] >> SBK[Pasar Seni (SBK) > Kwasa Damansara],1,1+ transfer,RM 3.90,36 min
KL Sentral (KJL),Kwasa Sentral,KL Sentral (KJL) → Kwasa Sentral,3.7,33.0,KJL[KL Sentral (KJL) > Pasar Seni (KJL)] >> SBK[Pasar Seni (SBK) > Kwasa Sentral],1,1+ transfer,RM 3.70,33 min
KL Sentral (KJL),Kota Damansara,KL Sentral (KJL) → Kota Damansara,3.9,30.0,KJL[KL Sentral (KJL) > Pasar Seni (KJL)] >> SBK[Pasar Seni (SBK) > Kota Damansara],1,1+ transfer,RM 3.90,30 min
KL Sentral (KJL),Surian,KL Sentral (KJL) → Surian,3.7,27.0,KJL[KL Sentral (KJL) > Pasar Seni (KJL)] >> SBK[Pasar Seni (SBK) > Surian],1,1+ transfer,RM 3.70,27 min
KL Sentral (KJL),Mutiara Damansara,KL Sentral (KJL) → Mutiara Damansara,3.8,24.0,KJL[KL Sentral (KJL) > Pasar Seni (KJL)] >> SBK[Pasar Seni (SBK) > Mutiara Damansara],1,1+ transfer,RM 3.80,24 min
KL Sentral (KJL),Bandar Utama,KL Sentral (KJL) → Bandar Utama,3.5,22.0,KJL[KL Sentral (KJL) > Pasar Seni (KJL)] >> SBK[Pasar Seni (SBK) > Bandar Utama],1,1+ transfer,RM 3.50,22 min
KL Sentral (KJL),TTDI,KL Sentral (KJL) → TTDI,3.1,19.0,KJL[KL Sentral (KJL) > Pasar Seni (KJL)] >> SBK[Pasar Seni (SBK) > TTDI],1,1+ transfer,RM 3.10,19 min
KL Sentral (KJL),Phileo Damansara,KL Sentral (KJL) → Phileo Damansara,3.2,16.0,KJL[KL Sentral (KJL) > Pasar Seni (KJL)] >> SBK[Pasar Seni (SBK) > Phileo Damansara],1,1+ transfer,RM 3.20,16 min
KL Sentral (KJL),Pusat Bandar Damansara,KL Sentral (KJL) → Pusat Bandar Damansara,2.5,12.0,KJL[KL Sentral (KJL) > Pasar Seni (KJL)] >> SBK[Pasar Seni (SBK) > Pusat Bandar Damansara],1,1+ transfer,RM 2.50,12 min
KL Sentral (KJL),Semantan,KL Sentral (KJL) → Semantan,2.2,10.0,KJL[KL Sentral (KJL) > Pasar Seni (KJL)] >> SBK[Pasar Seni (SBK) > Semantan],1,1+ transfer,RM 2.20,10 min
KL Sentral (KJL),Muzium Negara,KL Sentral (KJL) → Muzium Negara,1.5,6.0,KJL[KL Sentral (KJL) > Pasar Seni (KJL)] >> SBK[Pasar Seni (SBK) > Muzium Negara],1,1+ transfer,RM 1.50,6 min
KL Sentral (KJL),Pasar Seni (SBK),KL Sentral (KJL) → Pasar Seni (SBK),1.2,4.0,KJL[KL Sentral (KJL) > Pasar Seni (KJL)] >> SBK[Pasar Seni (SBK) > Pasar Seni (SBK)],1,1+ transfer,RM 1.20,4 min
KL Sentral (KJL),Merdeka,KL Sentral (KJL) → Merdeka,1.4,5.0,KJL[KL Sentral (KJL) > Pasar Seni (KJL)] >> SBK[Pasar Seni (SBK) > Merdeka],1,1+ transfer,RM 1.40,5 min
KL Sentral (KJL),Bukit Bintang,KL Sentral (KJL) → Bukit Bintang,1.7,8.0,KJL[KL Sentral (KJL) > Pasar Seni (KJL)] >> SBK[Pasar Seni (SBK) > Bukit Bintang],1,1+ transfer,RM 1.70,8 min
KL Sentral (KJL),Tun Razak Exchange (TRX),KL Sentral (KJL) → Tun Razak Exchange (TRX),2.1,10.0,KJL[KL Sentral (KJL) > Pasar Seni (KJL)] >> SBK[Pasar Seni (SBK) > Tun Razak Exchange (TRX)],1,1+ transfer,RM 2.10,10 min
KL Sentral (KJL),Cochrane,KL Sentral (KJL) → Cochrane,2.2,13.0,KJL[KL Sentral (KJL) > Pasar Seni (KJL)] >> SBK[Pasar Seni (SBK) > Cochrane],1,1+ transfer,RM 2.20,13 min
KL Sentral (KJL),Maluri (SBK),KL Sentral (KJL) → Maluri (SBK),2.4,14.0,KJL[KL Sentral (KJL) > Pasar Seni (KJL)] >> SBK[Pasar Seni (SBK) > Maluri (SBK)],1,1+ transfer,RM 2.40,14 min
KL Sentral (KJL),Taman Pertama,KL Sentral (KJL) → Taman Pertama,2.8,18.0,KJL[KL Sentral (KJL) > Pasar Seni (KJL)] >> SBK[Pasar Seni (SBK) > Taman Pertama],1,1+ transfer,RM 2.80,18 min
KL Sentral (KJL),Taman Midah,KL Sentral (KJL) → Taman Midah,3.2,20.0,KJL[KL Sentral (KJL) > Pasar Seni (KJL)] >> SBK[Pasar Seni (SBK) > Taman Midah],1,1+ transfer,RM 3.20,20 min
KL Sentral (KJL),Taman Mutiara,KL Sentral (KJL) → Taman Mutiara,3.1,22.0,KJL[KL Sentral (KJL) > Pasar Seni (KJL)] >> SBK[Pasar Seni (SBK) > Taman Mutiara],1,1+ transfer,RM 3.10,22 min
KL Sentral (KJL),Taman Connaught,KL Sentral (KJL) → Taman Connaught,3.4,25.0,KJL[KL Sentral (KJL) > Pasar Seni (KJL)] >> SBK[Pasar Seni (SBK) > Taman Connaught],1,1+ transfer,RM 3.40,25 min
KL Sentral (KJL),Taman Suntex,KL Sentral (KJL) → Taman Suntex,3.8,27.0,KJL[KL Sentral (KJL) > Pasar Seni (KJL)] >> SBK[Pasar Seni (SBK) > Taman Suntex],1,1+ transfer,RM 3.80,27 min
KL Sentral (KJL),Sri Raya,KL Sentral (KJL) → Sri Raya,3.6,30.0,KJL[KL Sentral (KJL) > Pasar Seni (KJL)] >> SBK[Pasar Seni (SBK) > Sri Raya],1,1+ transfer,RM 3.60,30 min
KL Sentral (KJL),Bandar Tun Hussein Onn,KL Sentral (KJL) → Bandar Tun Hussein Onn,3.9,32.0,KJL[KL Sentral (KJL) > Pasar Seni (KJL)] >> SBK[Pasar Seni (SBK) > Bandar Tun Hussein Onn],1,1+ transfer,RM 3.90,32 min
KL Sentral (KJL),Batu 11 Cheras,KL Sentral (KJL) → Batu 11 Cheras,4.0,34.0,KJL[KL Sentral (KJL) > Pasar Seni (KJL)] >> SBK[Pasar Seni (SBK) > Batu 11 Cheras],1,1+ transfer,RM 4.00,34 min
KL Sentral (KJL),Bukit Dukung,KL Sentral (KJL) → Bukit Dukung,3.7,37.0,KJL[KL Sentral (KJL) > Pasar Seni (KJL)] >> SBK[Pasar Seni (SBK) > Bukit Dukung],1,1+ transfer,RM 3.70,37 min
KL Sentral (KJL),Sungai Jernih,KL Sentral (KJL) → Sungai Jernih,4.1,41.0,KJL[KL Sentral (KJL) > Pasar Seni (KJL)] >> SBK[Pasar Seni (SBK) > Sungai Jernih],1,1+ transfer,RM 4.10,41 min
KL Sentral (KJL),Stadium Kajang,KL Sentral (KJL) → Stadium Kajang,4.2,42.0,KJL[KL Sentral (KJL) > Pasar Seni (KJL)] >> SBK[Pasar Seni (SBK) > Stadium Kajang],1,1+ transfer,RM 4.20,42 min
KL Sentral (KJL),Kajang,KL Sentral (KJL) → Kajang,3.6,45.0,KJL[KL Sentral (KJL) > Pasar Seni (KJL)] >> SBK[Pasar Seni (SBK) > Kajang],1,1+ transfer,RM 3.60,45 min
Bangsar,Abdullah Hukum,Bangsar → Abdullah Hukum,1.2,3.0,KJL[Bangsar > Abdullah Hukum],0,Direct journey,RM 1.20,3 min
Bangsar,Kerinchi,Bangsar → Kerinchi,1.3,4.0,KJL[Bangsar > Kerinchi],0,Direct journey,RM 1.30,4 min
Bangsar,Universiti,Bangsar → Universiti,1.5,6.0,KJL[Bangsar > Universiti],0,Direct journey,RM 1.50,6 min
Bangsar,Taman Jaya,Bangsar → Taman Jaya,2.0,10.0,KJL[Bangsar > Taman Jaya],0,Direct journey,RM 2.00,10 min
Bangsar,Asia Jaya,Bangsar → Asia Jaya,2.2,12.0,KJL[Bangsar > Asia Jaya],0,Direct journey,RM 2.20,12 min
Bangsar,Taman Paramount,Bangsar → Taman Paramount,2.5,15.0,KJL[Bangsar > Taman Paramount],0,Direct journey,RM 2.50,15 min
Bangsar,Taman Bahagia,Bangsar → Taman Bahagia,2.8,18.0,KJL[Bangsar > Taman Bahagia],0,Direct journey,RM 2.80,18 min
Bangsar,Kelana Jaya,Bangsar → Kelana Jaya,2.8,20.0,KJL[Bangsar > Kelana Jaya],0,Direct journey,RM 2.80,20 min
Bangsar,Lembah Subang,Bangsar → Lembah Subang,3.0,23.0,KJL[Bangsar > Lembah Subang],0,Direct journey,RM 3.00,23 min
Bangsar,Ara Damansara,Bangsar → Ara Damansara,3.2,25.0,KJL[Bangsar > Ara Damansara],0,Direct journey,RM 3.20,25 min
Bangsar,Glenmarie,Bangsar → Glenmarie,3.5,28.0,KJL[Bangsar > Glenmarie],0,Direct journey,RM 3.50,28 min
Bangsar,Subang Jaya,Bangsar → Subang Jaya,3.3,29.0,KJL[Bangsar > Subang Jaya],0,Direct journey,RM 3.30,29 min
Bangsar,SS 15,Bangsar → SS 15,3.5,33.0,KJL[Bangsar > SS 15],0,Direct journey,RM 3.50,33 min
Bangsar,SS 18,Bangsar → SS 18,3.6,35.0,KJL[Bangsar > SS 18],0,Direct journey,RM 3.60,35 min
Bangsar,USJ 7 (KJL),Bangsar → USJ 7 (KJL),3.3,38.0,KJL[Bangsar > USJ 7 (KJL)],0,Direct journey,RM 3.30,38 min
Bangsar,Taipan,Bangsar → Taipan,3.4,39.0,KJL[Bangsar > Taipan],0,Direct journey,RM 3.40,39 min
Bangsar,Wawasan,Bangsar → Wawasan,3.6,42.0,KJL[Bangsar > Wawasan],0,Direct journey,RM 3.60,42 min
Bangsar,USJ 21,Bangsar → USJ 21,3.7,44.0,KJL[Bangsar > USJ 21],0,Direct journey,RM 3.70,44 min
Bangsar,Alam Megah,Bangsar → Alam Megah,3.2,47.0,KJL[Bangsar > Alam Megah],0,Direct journey,RM 3.20,47 min
Bangsar,Subang Alam,Bangsar → Subang Alam,3.4,50.0,KJL[Bangsar > Subang Alam],0,Direct journey,RM 3.40,50 min
Bangsar,Putra Heights (KJL),Bangsar → Putra Heights (KJL),3.5,54.0,KJL[Bangsar > Putra Heights (KJL)],0,Direct journey,RM 3.50,54 min
Bangsar,Sungai Buloh,Bangsar → Sungai Buloh,3.9,42.0,KJL[Bangsar > Pasar Seni (KJL)] >> SBK[Pasar Seni (SBK) > Sungai Buloh],1,1+ transfer,RM 3.90,42 min
Bangsar,Kampung Selamat,Bangsar → Kampung Selamat,4.5,40.0,KJL[Bangsar > Pasar Seni (KJL)] >> SBK[Pasar Seni (SBK) > Kampung Selamat],1,1+ transfer,RM 4.50,40 min
Bangsar,Kwasa Damansara,Bangsar → Kwasa Damansara,4.2,38.0,KJL[Bangsar > Pasar Seni (KJL)] >> SBK[Pasar Seni (SBK) > Kwasa Damansara],1,1+ transfer,RM 4.20,38 min
Bangsar,Kwasa Sentral,Bangsar → Kwasa Sentral,4.0,35.0,KJL[Bangsar > Pasar Seni (KJL)] >> SBK[Pasar Seni (SBK) > Kwasa Sentral],1,1+ transfer,RM 4.00,35 min
Bangsar,Kota Damansara,Bangsar → Kota Damansara,4.2,32.0,KJL[Bangsar > Pasar Seni (KJL)] >> SBK[Pasar Seni (SBK) > Kota Damansara],1,1+ transfer,RM 4.20,32 min
Bangsar,Surian,Bangsar → Surian,3.9,29.0,KJL[Bangsar > Pasar Seni (KJL)] >> SBK[Pasar Seni (SBK) > Surian],1,1+ transfer,RM 3.90,29 min
Bangsar,Mutiara Damansara,Bangsar → Mutiara Damansara,4.0,26.0,KJL[Bangsar > Pasar Seni (KJL)] >> SBK[Pasar Seni (SBK) > Mutiara Damansara],1,1+ transfer,RM 4.00,26 min
Bangsar,Bandar Utama,Bangsar → Bandar Utama,3.7,24.0,KJL[Bangsar > Pasar Seni (KJL)] >> SBK[Pasar Seni (SBK) > Bandar Utama],1,1+ transfer,RM 3.70,24 min
Bangsar,TTDI,Bangsar → TTDI,3.4,21.0,KJL[Bangsar > Pasar Seni (KJL)] >> SBK[Pasar Seni (SBK) > TTDI],1,1+ transfer,RM 3.40,21 min
Bangsar,Phileo Damansara,Bangsar → Phileo Damansara,3.5,18.0,KJL[Bangsar > Pasar Seni (KJL)] >> SBK[Pasar Seni (SBK) > Phileo Damansara],1,1+ transfer,RM 3.50,18 min
Bangsar,Pusat Bandar Damansara,Bangsar → Pusat Bandar Damansara,2.7,14.0,KJL[Bangsar > Pasar Seni (KJL)] >> SBK[Pasar Seni (SBK) > Pusat Bandar Damansara],1,1+ transfer,RM 2.70,14 min
Bangsar,Semantan,Bangsar → Semantan,2.5,12.0,KJL[Bangsar > Pasar Seni (KJL)] >> SBK[Pasar Seni (SBK) > Semantan],1,1+ transfer,RM 2.50,12 min
Bangsar,Muzium Negara,Bangsar → Muzium Negara,1.8,8.0,KJL[Bangsar > Pasar Seni (KJL)] >> SBK[Pasar Seni (SBK) > Muzium Negara],1,1+ transfer,RM 1.80,8 min
Bangsar,Pasar Seni (SBK),Bangsar → Pasar Seni (SBK),1.5,6.0,KJL[Bangsar > Pasar Seni (KJL)] >> SBK[Pasar Seni (SBK) > Pasar Seni (SBK)],1,1+ transfer,RM 1.50,6 min
Bangsar,Merdeka,Bangsar → Merdeka,1.7,7.0,KJL[Bangsar > Pasar Seni (KJL)] >> SBK[Pasar Seni (SBK) > Merdeka],1,1+ transfer,RM 1.70,7 min
Bangsar,Bukit Bintang,Bangsar → Bukit Bintang,2.0,10.0,KJL[Bangsar > Pasar Seni (KJL)] >> SBK[Pasar Seni (SBK) > Bukit Bintang],1,1+ transfer,RM 2.00,10 min
Bangsar,Tun Razak Exchange (TRX),Bangsar → Tun Razak Exchange (TRX),2.3,12.0,KJL[Bangsar > Pasar Seni (KJL)] >> SBK[Pasar Seni (SBK) > Tun Razak Exchange (TRX)],1,1+ transfer,RM 2.30,12 min
Bangsar,Cochrane,Bangsar → Cochrane,2.5,15.0,KJL[Bangsar > Pasar Seni (KJL)] >> SBK[Pasar Seni (SBK) > Cochrane],1,1+ transfer,RM 2.50,15 min
Bangsar,Maluri (SBK),Bangsar → Maluri (SBK),2.7,16.0,KJL[Bangsar > Pasar Seni (KJL)] >> SBK[Pasar Seni (SBK) > Maluri (SBK)],1,1+ transfer,RM 2.70,16 min
Bangsar,Taman Pertama,Bangsar → Taman Pertama,3.2,20.0,KJL[Bangsar > Pasar Seni (KJL)] >> SBK[Pasar Seni (SBK) > Taman Pertama],1,1+ transfer,RM 3.20,20 min
Bangsar,Taman Midah,Bangsar → Taman Midah,3.4,22.0,KJL[Bangsar > Pasar Seni (KJL)] >> SBK[Pasar Seni (SBK) > Taman Midah],1,1+ transfer,RM 3.40,22 min
Bangsar,Taman Mutiara,Bangsar → Taman Mutiara,3.4,24.0,KJL[Bangsar > Pasar Seni (KJL)] >> SBK[Pasar Seni (SBK) > Taman Mutiara],1,1+ transfer,RM 3.40,24 min
Bangsar,Taman Connaught,Bangsar → Taman Connaught,3.7,27.0,KJL[Bangsar > Pasar Seni (KJL)] >> SBK[Pasar Seni (SBK) > Taman Connaught],1,1+ transfer,RM 3.70,27 min
Bangsar,Taman Suntex,Bangsar → Taman Suntex,4.1,29.0,KJL[Bangsar > Pasar Seni (KJL)] >> SBK[Pasar Seni (SBK) > Taman Suntex],1,1+ transfer,RM 4.10,29 min
Bangsar,Sri Raya,Bangsar → Sri Raya,3.9,32.0,KJL[Bangsar > Pasar Seni (KJL)] >> SBK[Pasar Seni (SBK) > Sri Raya],1,1+ transfer,RM 3.90,32 min
Bangsar,Bandar Tun Hussein Onn,Bangsar → Bandar Tun Hussein Onn,4.2,34.0,KJL[Bangsar > Pasar Seni (KJL)] >> SBK[Pasar Seni (SBK) > Bandar Tun Hussein Onn],1,1+ transfer,RM 4.20,34 min
Bangsar,Batu 11 Cheras,Bangsar → Batu 11 Cheras,4.3,36.0,KJL[Bangsar > Pasar Seni (KJL)] >> SBK[Pasar Seni (SBK) > Batu 11 Cheras],1,1+ transfer,RM 4.30,36 min
Bangsar,Bukit Dukung,Bangsar → Bukit Dukung,4.0,39.0,KJL[Bangsar > Pasar Seni (KJL)] >> SBK[Pasar Seni (SBK) > Bukit Dukung],1,1+ transfer,RM 4.00,39 min
Bangsar,Sungai Jernih,Bangsar → Sungai Jernih,4.4,43.0,KJL[Bangsar > Pasar Seni (KJL)] >> SBK[Pasar Seni (SBK) > Sungai Jernih],1,1+ transfer,RM 4.40,43 min
Bangsar,Stadium Kajang,Bangsar → Stadium Kajang,4.5,44.0,KJL[Bangsar > Pasar Seni (KJL)] >> SBK[Pasar Seni (SBK) > Stadium Kajang],1,1+ transfer,RM 4.50,44 min
Bangsar,Kajang,Bangsar → Kajang,3.9,47.0,KJL[Bangsar > Pasar Seni (KJL)] >> SBK[Pasar Seni (SBK) > Kajang],1,1+ transfer,RM 3.90,47 min
Abdullah Hukum,Kerinchi,Abdullah Hukum → Kerinchi,1.0,1.0,KJL[Abdullah Hukum > Kerinchi],0,Direct journey,RM 1.00,1 min
Abdullah Hukum,Universiti,Abdullah Hukum → Universiti,1.2,3.0,KJL[Abdullah Hukum > Universiti],0,Direct journey,RM 1.20,3 min
Abdullah Hukum,Taman Jaya,Abdullah Hukum → Taman Jaya,1.8,7.0,KJL[Abdullah Hukum > Taman Jaya],0,Direct journey,RM 1.80,7 min
Abdullah Hukum,Asia Jaya,Abdullah Hukum → Asia Jaya,1.9,9.0,KJL[Abdullah Hukum > Asia Jaya],0,Direct journey,RM 1.90,9 min
Abdullah Hukum,Taman Paramount,Abdullah Hukum → Taman Paramount,2.3,12.0,KJL[Abdullah Hukum > Taman Paramount],0,Direct journey,RM 2.30,12 min
Abdullah Hukum,Taman Bahagia,Abdullah Hukum → Taman Bahagia,2.6,15.0,KJL[Abdullah Hukum > Taman Bahagia],0,Direct journey,RM 2.60,15 min
Abdullah Hukum,Kelana Jaya,Abdullah Hukum → Kelana Jaya,2.8,17.0,KJL[Abdullah Hukum > Kelana Jaya],0,Direct journey,RM 2.80,17 min
Abdullah Hukum,Lembah Subang,Abdullah Hukum → Lembah Subang,2.8,20.0,KJL[Abdullah Hukum > Lembah Subang],0,Direct journey,RM 2.80,20 min
Abdullah Hukum,Ara Damansara,Abdullah Hukum → Ara Damansara,3.0,22.0,KJL[Abdullah Hukum > Ara Damansara],0,Direct journey,RM 3.00,22 min
Abdullah Hukum,Glenmarie,Abdullah Hukum → Glenmarie,3.2,25.0,KJL[Abdullah Hukum > Glenmarie],0,Direct journey,RM 3.20,25 min
Abdullah Hukum,Subang Jaya,Abdullah Hukum → Subang Jaya,3.1,26.0,KJL[Abdullah Hukum > Subang Jaya],0,Direct journey,RM 3.10,26 min
Abdullah Hukum,SS 15,Abdullah Hukum → SS 15,3.3,30.0,KJL[Abdullah Hukum > SS 15],0,Direct journey,RM 3.30,30 min
Abdullah Hukum,SS 18,Abdullah Hukum → SS 18,3.5,32.0,KJL[Abdullah Hukum > SS 18],0,Direct journey,RM 3.50,32 min
Abdullah Hukum,USJ 7 (KJL),Abdullah Hukum → USJ 7 (KJL),3.8,35.0,KJL[Abdullah Hukum > USJ 7 (KJL)],0,Direct journey,RM 3.80,35 min
Abdullah Hukum,Taipan,Abdullah Hukum → Taipan,3.3,36.0,KJL[Abdullah Hukum > Taipan],0,Direct journey,RM 3.30,36 min
Abdullah Hukum,Wawasan,Abdullah Hukum → Wawasan,3.5,39.0,KJL[Abdullah Hukum > Wawasan],0,Direct journey,RM 3.50,39 min
Abdullah Hukum,USJ 21,Abdullah Hukum → USJ 21,3.6,41.0,KJL[Abdullah Hukum > USJ 21],0,Direct journey,RM 3.60,41 min
Abdullah Hukum,Alam Megah,Abdullah Hukum → Alam Megah,3.1,44.0,KJL[Abdullah Hukum > Alam Megah],0,Direct journey,RM 3.10,44 min
Abdullah Hukum,Subang Alam,Abdullah Hukum → Subang Alam,3.2,47.0,KJL[Abdullah Hukum > Subang Alam],0,Direct journey,RM 3.20,47 min
Abdullah Hukum,Putra Heights (KJL),Abdullah Hukum → Putra Heights (KJL),3.4,51.0,KJL[Abdullah Hukum > Putra Heights (KJL)],0,Direct journey,RM 3.40,51 min
Abdullah Hukum,Sungai Buloh,Abdullah Hukum → Sungai Buloh,4.2,45.0,KJL[Abdullah Hukum > Pasar Seni (KJL)] >> SBK[Pasar Seni (SBK) > Sungai Buloh],1,1+ transfer,RM 4.20,45 min
Abdullah Hukum,Kampung Selamat,Abdullah Hukum → Kampung Selamat,4.8,43.0,KJL[Abdullah Hukum > Pasar Seni (KJL)] >> SBK[Pasar Seni (SBK) > Kampung Selamat],1,1+ transfer,RM 4.80,43 min
Abdullah Hukum,Kwasa Damansara,Abdullah Hukum → Kwasa Damansara,4.5,41.0,KJL[Abdullah Hukum > Pasar Seni (KJL)] >> SBK[Pasar Seni (SBK) > Kwasa Damansara],1,1+ transfer,RM 4.50,41 min
Abdullah Hukum,Kwasa Sentral,Abdullah Hukum → Kwasa Sentral,4.3,38.0,KJL[Abdullah Hukum > Pasar Seni (KJL)] >> SBK[Pasar Seni (SBK) > Kwasa Sentral],1,1+ transfer,RM 4.30,38 min
Abdullah Hukum,Kota Damansara,Abdullah Hukum → Kota Damansara,4.5,35.0,KJL[Abdullah Hukum > Pasar Seni (KJL)] >> SBK[Pasar Seni (SBK) > Kota Damansara],1,1+ transfer,RM 4.50,35 min
Abdullah Hukum,Surian,Abdullah Hukum → Surian,4.3,32.0,KJL[Abdullah Hukum > Pasar Seni (KJL)] >> SBK[Pasar Seni (SBK) > Surian],1,1+ transfer,RM 4.30,32 min
Abdullah Hukum,Mutiara Damansara,Abdullah Hukum → Mutiara Damansara,4.4,29.0,KJL[Abdullah Hukum > Pasar Seni (KJL)] >> SBK[Pasar Seni (SBK) > Mutiara Damansara],1,1+ transfer,RM 4.40,29 min
Abdullah Hukum,Bandar Utama,Abdullah Hukum → Bandar Utama,4.1,27.0,KJL[Abdullah Hukum > Pasar Seni (KJL)] >> SBK[Pasar Seni (SBK) > Bandar Utama],1,1+ transfer,RM 4.10,27 min
Abdullah Hukum,TTDI,Abdullah Hukum → TTDI,3.7,24.0,KJL[Abdullah Hukum > Pasar Seni (KJL)] >> SBK[Pasar Seni (SBK) > TTDI],1,1+ transfer,RM 3.70,24 min
Abdullah Hukum,Phileo Damansara,Abdullah Hukum → Phileo Damansara,3.8,21.0,KJL[Abdullah Hukum > Pasar Seni (KJL)] >> SBK[Pasar Seni (SBK) > Phileo Damansara],1,1+ transfer,RM 3.80,21 min
Abdullah Hukum,Pusat Bandar Damansara,Abdullah Hukum → Pusat Bandar Damansara,3.2,17.0,KJL[Abdullah Hukum > Pasar Seni (KJL)] >> SBK[Pasar Seni (SBK) > Pusat Bandar Damansara],1,1+ transfer,RM 3.20,17 min
Abdullah Hukum,Semantan,Abdullah Hukum → Semantan,2.8,15.0,KJL[Abdullah Hukum > Pasar Seni (KJL)] >> SBK[Pasar Seni (SBK) > Semantan],1,1+ transfer,RM 2.80,15 min
Abdullah Hukum,Muzium Negara,Abdullah Hukum → Muzium Negara,2.1,11.0,KJL[Abdullah Hukum > Pasar Seni (KJL)] >> SBK[Pasar Seni (SBK) > Muzium Negara],1,1+ transfer,RM 2.10,11 min
Abdullah Hukum,Pasar Seni (SBK),Abdullah Hukum → Pasar Seni (SBK),1.8,9.0,KJL[Abdullah Hukum > Pasar Seni (KJL)] >> SBK[Pasar Seni (SBK) > Pasar Seni (SBK)],1,1+ transfer,RM 1.80,9 min
Abdullah Hukum,Merdeka,Abdullah Hukum → Merdeka,2.0,10.0,KJL[Abdullah Hukum > Pasar Seni (KJL)] >> SBK[Pasar Seni (SBK) > Merdeka],1,1+ transfer,RM 2.00,10 min
Abdullah Hukum,Bukit Bintang,Abdullah Hukum → Bukit Bintang,2.3,13.0,KJL[Abdullah Hukum > Pasar Seni (KJL)] >> SBK[Pasar Seni (SBK) > Bukit Bintang],1,1+ transfer,RM 2.30,13 min
Abdullah Hukum,Tun Razak Exchange (TRX),Abdullah Hukum → Tun Razak Exchange (TRX),2.7,15.0,KJL[Abdullah Hukum > Pasar Seni (KJL)] >> SBK[Pasar Seni (SBK) > Tun Razak Exchange (TRX)],1,1+ transfer,RM 2.70,15 min
Abdullah Hukum,Cochrane,Abdullah Hukum → Cochrane,2.8,18.0,KJL[Abdullah Hukum > Pasar Seni (KJL)] >> SBK[Pasar Seni (SBK) > Cochrane],1,1+ transfer,RM 2.80,18 min
Abdullah Hukum,Maluri (SBK),Abdullah Hukum → Maluri (SBK),3.2,19.0,KJL[Abdullah Hukum > Pasar Seni (KJL)] >> SBK[Pasar Seni (SBK) > Maluri (SBK)],1,1+ transfer,RM 3.20,19 min
Abdullah Hukum,Taman Pertama,Abdullah Hukum → Taman Pertama,3.5,23.0,KJL[Abdullah Hukum > Pasar Seni (KJL)] >> SBK[Pasar Seni (SBK) > Taman Pertama],1,1+ transfer,RM 3.50,23 min
Abdullah Hukum,Taman Midah,Abdullah Hukum → Taman Midah,3.8,25.0,KJL[Abdullah Hukum > Pasar Seni (KJL)] >> SBK[Pasar Seni (SBK) > Taman Midah],1,1+ transfer,RM 3.80,25 min
Abdullah Hukum,Taman Mutiara,Abdullah Hukum → Taman Mutiara,3.7,27.0,KJL[Abdullah Hukum > Pasar Seni (KJL)] >> SBK[Pasar Seni (SBK) > Taman Mutiara],1,1+ transfer,RM 3.70,27 min
Abdullah Hukum,Taman Connaught,Abdullah Hukum → Taman Connaught,4.0,30.0,KJL[Abdullah Hukum > Pasar Seni (KJL)] >> SBK[Pasar Seni (SBK) > Taman Connaught],1,1+ transfer,RM 4.00,30 min
Abdullah Hukum,Taman Suntex,Abdullah Hukum → Taman Suntex,4.4,32.0,KJL[Abdullah Hukum > Pasar Seni (KJL)] >> SBK[Pasar Seni (SBK) > Taman Suntex],1,1+ transfer,RM 4.40,32 min
Abdullah Hukum,Sri Raya,Abdullah Hukum → Sri Raya,4.2,35.0,KJL[Abdullah Hukum > Pasar Seni (KJL)] >> SBK[Pasar Seni (SBK) > Sri Raya],1,1+ transfer,RM 4.20,35 min
Abdullah Hukum,Bandar Tun Hussein Onn,Abdullah Hukum → Bandar Tun Hussein Onn,4.5,37.0,KJL[Abdullah Hukum > Pasar Seni (KJL)] >> SBK[Pasar Seni (SBK) > Bandar Tun Hussein Onn],1,1+ transfer,RM 4.50,37 min
Abdullah Hukum,Batu 11 Cheras,Abdullah Hukum → Batu 11 Cheras,4.6,39.0,KJL[Abdullah Hukum > Pasar Seni (KJL)] >> SBK[Pasar Seni (SBK) > Batu 11 Cheras],1,1+ transfer,RM 4.60,39 min
Abdullah Hukum,Bukit Dukung,Abdullah Hukum → Bukit Dukung,4.3,42.0,KJL[Abdullah Hukum > Pasar Seni (KJL)] >> SBK[Pasar Seni (SBK) > Bukit Dukung],1,1+ transfer,RM 4.30,42 min
Abdullah Hukum,Sungai Jernih,Abdullah Hukum → Sungai Jernih,4.7,46.0,KJL[Abdullah Hukum > Pasar Seni (KJL)] >> SBK[Pasar Seni (SBK) > Sungai Jernih],1,1+ transfer,RM 4.70,46 min
Abdullah Hukum,Stadium Kajang,Abdullah Hukum → Stadium Kajang,4.8,47.0,KJL[Abdullah Hukum > Pasar Seni (KJL)] >> SBK[Pasar Seni (SBK) > Stadium Kajang],1,1+ transfer,RM 4.80,47 min
Abdullah Hukum,Kajang,Abdullah Hukum → Kajang,4.2,50.0,KJL[Abdullah Hukum > Pasar Seni (KJL)] >> SBK[Pasar Seni (SBK) > Kajang],1,1+ transfer,RM 4.20,50 min
Kerinchi,Universiti,Kerinchi → Universiti,1.0,2.0,KJL[Kerinchi > Universiti],0,Direct journey,RM 1.00,2 min
Kerinchi,Taman Jaya,Kerinchi → Taman Jaya,1.6,6.0,KJL[Kerinchi > Taman Jaya],0,Direct journey,RM 1.60,6 min
Kerinchi,Asia Jaya,Kerinchi → Asia Jaya,1.7,8.0,KJL[Kerinchi > Asia Jaya],0,Direct journey,RM 1.70,8 min
Kerinchi,Taman Paramount,Kerinchi → Taman Paramount,2.1,11.0,KJL[Kerinchi > Taman Paramount],0,Direct journey,RM 2.10,11 min
Kerinchi,Taman Bahagia,Kerinchi → Taman Bahagia,2.4,14.0,KJL[Kerinchi > Taman Bahagia],0,Direct journey,RM 2.40,14 min
Kerinchi,Kelana Jaya,Kerinchi → Kelana Jaya,2.6,16.0,KJL[Kerinchi > Kelana Jaya],0,Direct journey,RM 2.60,16 min
Kerinchi,Lembah Subang,Kerinchi → Lembah Subang,2.7,19.0,KJL[Kerinchi > Lembah Subang],0,Direct journey,RM 2.70,19 min
Kerinchi,Ara Damansara,Kerinchi → Ara Damansara,2.8,21.0,KJL[Kerinchi > Ara Damansara],0,Direct journey,RM 2.80,21 min
Kerinchi,Glenmarie,Kerinchi → Glenmarie,3.1,24.0,KJL[Kerinchi > Glenmarie],0,Direct journey,RM 3.10,24 min
Kerinchi,Subang Jaya,Kerinchi → Subang Jaya,3.4,25.0,KJL[Kerinchi > Subang Jaya],0,Direct journey,RM 3.40,25 min
Kerinchi,SS 15,Kerinchi → SS 15,3.2,29.0,KJL[Kerinchi > SS 15],0,Direct journey,RM 3.20,29 min
Kerinchi,SS 18,Kerinchi → SS 18,3.3,31.0,KJL[Kerinchi > SS 18],0,Direct journey,RM 3.30,31 min
Kerinchi,USJ 7 (KJL),Kerinchi → USJ 7 (KJL),3.6,34.0,KJL[Kerinchi > USJ 7 (KJL)],0,Direct journey,RM 3.60,34 min
Kerinchi,Taipan,Kerinchi → Taipan,3.8,35.0,KJL[Kerinchi > Taipan],0,Direct journey,RM 3.80,35 min
Kerinchi,Wawasan,Kerinchi → Wawasan,3.4,38.0,KJL[Kerinchi > Wawasan],0,Direct journey,RM 3.40,38 min
Kerinchi,USJ 21,Kerinchi → USJ 21,3.5,40.0,KJL[Kerinchi > USJ 21],0,Direct journey,RM 3.50,40 min
Kerinchi,Alam Megah,Kerinchi → Alam Megah,3.7,43.0,KJL[Kerinchi > Alam Megah],0,Direct journey,RM 3.70,43 min
Kerinchi,Subang Alam,Kerinchi → Subang Alam,3.2,46.0,KJL[Kerinchi > Subang Alam],0,Direct journey,RM 3.20,46 min
Kerinchi,Putra Heights (KJL),Kerinchi → Putra Heights (KJL),3.3,50.0,KJL[Kerinchi > Putra Heights (KJL)],0,Direct journey,RM 3.30,50 min
Kerinchi,Sungai Buloh,Kerinchi → Sungai Buloh,4.3,46.0,KJL[Kerinchi > Pasar Seni (KJL)] >> SBK[Pasar Seni (SBK) > Sungai Buloh],1,1+ transfer,RM 4.30,46 min
Kerinchi,Kampung Selamat,Kerinchi → Kampung Selamat,5.9,44.0,KJL[Kerinchi > Pasar Seni (KJL)] >> SBK[Pasar Seni (SBK) > Kampung Selamat],1,1+ transfer,RM 5.90,44 min
Kerinchi,Kwasa Damansara,Kerinchi → Kwasa Damansara,4.5,42.0,KJL[Kerinchi > Pasar Seni (KJL)] >> SBK[Pasar Seni (SBK) > Kwasa Damansara],1,1+ transfer,RM 4.50,42 min
Kerinchi,Kwasa Sentral,Kerinchi → Kwasa Sentral,4.4,39.0,KJL[Kerinchi > Pasar Seni (KJL)] >> SBK[Pasar Seni (SBK) > Kwasa Sentral],1,1+ transfer,RM 4.40,39 min
Kerinchi,Kota Damansara,Kerinchi → Kota Damansara,4.6,36.0,KJL[Kerinchi > Pasar Seni (KJL)] >> SBK[Pasar Seni (SBK) > Kota Damansara],1,1+ transfer,RM 4.60,36 min
Kerinchi,Surian,Kerinchi → Surian,4.3,33.0,KJL[Kerinchi > Pasar Seni (KJL)] >> SBK[Pasar Seni (SBK) > Surian],1,1+ transfer,RM 4.30,33 min
Kerinchi,Mutiara Damansara,Kerinchi → Mutiara Damansara,4.4,30.0,KJL[Kerinchi > Pasar Seni (KJL)] >> SBK[Pasar Seni (SBK) > Mutiara Damansara],1,1+ transfer,RM 4.40,30 min
Kerinchi,Bandar Utama,Kerinchi → Bandar Utama,4.1,28.0,KJL[Kerinchi > Pasar Seni (KJL)] >> SBK[Pasar Seni (SBK) > Bandar Utama],1,1+ transfer,RM 4.10,28 min
Kerinchi,TTDI,Kerinchi → TTDI,3.8,25.0,KJL[Kerinchi > Pasar Seni (KJL)] >> SBK[Pasar Seni (SBK) > TTDI],1,1+ transfer,RM 3.80,25 min
Kerinchi,Phileo Damansara,Kerinchi → Phileo Damansara,3.9,22.0,KJL[Kerinchi > Pasar Seni (KJL)] >> SBK[Pasar Seni (SBK) > Phileo Damansara],1,1+ transfer,RM 3.90,22 min
Kerinchi,Pusat Bandar Damansara,Kerinchi → Pusat Bandar Damansara,3.2,18.0,KJL[Kerinchi > Pasar Seni (KJL)] >> SBK[Pasar Seni (SBK) > Pusat Bandar Damansara],1,1+ transfer,RM 3.20,18 min
Kerinchi,Semantan,Kerinchi → Semantan,3.0,16.0,KJL[Kerinchi > Pasar Seni (KJL)] >> SBK[Pasar Seni (SBK) > Semantan],1,1+ transfer,RM 3.00,16 min
Kerinchi,Muzium Negara,Kerinchi → Muzium Negara,2.2,12.0,KJL[Kerinchi > Pasar Seni (KJL)] >> SBK[Pasar Seni (SBK) > Muzium Negara],1,1+ transfer,RM 2.20,12 min
Kerinchi,Pasar Seni (SBK),Kerinchi → Pasar Seni (SBK),1.9,10.0,KJL[Kerinchi > Pasar Seni (KJL)] >> SBK[Pasar Seni (SBK) > Pasar Seni (SBK)],1,1+ transfer,RM 1.90,10 min
Kerinchi,Merdeka,Kerinchi → Merdeka,2.0,11.0,KJL[Kerinchi > Pasar Seni (KJL)] >> SBK[Pasar Seni (SBK) > Merdeka],1,1+ transfer,RM 2.00,11 min
Kerinchi,Bukit Bintang,Kerinchi → Bukit Bintang,2.3,14.0,KJL[Kerinchi > Pasar Seni (KJL)] >> SBK[Pasar Seni (SBK) > Bukit Bintang],1,1+ transfer,RM 2.30,14 min
Kerinchi,Tun Razak Exchange (TRX),Kerinchi → Tun Razak Exchange (TRX),2.7,16.0,KJL[Kerinchi > Pasar Seni (KJL)] >> SBK[Pasar Seni (SBK) > Tun Razak Exchange (TRX)],1,1+ transfer,RM 2.70,16 min
Kerinchi,Cochrane,Kerinchi → Cochrane,3.0,19.0,KJL[Kerinchi > Pasar Seni (KJL)] >> SBK[Pasar Seni (SBK) > Cochrane],1,1+ transfer,RM 3.00,19 min
Kerinchi,Maluri (SBK),Kerinchi → Maluri (SBK),3.2,20.0,KJL[Kerinchi > Pasar Seni (KJL)] >> SBK[Pasar Seni (SBK) > Maluri (SBK)],1,1+ transfer,RM 3.20,20 min
Kerinchi,Taman Pertama,Kerinchi → Taman Pertama,3.6,24.0,KJL[Kerinchi > Pasar Seni (KJL)] >> SBK[Pasar Seni (SBK) > Taman Pertama],1,1+ transfer,RM 3.60,24 min
Kerinchi,Taman Midah,Kerinchi → Taman Midah,3.8,26.0,KJL[Kerinchi > Pasar Seni (KJL)] >> SBK[Pasar Seni (SBK) > Taman Midah],1,1+ transfer,RM 3.80,26 min
Kerinchi,Taman Mutiara,Kerinchi → Taman Mutiara,3.8,28.0,KJL[Kerinchi > Pasar Seni (KJL)] >> SBK[Pasar Seni (SBK) > Taman Mutiara],1,1+ transfer,RM 3.80,28 min
Kerinchi,Taman Connaught,Kerinchi → Taman Connaught,4.1,31.0,KJL[Kerinchi > Pasar Seni (KJL)] >> SBK[Pasar Seni (SBK) > Taman Connaught],1,1+ transfer,RM 4.10,31 min
Kerinchi,Taman Suntex,Kerinchi → Taman Suntex,4.5,33.0,KJL[Kerinchi > Pasar Seni (KJL)] >> SBK[Pasar Seni (SBK) > Taman Suntex],1,1+ transfer,RM 4.50,33 min
Kerinchi,Sri Raya,Kerinchi → Sri Raya,4.3,36.0,KJL[Kerinchi > Pasar Seni (KJL)] >> SBK[Pasar Seni (SBK) > Sri Raya],1,1+ transfer,RM 4.30,36 min
Kerinchi,Bandar Tun Hussein Onn,Kerinchi → Bandar Tun Hussein Onn,4.5,38.0,KJL[Kerinchi > Pasar Seni (KJL)] >> SBK[Pasar Seni (SBK) > Bandar Tun Hussein Onn],1,1+ transfer,RM 4.50,38 min
Kerinchi,Batu 11 Cheras,Kerinchi → Batu 11 Cheras,4.7,40.0,KJL[Kerinchi > Pasar Seni (KJL)] >> SBK[Pasar Seni (SBK) > Batu 11 Cheras],1,1+ transfer,RM 4.70,40 min
Kerinchi,Bukit Dukung,Kerinchi → Bukit Dukung,4.3,43.0,KJL[Kerinchi > Pasar Seni (KJL)] >> SBK[Pasar Seni (SBK) > Bukit Dukung],1,1+ transfer,RM 4.30,43 min
Kerinchi,Sungai Jernih,Kerinchi → Sungai Jernih,4.7,47.0,KJL[Kerinchi > Pasar Seni (KJL)] >> SBK[Pasar Seni (SBK) > Sungai Jernih],1,1+ transfer,RM 4.70,47 min
Kerinchi,Stadium Kajang,Kerinchi → Stadium Kajang,4.8,48.0,KJL[Kerinchi > Pasar Seni (KJL)] >> SBK[Pasar Seni (SBK) > Stadium Kajang],1,1+ transfer,RM 4.80,48 min
Kerinchi,Kajang,Kerinchi → Kajang,4.2,51.0,KJL[Kerinchi > Pasar Seni (KJL)] >> SBK[Pasar Seni (SBK) > Kajang],1,1+ transfer,RM 4.20,51 min
Universiti,Taman Jaya,Universiti → Taman Jaya,1.5,4.0,KJL[Universiti > Taman Jaya],0,Direct journey,RM 1.50,4 min
Universiti,Asia Jaya,Universiti → Asia Jaya,1.7,6.0,KJL[Universiti > Asia Jaya],0,Direct journey,RM 1.70,6 min
Universiti,Taman Paramount,Universiti → Taman Paramount,1.9,9.0,KJL[Universiti > Taman Paramount],0,Direct journey,RM 1.90,9 min
Universiti,Taman Bahagia,Universiti → Taman Bahagia,2.2,12.0,KJL[Universiti > Taman Bahagia],0,Direct journey,RM 2.20,12 min
Universiti,Kelana Jaya,Universiti → Kelana Jaya,2.5,14.0,KJL[Universiti > Kelana Jaya],0,Direct journey,RM 2.50,14 min
Universiti,Lembah Subang,Universiti → Lembah Subang,2.8,17.0,KJL[Universiti > Lembah Subang],0,Direct journey,RM 2.80,17 min
Universiti,Ara Damansara,Universiti → Ara Damansara,2.7,19.0,KJL[Universiti > Ara Damansara],0,Direct journey,RM 2.70,19 min
Universiti,Glenmarie,Universiti → Glenmarie,3.0,22.0,KJL[Universiti > Glenmarie],0,Direct journey,RM 3.00,22 min
Universiti,Subang Jaya,Universiti → Subang Jaya,3.3,23.0,KJL[Universiti > Subang Jaya],0,Direct journey,RM 3.30,23 min
Universiti,SS 15,Universiti → SS 15,3.1,27.0,KJL[Universiti > SS 15],0,Direct journey,RM 3.10,27 min
Universiti,SS 18,Universiti → SS 18,3.2,29.0,KJL[Universiti > SS 18],0,Direct journey,RM 3.20,29 min
Universiti,USJ 7 (KJL),Universiti → USJ 7 (KJL),3.5,32.0,KJL[Universiti > USJ 7 (KJL)],0,Direct journey,RM 3.50,32 min
Universiti,Taipan,Universiti → Taipan,3.7,33.0,KJL[Universiti > Taipan],0,Direct journey,RM 3.70,33 min
Universiti,Wawasan,Universiti → Wawasan,3.3,36.0,KJL[Universiti > Wawasan],0,Direct journey,RM 3.30,36 min
Universiti,USJ 21,Universiti → USJ 21,3.4,38.0,KJL[Universiti > USJ 21],0,Direct journey,RM 3.40,38 min
Universiti,Alam Megah,Universiti → Alam Megah,3.6,41.0,KJL[Universiti > Alam Megah],0,Direct journey,RM 3.60,41 min
Universiti,Subang Alam,Universiti → Subang Alam,3.8,44.0,KJL[Universiti > Subang Alam],0,Direct journey,RM 3.80,44 min
Universiti,Putra Heights (KJL),Universiti → Putra Heights (KJL),3.3,48.0,KJL[Universiti > Putra Heights (KJL)],0,Direct journey,RM 3.30,48 min
Universiti,Sungai Buloh,Universiti → Sungai Buloh,4.4,48.0,KJL[Universiti > Pasar Seni (KJL)] >> SBK[Pasar Seni (SBK) > Sungai Buloh],1,1+ transfer,RM 4.40,48 min
Universiti,Kampung Selamat,Universiti → Kampung Selamat,5.0,46.0,KJL[Universiti > Pasar Seni (KJL)] >> SBK[Pasar Seni (SBK) > Kampung Selamat],1,1+ transfer,RM 5.00,46 min
Universiti,Kwasa Damansara,Universiti → Kwasa Damansara,4.7,44.0,KJL[Universiti > Pasar Seni (KJL)] >> SBK[Pasar Seni (SBK) > Kwasa Damansara],1,1+ transfer,RM 4.70,44 min
Universiti,Kwasa Sentral,Universiti → Kwasa Sentral,4.6,41.0,KJL[Universiti > Pasar Seni (KJL)] >> SBK[Pasar Seni (SBK) > Kwasa Sentral],1,1+ transfer,RM 4.60,41 min
Universiti,Kota Damansara,Universiti → Kota Damansara,4.7,38.0,KJL[Universiti > Pasar Seni (KJL)] >> SBK[Pasar Seni (SBK) > Kota Damansara],1,1+ transfer,RM 4.70,38 min
Universiti,Surian,Universiti → Surian,4.5,35.0,KJL[Universiti > Pasar Seni (KJL)] >> SBK[Pasar Seni (SBK) > Surian],1,1+ transfer,RM 4.50,35 min
Universiti,Mutiara Damansara,Universiti → Mutiara Damansara,4.6,32.0,KJL[Universiti > Pasar Seni (KJL)] >> SBK[Pasar Seni (SBK) > Mutiara Damansara],1,1+ transfer,RM 4.60,32 min
Universiti,Bandar Utama,Universiti → Bandar Utama,4.3,30.0,KJL[Universiti > Pasar Seni (KJL)] >> SBK[Pasar Seni (SBK) > Bandar Utama],1,1+ transfer,RM 4.30,30 min
Universiti,TTDI,Universiti → TTDI,4.0,27.0,KJL[Universiti > Pasar Seni (KJL)] >> SBK[Pasar Seni (SBK) > TTDI],1,1+ transfer,RM 4.00,27 min
Universiti,Phileo Damansara,Universiti → Phileo Damansara,4.0,24.0,KJL[Universiti > Pasar Seni (KJL)] >> SBK[Pasar Seni (SBK) > Phileo Damansara],1,1+ transfer,RM 4.00,24 min
Universiti,Pusat Bandar Damansara,Universiti → Pusat Bandar Damansara,3.4,20.0,KJL[Universiti > Pasar Seni (KJL)] >> SBK[Pasar Seni (SBK) > Pusat Bandar Damansara],1,1+ transfer,RM 3.40,20 min
Universiti,Semantan,Universiti → Semantan,3.2,18.0,KJL[Universiti > Pasar Seni (KJL)] >> SBK[Pasar Seni (SBK) > Semantan],1,1+ transfer,RM 3.20,18 min
Universiti,Muzium Negara,Universiti → Muzium Negara,2.4,14.0,KJL[Universiti > Pasar Seni (KJL)] >> SBK[Pasar Seni (SBK) > Muzium Negara],1,1+ transfer,RM 2.40,14 min
Universiti,Pasar Seni (SBK),Universiti → Pasar Seni (SBK),2.1,12.0,KJL[Universiti > Pasar Seni (KJL)] >> SBK[Pasar Seni (SBK) > Pasar Seni (SBK)],1,1+ transfer,RM 2.10,12 min
Universiti,Merdeka,Universiti → Merdeka,2.2,13.0,KJL[Universiti > Pasar Seni (KJL)] >> SBK[Pasar Seni (SBK) > Merdeka],1,1+ transfer,RM 2.20,13 min
Universiti,Bukit Bintang,Universiti → Bukit Bintang,2.5,16.0,KJL[Universiti > Pasar Seni (KJL)] >> SBK[Pasar Seni (SBK) > Bukit Bintang],1,1+ transfer,RM 2.50,16 min
Universiti,Tun Razak Exchange (TRX),Universiti → Tun Razak Exchange (TRX),2.9,18.0,KJL[Universiti > Pasar Seni (KJL)] >> SBK[Pasar Seni (SBK) > Tun Razak Exchange (TRX)],1,1+ transfer,RM 2.90,18 min
Universiti,Cochrane,Universiti → Cochrane,3.2,21.0,KJL[Universiti > Pasar Seni (KJL)] >> SBK[Pasar Seni (SBK) > Cochrane],1,1+ transfer,RM 3.20,21 min
Universiti,Maluri (SBK),Universiti → Maluri (SBK),3.4,22.0,KJL[Universiti > Pasar Seni (KJL)] >> SBK[Pasar Seni (SBK) > Maluri (SBK)],1,1+ transfer,RM 3.40,22 min
Universiti,Taman Pertama,Universiti → Taman Pertama,3.8,26.0,KJL[Universiti > Pasar Seni (KJL)] >> SBK[Pasar Seni (SBK) > Taman Pertama],1,1+ transfer,RM 3.80,26 min
Universiti,Taman Midah,Universiti → Taman Midah,4.0,28.0,KJL[Universiti > Pasar Seni (KJL)] >> SBK[Pasar Seni (SBK) > Taman Midah],1,1+ transfer,RM 4.00,28 min
Universiti,Taman Mutiara,Universiti → Taman Mutiara,4.0,30.0,KJL[Universiti > Pasar Seni (KJL)] >> SBK[Pasar Seni (SBK) > Taman Mutiara],1,1+ transfer,RM 4.00,30 min
Universiti,Taman Connaught,Universiti → Taman Connaught,4.2,33.0,KJL[Universiti > Pasar Seni (KJL)] >> SBK[Pasar Seni (SBK) > Taman Connaught],1,1+ transfer,RM 4.20,33 min
Universiti,Taman Suntex,Universiti → Taman Suntex,4.7,35.0,KJL[Universiti > Pasar Seni (KJL)] >> SBK[Pasar Seni (SBK) > Taman Suntex],1,1+ transfer,RM 4.70,35 min
Universiti,Sri Raya,Universiti → Sri Raya,4.5,38.0,KJL[Universiti > Pasar Seni (KJL)] >> SBK[Pasar Seni (SBK) > Sri Raya],1,1+ transfer,RM 4.50,38 min
Universiti,Bandar Tun Hussein Onn,Universiti → Bandar Tun Hussein Onn,4.7,40.0,KJL[Universiti > Pasar Seni (KJL)] >> SBK[Pasar Seni (SBK) > Bandar Tun Hussein Onn],1,1+ transfer,RM 4.70,40 min
Universiti,Batu 11 Cheras,Universiti → Batu 11 Cheras,4.8,42.0,KJL[Universiti > Pasar Seni (KJL)] >> SBK[Pasar Seni (SBK) > Batu 11 Cheras],1,1+ transfer,RM 4.80,42 min
Universiti,Bukit Dukung,Universiti → Bukit Dukung,4.5,45.0,KJL[Universiti > Pasar Seni (KJL)] >> SBK[Pasar Seni (SBK) > Bukit Dukung],1,1+ transfer,RM 4.50,45 min
Universiti,Sungai Jernih,Universiti → Sungai Jernih,4.9,49.0,KJL[Universiti > Pasar Seni (KJL)] >> SBK[Pasar Seni (SBK) > Sungai Jernih],1,1+ transfer,RM 4.90,49 min
Universiti,Stadium Kajang,Universiti → Stadium Kajang,5.0,50.0,KJL[Universiti > Pasar Seni (KJL)] >> SBK[Pasar Seni (SBK) > Stadium Kajang],1,1+ transfer,RM 5.00,50 min
Universiti,Kajang,Universiti → Kajang,4.4,53.0,KJL[Universiti > Pasar Seni (KJL)] >> SBK[Pasar Seni (SBK) > Kajang],1,1+ transfer,RM 4.40,53 min
Taman Jaya,Asia Jaya,Taman Jaya → Asia Jaya,1.1,2.0,KJL[Taman Jaya > Asia Jaya],0,Direct journey,RM 1.10,2 min
Taman Jaya,Taman Paramount,Taman Jaya → Taman Paramount,1.5,5.0,KJL[Taman Jaya > Taman Paramount],0,Direct journey,RM 1.50,5 min
Taman Jaya,Taman Bahagia,Taman Jaya → Taman Bahagia,1.8,8.0,KJL[Taman Jaya > Taman Bahagia],0,Direct journey,RM 1.80,8 min
Taman Jaya,Kelana Jaya,Taman Jaya → Kelana Jaya,1.9,10.0,KJL[Taman Jaya > Kelana Jaya],0,Direct journey,RM 1.90,10 min
Taman Jaya,Lembah Subang,Taman Jaya → Lembah Subang,2.3,13.0,KJL[Taman Jaya > Lembah Subang],0,Direct journey,RM 2.30,13 min
Taman Jaya,Ara Damansara,Taman Jaya → Ara Damansara,2.4,15.0,KJL[Taman Jaya > Ara Damansara],0,Direct journey,RM 2.40,15 min
Taman Jaya,Glenmarie,Taman Jaya → Glenmarie,2.8,18.0,KJL[Taman Jaya > Glenmarie],0,Direct journey,RM 2.80,18 min
Taman Jaya,Subang Jaya,Taman Jaya → Subang Jaya,2.8,19.0,KJL[Taman Jaya > Subang Jaya],0,Direct journey,RM 2.80,19 min
Taman Jaya,SS 15,Taman Jaya → SS 15,3.1,23.0,KJL[Taman Jaya > SS 15],0,Direct journey,RM 3.10,23 min
Taman Jaya,SS 18,Taman Jaya → SS 18,3.2,25.0,KJL[Taman Jaya > SS 18],0,Direct journey,RM 3.20,25 min
Taman Jaya,USJ 7 (KJL),Taman Jaya → USJ 7 (KJL),3.2,28.0,KJL[Taman Jaya > USJ 7 (KJL)],0,Direct journey,RM 3.20,28 min
Taman Jaya,Taipan,Taman Jaya → Taipan,3.3,29.0,KJL[Taman Jaya > Taipan],0,Direct journey,RM 3.30,29 min
Taman Jaya,Wawasan,Taman Jaya → Wawasan,3.5,32.0,KJL[Taman Jaya > Wawasan],0,Direct journey,RM 3.50,32 min
Taman Jaya,USJ 21,Taman Jaya → USJ 21,3.7,34.0,KJL[Taman Jaya > USJ 21],0,Direct journey,RM 3.70,34 min
Taman Jaya,Alam Megah,Taman Jaya → Alam Megah,3.4,37.0,KJL[Taman Jaya > Alam Megah],0,Direct journey,RM 3.40,37 min
Taman Jaya,Subang Alam,Taman Jaya → Subang Alam,3.5,40.0,KJL[Taman Jaya > Subang Alam],0,Direct journey,RM 3.50,40 min
Taman Jaya,Putra Heights (KJL),Taman Jaya → Putra Heights (KJL),3.7,44.0,KJL[Taman Jaya > Putra Heights (KJL)],0,Direct journey,RM 3.70,44 min
Taman Jaya,Sungai Buloh,Taman Jaya → Sungai Buloh,5.0,52.0,KJL[Taman Jaya > Pasar Seni (KJL)] >> SBK[Pasar Seni (SBK) > Sungai Buloh],1,1+ transfer,RM 5.00,52 min
Taman Jaya,Kampung Selamat,Taman Jaya → Kampung Selamat,5.6,50.0,KJL[Taman Jaya > Pasar Seni (KJL)] >> SBK[Pasar Seni (SBK) > Kampung Selamat],1,1+ transfer,RM 5.60,50 min
Taman Jaya,Kwasa Damansara,Taman Jaya → Kwasa Damansara,5.2,48.0,KJL[Taman Jaya > Pasar Seni (KJL)] >> SBK[Pasar Seni (SBK) > Kwasa Damansara],1,1+ transfer,RM 5.20,48 min
Taman Jaya,Kwasa Sentral,Taman Jaya → Kwasa Sentral,5.1,45.0,KJL[Taman Jaya > Pasar Seni (KJL)] >> SBK[Pasar Seni (SBK) > Kwasa Sentral],1,1+ transfer,RM 5.10,45 min
Taman Jaya,Kota Damansara,Taman Jaya → Kota Damansara,5.3,42.0,KJL[Taman Jaya > Pasar Seni (KJL)] >> SBK[Pasar Seni (SBK) > Kota Damansara],1,1+ transfer,RM 5.30,42 min
Taman Jaya,Surian,Taman Jaya → Surian,5.0,39.0,KJL[Taman Jaya > Pasar Seni (KJL)] >> SBK[Pasar Seni (SBK) > Surian],1,1+ transfer,RM 5.00,39 min
Taman Jaya,Mutiara Damansara,Taman Jaya → Mutiara Damansara,5.1,36.0,KJL[Taman Jaya > Pasar Seni (KJL)] >> SBK[Pasar Seni (SBK) > Mutiara Damansara],1,1+ transfer,RM 5.10,36 min
Taman Jaya,Bandar Utama,Taman Jaya → Bandar Utama,4.8,34.0,KJL[Taman Jaya > Pasar Seni (KJL)] >> SBK[Pasar Seni (SBK) > Bandar Utama],1,1+ transfer,RM 4.80,34 min
Taman Jaya,TTDI,Taman Jaya → TTDI,4.5,31.0,KJL[Taman Jaya > Pasar Seni (KJL)] >> SBK[Pasar Seni (SBK) > TTDI],1,1+ transfer,RM 4.50,31 min
Taman Jaya,Phileo Damansara,Taman Jaya → Phileo Damansara,4.6,28.0,KJL[Taman Jaya > Pasar Seni (KJL)] >> SBK[Pasar Seni (SBK) > Phileo Damansara],1,1+ transfer,RM 4.60,28 min
Taman Jaya,Pusat Bandar Damansara,Taman Jaya → Pusat Bandar Damansara,3.9,24.0,KJL[Taman Jaya > Pasar Seni (KJL)] >> SBK[Pasar Seni (SBK) > Pusat Bandar Damansara],1,1+ transfer,RM 3.90,24 min
Taman Jaya,Semantan,Taman Jaya → Semantan,3.7,22.0,KJL[Taman Jaya > Pasar Seni (KJL)] >> SBK[Pasar Seni (SBK) > Semantan],1,1+ transfer,RM 3.70,22 min
Taman Jaya,Muzium Negara,Taman Jaya → Muzium Negara,3.0,18.0,KJL[Taman Jaya > Pasar Seni (KJL)] >> SBK[Pasar Seni (SBK) > Muzium Negara],1,1+ transfer,RM 3.00,18 min
Taman Jaya,Pasar Seni (SBK),Taman Jaya → Pasar Seni (SBK),2.6,16.0,KJL[Taman Jaya > Pasar Seni (KJL)] >> SBK[Pasar Seni (SBK) > Pasar Seni (SBK)],1,1+ transfer,RM 2.60,16 min
Taman Jaya,Merdeka,Taman Jaya → Merdeka,2.8,17.0,KJL[Taman Jaya > Pasar Seni (KJL)] >> SBK[Pasar Seni (SBK) > Merdeka],1,1+ transfer,RM 2.80,17 min
Taman Jaya,Bukit Bintang,Taman Jaya → Bukit Bintang,3.1,20.0,KJL[Taman Jaya > Pasar Seni (KJL)] >> SBK[Pasar Seni (SBK) > Bukit Bintang],1,1+ transfer,RM 3.10,20 min
Taman Jaya,Tun Razak Exchange (TRX),Taman Jaya → Tun Razak Exchange (TRX),3.5,22.0,KJL[Taman Jaya > Pasar Seni (KJL)] >> SBK[Pasar Seni (SBK) > Tun Razak Exchange (TRX)],1,1+ transfer,RM 3.50,22 min
Taman Jaya,Cochrane,Taman Jaya → Cochrane,3.7,25.0,KJL[Taman Jaya > Pasar Seni (KJL)] >> SBK[Pasar Seni (SBK) > Cochrane],1,1+ transfer,RM 3.70,25 min
Taman Jaya,Maluri (SBK),Taman Jaya → Maluri (SBK),3.9,26.0,KJL[Taman Jaya > Pasar Seni (KJL)] >> SBK[Pasar Seni (SBK) > Maluri (SBK)],1,1+ transfer,RM 3.90,26 min
Taman Jaya,Taman Pertama,Taman Jaya → Taman Pertama,4.3,30.0,KJL[Taman Jaya > Pasar Seni (KJL)] >> SBK[Pasar Seni (SBK) > Taman Pertama],1,1+ transfer,RM 4.30,30 min
Taman Jaya,Taman Midah,Taman Jaya → Taman Midah,4.5,32.0,KJL[Taman Jaya > Pasar Seni (KJL)] >> SBK[Pasar Seni (SBK) > Taman Midah],1,1+ transfer,RM 4.50,32 min
Taman Jaya,Taman Mutiara,Taman Jaya → Taman Mutiara,4.5,34.0,KJL[Taman Jaya > Pasar Seni (KJL)] >> SBK[Pasar Seni (SBK) > Taman Mutiara],1,1+ transfer,RM 4.50,34 min
Taman Jaya,Taman Connaught,Taman Jaya → Taman Connaught,4.8,37.0,KJL[Taman Jaya > Pasar Seni (KJL)] >> SBK[Pasar Seni (SBK) > Taman Connaught],1,1+ transfer,RM 4.80,37 min
Taman Jaya,Taman Suntex,Taman Jaya → Taman Suntex,5.2,39.0,KJL[Taman Jaya > Pasar Seni (KJL)] >> SBK[Pasar Seni (SBK) > Taman Suntex],1,1+ transfer,RM 5.20,39 min
Taman Jaya,Sri Raya,Taman Jaya → Sri Raya,5.0,42.0,KJL[Taman Jaya > Pasar Seni (KJL)] >> SBK[Pasar Seni (SBK) > Sri Raya],1,1+ transfer,RM 5.00,42 min
Taman Jaya,Bandar Tun Hussein Onn,Taman Jaya → Bandar Tun Hussein Onn,5.2,44.0,KJL[Taman Jaya > Pasar Seni (KJL)] >> SBK[Pasar Seni (SBK) > Bandar Tun Hussein Onn],1,1+ transfer,RM 5.20,44 min
Taman Jaya,Batu 11 Cheras,Taman Jaya → Batu 11 Cheras,5.4,46.0,KJL[Taman Jaya > Pasar Seni (KJL)] >> SBK[Pasar Seni (SBK) > Batu 11 Cheras],1,1+ transfer,RM 5.40,46 min
Taman Jaya,Bukit Dukung,Taman Jaya → Bukit Dukung,5.0,49.0,KJL[Taman Jaya > Pasar Seni (KJL)] >> SBK[Pasar Seni (SBK) > Bukit Dukung],1,1+ transfer,RM 5.00,49 min
Taman Jaya,Sungai Jernih,Taman Jaya → Sungai Jernih,5.4,53.0,KJL[Taman Jaya > Pasar Seni (KJL)] >> SBK[Pasar Seni (SBK) > Sungai Jernih],1,1+ transfer,RM 5.40,53 min
Taman Jaya,Stadium Kajang,Taman Jaya → Stadium Kajang,5.5,54.0,KJL[Taman Jaya > Pasar Seni (KJL)] >> SBK[Pasar Seni (SBK) > Stadium Kajang],1,1+ transfer,RM 5.50,54 min
Taman Jaya,Kajang,Taman Jaya → Kajang,5.0,57.0,KJL[Taman Jaya > Pasar Seni (KJL)] >> SBK[Pasar Seni (SBK) > Kajang],1,1+ transfer,RM 5.00,57 min
Asia Jaya,Taman Paramount,Asia Jaya → Taman Paramount,1.3,3.0,KJL[Asia Jaya > Taman Paramount],0,Direct journey,RM 1.30,3 min
Asia Jaya,Taman Bahagia,Asia Jaya → Taman Bahagia,1.6,6.0,KJL[Asia Jaya > Taman Bahagia],0,Direct journey,RM 1.60,6 min
Asia Jaya,Kelana Jaya,Asia Jaya → Kelana Jaya,1.7,8.0,KJL[Asia Jaya > Kelana Jaya],0,Direct journey,RM 1.70,8 min
Asia Jaya,Lembah Subang,Asia Jaya → Lembah Subang,2.1,11.0,KJL[Asia Jaya > Lembah Subang],0,Direct journey,RM 2.10,11 min
Asia Jaya,Ara Damansara,Asia Jaya → Ara Damansara,2.3,13.0,KJL[Asia Jaya > Ara Damansara],0,Direct journey,RM 2.30,13 min
Asia Jaya,Glenmarie,Asia Jaya → Glenmarie,2.6,16.0,KJL[Asia Jaya > Glenmarie],0,Direct journey,RM 2.60,16 min
Asia Jaya,Subang Jaya,Asia Jaya → Subang Jaya,2.7,17.0,KJL[Asia Jaya > Subang Jaya],0,Direct journey,RM 2.70,17 min
Asia Jaya,SS 15,Asia Jaya → SS 15,2.9,21.0,KJL[Asia Jaya > SS 15],0,Direct journey,RM 2.90,21 min
Asia Jaya,SS 18,Asia Jaya → SS 18,3.1,23.0,KJL[Asia Jaya > SS 18],0,Direct journey,RM 3.10,23 min
Asia Jaya,USJ 7 (KJL),Asia Jaya → USJ 7 (KJL),3.5,26.0,KJL[Asia Jaya > USJ 7 (KJL)],0,Direct journey,RM 3.50,26 min
Asia Jaya,Taipan,Asia Jaya → Taipan,3.2,27.0,KJL[Asia Jaya > Taipan],0,Direct journey,RM 3.20,27 min
Asia Jaya,Wawasan,Asia Jaya → Wawasan,3.4,30.0,KJL[Asia Jaya > Wawasan],0,Direct journey,RM 3.40,30 min
Asia Jaya,USJ 21,Asia Jaya → USJ 21,3.5,32.0,KJL[Asia Jaya > USJ 21],0,Direct journey,RM 3.50,32 min
Asia Jaya,Alam Megah,Asia Jaya → Alam Megah,3.3,35.0,KJL[Asia Jaya > Alam Megah],0,Direct journey,RM 3.30,35 min
Asia Jaya,Subang Alam,Asia Jaya → Subang Alam,3.4,38.0,KJL[Asia Jaya > Subang Alam],0,Direct journey,RM 3.40,38 min
Asia Jaya,Putra Heights (KJL),Asia Jaya → Putra Heights (KJL),3.6,42.0,KJL[Asia Jaya > Putra Heights (KJL)],0,Direct journey,RM 3.60,42 min
Asia Jaya,Sungai Buloh,Asia Jaya → Sungai Buloh,5.1,54.0,KJL[Asia Jaya > Pasar Seni (KJL)] >> SBK[Pasar Seni (SBK) > Sungai Buloh],1,1+ transfer,RM 5.10,54 min
Asia Jaya,Kampung Selamat,Asia Jaya → Kampung Selamat,5.7,52.0,KJL[Asia Jaya > Pasar Seni (KJL)] >> SBK[Pasar Seni (SBK) > Kampung Selamat],1,1+ transfer,RM 5.70,52 min
Asia Jaya,Kwasa Damansara,Asia Jaya → Kwasa Damansara,5.4,50.0,KJL[Asia Jaya > Pasar Seni (KJL)] >> SBK[Pasar Seni (SBK) > Kwasa Damansara],1,1+ transfer,RM 5.40,50 min
Asia Jaya,Kwasa Sentral,Asia Jaya → Kwasa Sentral,5.3,47.0,KJL[Asia Jaya > Pasar Seni (KJL)] >> SBK[Pasar Seni (SBK) > Kwasa Sentral],1,1+ transfer,RM 5.30,47 min
Asia Jaya,Kota Damansara,Asia Jaya → Kota Damansara,5.4,44.0,KJL[Asia Jaya > Pasar Seni (KJL)] >> SBK[Pasar Seni (SBK) > Kota Damansara],1,1+ transfer,RM 5.40,44 min
Asia Jaya,Surian,Asia Jaya → Surian,5.2,41.0,KJL[Asia Jaya > Pasar Seni (KJL)] >> SBK[Pasar Seni (SBK) > Surian],1,1+ transfer,RM 5.20,41 min
Asia Jaya,Mutiara Damansara,Asia Jaya → Mutiara Damansara,5.3,38.0,KJL[Asia Jaya > Pasar Seni (KJL)] >> SBK[Pasar Seni (SBK) > Mutiara Damansara],1,1+ transfer,RM 5.30,38 min
Asia Jaya,Bandar Utama,Asia Jaya → Bandar Utama,5.0,36.0,KJL[Asia Jaya > Pasar Seni (KJL)] >> SBK[Pasar Seni (SBK) > Bandar Utama],1,1+ transfer,RM 5.00,36 min
Asia Jaya,TTDI,Asia Jaya → TTDI,4.7,33.0,KJL[Asia Jaya > Pasar Seni (KJL)] >> SBK[Pasar Seni (SBK) > TTDI],1,1+ transfer,RM 4.70,33 min
Asia Jaya,Phileo Damansara,Asia Jaya → Phileo Damansara,4.7,30.0,KJL[Asia Jaya > Pasar Seni (KJL)] >> SBK[Pasar Seni (SBK) > Phileo Damansara],1,1+ transfer,RM 4.70,30 min
Asia Jaya,Pusat Bandar Damansara,Asia Jaya → Pusat Bandar Damansara,4.1,26.0,KJL[Asia Jaya > Pasar Seni (KJL)] >> SBK[Pasar Seni (SBK) > Pusat Bandar Damansara],1,1+ transfer,RM 4.10,26 min
Asia Jaya,Semantan,Asia Jaya → Semantan,3.9,24.0,KJL[Asia Jaya > Pasar Seni (KJL)] >> SBK[Pasar Seni (SBK) > Semantan],1,1+ transfer,RM 3.90,24 min
Asia Jaya,Muzium Negara,Asia Jaya → Muzium Negara,3.2,20.0,KJL[Asia Jaya > Pasar Seni (KJL)] >> SBK[Pasar Seni (SBK) > Muzium Negara],1,1+ transfer,RM 3.20,20 min
Asia Jaya,Pasar Seni (SBK),Asia Jaya → Pasar Seni (SBK),2.8,18.0,KJL[Asia Jaya > Pasar Seni (KJL)] >> SBK[Pasar Seni (SBK) > Pasar Seni (SBK)],1,1+ transfer,RM 2.80,18 min
Asia Jaya,Merdeka,Asia Jaya → Merdeka,3.0,19.0,KJL[Asia Jaya > Pasar Seni (KJL)] >> SBK[Pasar Seni (SBK) > Merdeka],1,1+ transfer,RM 3.00,19 min
Asia Jaya,Bukit Bintang,Asia Jaya → Bukit Bintang,3.3,22.0,KJL[Asia Jaya > Pasar Seni (KJL)] >> SBK[Pasar Seni (SBK) > Bukit Bintang],1,1+ transfer,RM 3.30,22 min
Asia Jaya,Tun Razak Exchange (TRX),Asia Jaya → Tun Razak Exchange (TRX),3.7,24.0,KJL[Asia Jaya > Pasar Seni (KJL)] >> SBK[Pasar Seni (SBK) > Tun Razak Exchange (TRX)],1,1+ transfer,RM 3.70,24 min
Asia Jaya,Cochrane,Asia Jaya → Cochrane,3.9,27.0,KJL[Asia Jaya > Pasar Seni (KJL)] >> SBK[Pasar Seni (SBK) > Cochrane],1,1+ transfer,RM 3.90,27 min
Asia Jaya,Maluri (SBK),Asia Jaya → Maluri (SBK),4.1,28.0,KJL[Asia Jaya > Pasar Seni (KJL)] >> SBK[Pasar Seni (SBK) > Maluri (SBK)],1,1+ transfer,RM 4.10,28 min
Asia Jaya,Taman Pertama,Asia Jaya → Taman Pertama,4.5,32.0,KJL[Asia Jaya > Pasar Seni (KJL)] >> SBK[Pasar Seni (SBK) > Taman Pertama],1,1+ transfer,RM 4.50,32 min
Asia Jaya,Taman Midah,Asia Jaya → Taman Midah,4.7,34.0,KJL[Asia Jaya > Pasar Seni (KJL)] >> SBK[Pasar Seni (SBK) > Taman Midah],1,1+ transfer,RM 4.70,34 min
Asia Jaya,Taman Mutiara,Asia Jaya → Taman Mutiara,4.7,36.0,KJL[Asia Jaya > Pasar Seni (KJL)] >> SBK[Pasar Seni (SBK) > Taman Mutiara],1,1+ transfer,RM 4.70,36 min
Asia Jaya,Taman Connaught,Asia Jaya → Taman Connaught,5.0,39.0,KJL[Asia Jaya > Pasar Seni (KJL)] >> SBK[Pasar Seni (SBK) > Taman Connaught],1,1+ transfer,RM 5.00,39 min
Asia Jaya,Taman Suntex,Asia Jaya → Taman Suntex,5.4,41.0,KJL[Asia Jaya > Pasar Seni (KJL)] >> SBK[Pasar Seni (SBK) > Taman Suntex],1,1+ transfer,RM 5.40,41 min
Asia Jaya,Sri Raya,Asia Jaya → Sri Raya,5.2,44.0,KJL[Asia Jaya > Pasar Seni (KJL)] >> SBK[Pasar Seni (SBK) > Sri Raya],1,1+ transfer,RM 5.20,44 min
Asia Jaya,Bandar Tun Hussein Onn,Asia Jaya → Bandar Tun Hussein Onn,5.4,46.0,KJL[Asia Jaya > Pasar Seni (KJL)] >> SBK[Pasar Seni (SBK) > Bandar Tun Hussein Onn],1,1+ transfer,RM 5.40,46 min
Asia Jaya,Batu 11 Cheras,Asia Jaya → Batu 11 Cheras,5.5,48.0,KJL[Asia Jaya > Pasar Seni (KJL)] >> SBK[Pasar Seni (SBK) > Batu 11 Cheras],1,1+ transfer,RM 5.50,48 min
Asia Jaya,Bukit Dukung,Asia Jaya → Bukit Dukung,5.2,51.0,KJL[Asia Jaya > Pasar Seni (KJL)] >> SBK[Pasar Seni (SBK) > Bukit Dukung],1,1+ transfer,RM 5.20,51 min
Asia Jaya,Sungai Jernih,Asia Jaya → Sungai Jernih,5.6,55.0,KJL[Asia Jaya > Pasar Seni (KJL)] >> SBK[Pasar Seni (SBK) > Sungai Jernih],1,1+ transfer,RM 5.60,55 min
Asia Jaya,Stadium Kajang,Asia Jaya → Stadium Kajang,5.7,56.0,KJL[Asia Jaya > Pasar Seni (KJL)] >> SBK[Pasar Seni (SBK) > Stadium Kajang],1,1+ transfer,RM 5.70,56 min
Asia Jaya,Kajang,Asia Jaya → Kajang,5.1,59.0,KJL[Asia Jaya > Pasar Seni (KJL)] >> SBK[Pasar Seni (SBK) > Kajang],1,1+ transfer,RM 5.10,59 min
Taman Paramount,Taman Bahagia,Taman Paramount → Taman Bahagia,1.2,3.0,KJL[Taman Paramount > Taman Bahagia],0,Direct journey,RM 1.20,3 min
Taman Paramount,Kelana Jaya,Taman Paramount → Kelana Jaya,1.4,5.0,KJL[Taman Paramount > Kelana Jaya],0,Direct journey,RM 1.40,5 min
Taman Paramount,Lembah Subang,Taman Paramount → Lembah Subang,1.8,8.0,KJL[Taman Paramount > Lembah Subang],0,Direct journey,RM 1.80,8 min
Taman Paramount,Ara Damansara,Taman Paramount → Ara Damansara,1.9,10.0,KJL[Taman Paramount > Ara Damansara],0,Direct journey,RM 1.90,10 min
Taman Paramount,Glenmarie,Taman Paramount → Glenmarie,2.2,13.0,KJL[Taman Paramount > Glenmarie],0,Direct journey,RM 2.20,13 min
Taman Paramount,Subang Jaya,Taman Paramount → Subang Jaya,2.6,14.0,KJL[Taman Paramount > Subang Jaya],0,Direct journey,RM 2.60,14 min
Taman Paramount,SS 15,Taman Paramount → SS 15,2.6,18.0,KJL[Taman Paramount > SS 15],0,Direct journey,RM 2.60,18 min
Taman Paramount,SS 18,Taman Paramount → SS 18,2.8,20.0,KJL[Taman Paramount > SS 18],0,Direct journey,RM 2.80,20 min
Taman Paramount,USJ 7 (KJL),Taman Paramount → USJ 7 (KJL),3.2,23.0,KJL[Taman Paramount > USJ 7 (KJL)],0,Direct journey,RM 3.20,23 min
Taman Paramount,Taipan,Taman Paramount → Taipan,3.3,24.0,KJL[Taman Paramount > Taipan],0,Direct journey,RM 3.30,24 min
Taman Paramount,Wawasan,Taman Paramount → Wawasan,3.1,27.0,KJL[Taman Paramount > Wawasan],0,Direct journey,RM 3.10,27 min
Taman Paramount,USJ 21,Taman Paramount → USJ 21,3.3,29.0,KJL[Taman Paramount > USJ 21],0,Direct journey,RM 3.30,29 min
Taman Paramount,Alam Megah,Taman Paramount → Alam Megah,3.6,32.0,KJL[Taman Paramount > Alam Megah],0,Direct journey,RM 3.60,32 min
Taman Paramount,Subang Alam,Taman Paramount → Subang Alam,3.2,35.0,KJL[Taman Paramount > Subang Alam],0,Direct journey,RM 3.20,35 min
Taman Paramount,Putra Heights (KJL),Taman Paramount → Putra Heights (KJL),3.4,39.0,KJL[Taman Paramount > Putra Heights (KJL)],0,Direct journey,RM 3.40,39 min
Taman Paramount,Sungai Buloh,Taman Paramount → Sungai Buloh,5.1,57.0,KJL[Taman Paramount > Pasar Seni (KJL)] >> SBK[Pasar Seni (SBK) > Sungai Buloh],1,1+ transfer,RM 5.10,57 min
Taman Paramount,Kampung Selamat,Taman Paramount → Kampung Selamat,5.7,55.0,KJL[Taman Paramount > Pasar Seni (KJL)] >> SBK[Pasar Seni (SBK) > Kampung Selamat],1,1+ transfer,RM 5.70,55 min
Taman Paramount,Kwasa Damansara,Taman Paramount → Kwasa Damansara,5.4,53.0,KJL[Taman Paramount > Pasar Seni (KJL)] >> SBK[Pasar Seni (SBK) > Kwasa Damansara],1,1+ transfer,RM 5.40,53 min
Taman Paramount,Kwasa Sentral,Taman Paramount → Kwasa Sentral,5.2,50.0,KJL[Taman Paramount > Pasar Seni (KJL)] >> SBK[Pasar Seni (SBK) > Kwasa Sentral],1,1+ transfer,RM 5.20,50 min
Taman Paramount,Kota Damansara,Taman Paramount → Kota Damansara,5.4,47.0,KJL[Taman Paramount > Pasar Seni (KJL)] >> SBK[Pasar Seni (SBK) > Kota Damansara],1,1+ transfer,RM 5.40,47 min
Taman Paramount,Surian,Taman Paramount → Surian,5.1,44.0,KJL[Taman Paramount > Pasar Seni (KJL)] >> SBK[Pasar Seni (SBK) > Surian],1,1+ transfer,RM 5.10,44 min
Taman Paramount,Mutiara Damansara,Taman Paramount → Mutiara Damansara,5.3,41.0,KJL[Taman Paramount > Pasar Seni (KJL)] >> SBK[Pasar Seni (SBK) > Mutiara Damansara],1,1+ transfer,RM 5.30,41 min
Taman Paramount,Bandar Utama,Taman Paramount → Bandar Utama,5.0,39.0,KJL[Taman Paramount > Pasar Seni (KJL)] >> SBK[Pasar Seni (SBK) > Bandar Utama],1,1+ transfer,RM 5.00,39 min
Taman Paramount,TTDI,Taman Paramount → TTDI,4.6,36.0,KJL[Taman Paramount > Pasar Seni (KJL)] >> SBK[Pasar Seni (SBK) > TTDI],1,1+ transfer,RM 4.60,36 min
Taman Paramount,Phileo Damansara,Taman Paramount → Phileo Damansara,4.7,33.0,KJL[Taman Paramount > Pasar Seni (KJL)] >> SBK[Pasar Seni (SBK) > Phileo Damansara],1,1+ transfer,RM 4.70,33 min
Taman Paramount,Pusat Bandar Damansara,Taman Paramount → Pusat Bandar Damansara,4.1,29.0,KJL[Taman Paramount > Pasar Seni (KJL)] >> SBK[Pasar Seni (SBK) > Pusat Bandar Damansara],1,1+ transfer,RM 4.10,29 min
Taman Paramount,Semantan,Taman Paramount → Semantan,3.8,27.0,KJL[Taman Paramount > Pasar Seni (KJL)] >> SBK[Pasar Seni (SBK) > Semantan],1,1+ transfer,RM 3.80,27 min
Taman Paramount,Muzium Negara,Taman Paramount → Muzium Negara,3.1,23.0,KJL[Taman Paramount > Pasar Seni (KJL)] >> SBK[Pasar Seni (SBK) > Muzium Negara],1,1+ transfer,RM 3.10,23 min
Taman Paramount,Pasar Seni (SBK),Taman Paramount → Pasar Seni (SBK),2.8,21.0,KJL[Taman Paramount > Pasar Seni (KJL)] >> SBK[Pasar Seni (SBK) > Pasar Seni (SBK)],1,1+ transfer,RM 2.80,21 min
Taman Paramount,Merdeka,Taman Paramount → Merdeka,3.0,22.0,KJL[Taman Paramount > Pasar Seni (KJL)] >> SBK[Pasar Seni (SBK) > Merdeka],1,1+ transfer,RM 3.00,22 min
Taman Paramount,Bukit Bintang,Taman Paramount → Bukit Bintang,3.3,25.0,KJL[Taman Paramount > Pasar Seni (KJL)] >> SBK[Pasar Seni (SBK) > Bukit Bintang],1,1+ transfer,RM 3.30,25 min
Taman Paramount,Tun Razak Exchange (TRX),Taman Paramount → Tun Razak Exchange (TRX),3.7,27.0,KJL[Taman Paramount > Pasar Seni (KJL)] >> SBK[Pasar Seni (SBK) > Tun Razak Exchange (TRX)],1,1+ transfer,RM 3.70,27 min
Taman Paramount,Cochrane,Taman Paramount → Cochrane,3.8,30.0,KJL[Taman Paramount > Pasar Seni (KJL)] >> SBK[Pasar Seni (SBK) > Cochrane],1,1+ transfer,RM 3.80,30 min
Taman Paramount,Maluri (SBK),Taman Paramount → Maluri (SBK),4.0,31.0,KJL[Taman Paramount > Pasar Seni (KJL)] >> SBK[Pasar Seni (SBK) > Maluri (SBK)],1,1+ transfer,RM 4.00,31 min
Taman Paramount,Taman Pertama,Taman Paramount → Taman Pertama,4.4,35.0,KJL[Taman Paramount > Pasar Seni (KJL)] >> SBK[Pasar Seni (SBK) > Taman Pertama],1,1+ transfer,RM 4.40,35 min
Taman Paramount,Taman Midah,Taman Paramount → Taman Midah,4.6,37.0,KJL[Taman Paramount > Pasar Seni (KJL)] >> SBK[Pasar Seni (SBK) > Taman Midah],1,1+ transfer,RM 4.60,37 min
Taman Paramount,Taman Mutiara,Taman Paramount → Taman Mutiara,4.6,39.0,KJL[Taman Paramount > Pasar Seni (KJL)] >> SBK[Pasar Seni (SBK) > Taman Mutiara],1,1+ transfer,RM 4.60,39 min
Taman Paramount,Taman Connaught,Taman Paramount → Taman Connaught,4.9,42.0,KJL[Taman Paramount > Pasar Seni (KJL)] >> SBK[Pasar Seni (SBK) > Taman Connaught],1,1+ transfer,RM 4.90,42 min
Taman Paramount,Taman Suntex,Taman Paramount → Taman Suntex,5.3,44.0,KJL[Taman Paramount > Pasar Seni (KJL)] >> SBK[Pasar Seni (SBK) > Taman Suntex],1,1+ transfer,RM 5.30,44 min
Taman Paramount,Sri Raya,Taman Paramount → Sri Raya,5.1,47.0,KJL[Taman Paramount > Pasar Seni (KJL)] >> SBK[Pasar Seni (SBK) > Sri Raya],1,1+ transfer,RM 5.10,47 min
Taman Paramount,Bandar Tun Hussein Onn,Taman Paramount → Bandar Tun Hussein Onn,5.4,49.0,KJL[Taman Paramount > Pasar Seni (KJL)] >> SBK[Pasar Seni (SBK) > Bandar Tun Hussein Onn],1,1+ transfer,RM 5.40,49 min
Taman Paramount,Batu 11 Cheras,Taman Paramount → Batu 11 Cheras,5.5,51.0,KJL[Taman Paramount > Pasar Seni (KJL)] >> SBK[Pasar Seni (SBK) > Batu 11 Cheras],1,1+ transfer,RM 5.50,51 min
Taman Paramount,Bukit Dukung,Taman Paramount → Bukit Dukung,5.2,54.0,KJL[Taman Paramount > Pasar Seni (KJL)] >> SBK[Pasar Seni (SBK) > Bukit Dukung],1,1+ transfer,RM 5.20,54 min
Taman Paramount,Sungai Jernih,Taman Paramount → Sungai Jernih,5.6,58.0,KJL[Taman Paramount > Pasar Seni (KJL)] >> SBK[Pasar Seni (SBK) > Sungai Jernih],1,1+ transfer,RM 5.60,58 min
Taman Paramount,Stadium Kajang,Taman Paramount → Stadium Kajang,5.7,59.0,KJL[Taman Paramount > Pasar Seni (KJL)] >> SBK[Pasar Seni (SBK) > Stadium Kajang],1,1+ transfer,RM 5.70,59 min
Taman Paramount,Kajang,Taman Paramount → Kajang,5.1,62.0,KJL[Taman Paramount > Pasar Seni (KJL)] >> SBK[Pasar Seni (SBK) > Kajang],1,1+ transfer,RM 5.10,62 min
Taman Bahagia,Kelana Jaya,Taman Bahagia → Kelana Jaya,1.1,2.0,KJL[Taman Bahagia > Kelana Jaya],0,Direct journey,RM 1.10,2 min
Taman Bahagia,Lembah Subang,Taman Bahagia → Lembah Subang,1.5,5.0,KJL[Taman Bahagia > Lembah Subang],0,Direct journey,RM 1.50,5 min
Taman Bahagia,Ara Damansara,Taman Bahagia → Ara Damansara,1.7,7.0,KJL[Taman Bahagia > Ara Damansara],0,Direct journey,RM 1.70,7 min
Taman Bahagia,Glenmarie,Taman Bahagia → Glenmarie,1.9,10.0,KJL[Taman Bahagia > Glenmarie],0,Direct journey,RM 1.90,10 min
Taman Bahagia,Subang Jaya,Taman Bahagia → Subang Jaya,2.3,11.0,KJL[Taman Bahagia > Subang Jaya],0,Direct journey,RM 2.30,11 min
Taman Bahagia,SS 15,Taman Bahagia → SS 15,2.6,15.0,KJL[Taman Bahagia > SS 15],0,Direct journey,RM 2.60,15 min
Taman Bahagia,SS 18,Taman Bahagia → SS 18,2.8,17.0,KJL[Taman Bahagia > SS 18],0,Direct journey,RM 2.80,17 min
Taman Bahagia,USJ 7 (KJL),Taman Bahagia → USJ 7 (KJL),2.9,20.0,KJL[Taman Bahagia > USJ 7 (KJL)],0,Direct journey,RM 2.90,20 min
Taman Bahagia,Taipan,Taman Bahagia → Taipan,3.1,21.0,KJL[Taman Bahagia > Taipan],0,Direct journey,RM 3.10,21 min
Taman Bahagia,Wawasan,Taman Bahagia → Wawasan,3.3,24.0,KJL[Taman Bahagia > Wawasan],0,Direct journey,RM 3.30,24 min
Taman Bahagia,USJ 21,Taman Bahagia → USJ 21,3.1,26.0,KJL[Taman Bahagia > USJ 21],0,Direct journey,RM 3.10,26 min
Taman Bahagia,Alam Megah,Taman Bahagia → Alam Megah,3.4,29.0,KJL[Taman Bahagia > Alam Megah],0,Direct journey,RM 3.40,29 min
Taman Bahagia,Subang Alam,Taman Bahagia → Subang Alam,3.6,32.0,KJL[Taman Bahagia > Subang Alam],0,Direct journey,RM 3.60,32 min
Taman Bahagia,Putra Heights (KJL),Taman Bahagia → Putra Heights (KJL),3.3,36.0,KJL[Taman Bahagia > Putra Heights (KJL)],0,Direct journey,RM 3.30,36 min
Taman Bahagia,Sungai Buloh,Taman Bahagia → Sungai Buloh,5.3,60.0,KJL[Taman Bahagia > Pasar Seni (KJL)] >> SBK[Pasar Seni (SBK) > Sungai Buloh],1,1+ transfer,RM 5.30,60 min
Taman Bahagia,Kampung Selamat,Taman Bahagia → Kampung Selamat,5.9,58.0,KJL[Taman Bahagia > Pasar Seni (KJL)] >> SBK[Pasar Seni (SBK) > Kampung Selamat],1,1+ transfer,RM 5.90,58 min
Taman Bahagia,Kwasa Damansara,Taman Bahagia → Kwasa Damansara,5.6,56.0,KJL[Taman Bahagia > Pasar Seni (KJL)] >> SBK[Pasar Seni (SBK) > Kwasa Damansara],1,1+ transfer,RM 5.60,56 min
Taman Bahagia,Kwasa Sentral,Taman Bahagia → Kwasa Sentral,5.5,53.0,KJL[Taman Bahagia > Pasar Seni (KJL)] >> SBK[Pasar Seni (SBK) > Kwasa Sentral],1,1+ transfer,RM 5.50,53 min
Taman Bahagia,Kota Damansara,Taman Bahagia → Kota Damansara,5.6,50.0,KJL[Taman Bahagia > Pasar Seni (KJL)] >> SBK[Pasar Seni (SBK) > Kota Damansara],1,1+ transfer,RM 5.60,50 min
Taman Bahagia,Surian,Taman Bahagia → Surian,5.4,47.0,KJL[Taman Bahagia > Pasar Seni (KJL)] >> SBK[Pasar Seni (SBK) > Surian],1,1+ transfer,RM 5.40,47 min
Taman Bahagia,Mutiara Damansara,Taman Bahagia → Mutiara Damansara,5.5,44.0,KJL[Taman Bahagia > Pasar Seni (KJL)] >> SBK[Pasar Seni (SBK) > Mutiara Damansara],1,1+ transfer,RM 5.50,44 min
Taman Bahagia,Bandar Utama,Taman Bahagia → Bandar Utama,5.2,42.0,KJL[Taman Bahagia > Pasar Seni (KJL)] >> SBK[Pasar Seni (SBK) > Bandar Utama],1,1+ transfer,RM 5.20,42 min
Taman Bahagia,TTDI,Taman Bahagia → TTDI,4.9,39.0,KJL[Taman Bahagia > Pasar Seni (KJL)] >> SBK[Pasar Seni (SBK) > TTDI],1,1+ transfer,RM 4.90,39 min
Taman Bahagia,Phileo Damansara,Taman Bahagia → Phileo Damansara,4.9,36.0,KJL[Taman Bahagia > Pasar Seni (KJL)] >> SBK[Pasar Seni (SBK) > Phileo Damansara],1,1+ transfer,RM 4.90,36 min
Taman Bahagia,Pusat Bandar Damansara,Taman Bahagia → Pusat Bandar Damansara,4.3,32.0,KJL[Taman Bahagia > Pasar Seni (KJL)] >> SBK[Pasar Seni (SBK) > Pusat Bandar Damansara],1,1+ transfer,RM 4.30,32 min
Taman Bahagia,Semantan,Taman Bahagia → Semantan,4.1,30.0,KJL[Taman Bahagia > Pasar Seni (KJL)] >> SBK[Pasar Seni (SBK) > Semantan],1,1+ transfer,RM 4.10,30 min
Taman Bahagia,Muzium Negara,Taman Bahagia → Muzium Negara,3.4,26.0,KJL[Taman Bahagia > Pasar Seni (KJL)] >> SBK[Pasar Seni (SBK) > Muzium Negara],1,1+ transfer,RM 3.40,26 min
Taman Bahagia,Pasar Seni (SBK),Taman Bahagia → Pasar Seni (SBK),3.1,24.0,KJL[Taman Bahagia > Pasar Seni (KJL)] >> SBK[Pasar Seni (SBK) > Pasar Seni (SBK)],1,1+ transfer,RM 3.10,24 min
Taman Bahagia,Merdeka,Taman Bahagia → Merdeka,3.7,25.0,KJL[Taman Bahagia > Pasar Seni (KJL)] >> SBK[Pasar Seni (SBK) > Merdeka],1,1+ transfer,RM 3.70,25 min
Taman Bahagia,Bukit Bintang,Taman Bahagia → Bukit Bintang,3.5,28.0,KJL[Taman Bahagia > Pasar Seni (KJL)] >> SBK[Pasar Seni (SBK) > Bukit Bintang],1,1+ transfer,RM 3.50,28 min
Taman Bahagia,Tun Razak Exchange (TRX),Taman Bahagia → Tun Razak Exchange (TRX),3.9,30.0,KJL[Taman Bahagia > Pasar Seni (KJL)] >> SBK[Pasar Seni (SBK) > Tun Razak Exchange (TRX)],1,1+ transfer,RM 3.90,30 min
Taman Bahagia,Cochrane,Taman Bahagia → Cochrane,4.1,33.0,KJL[Taman Bahagia > Pasar Seni (KJL)] >> SBK[Pasar Seni (SBK) > Cochrane],1,1+ transfer,RM 4.10,33 min
Taman Bahagia,Maluri (SBK),Taman Bahagia → Maluri (SBK),4.3,34.0,KJL[Taman Bahagia > Pasar Seni (KJL)] >> SBK[Pasar Seni (SBK) > Maluri (SBK)],1,1+ transfer,RM 4.30,34 min
Taman Bahagia,Taman Pertama,Taman Bahagia → Taman Pertama,4.7,38.0,KJL[Taman Bahagia > Pasar Seni (KJL)] >> SBK[Pasar Seni (SBK) > Taman Pertama],1,1+ transfer,RM 4.70,38 min
Taman Bahagia,Taman Midah,Taman Bahagia → Taman Midah,4.9,40.0,KJL[Taman Bahagia > Pasar Seni (KJL)] >> SBK[Pasar Seni (SBK) > Taman Midah],1,1+ transfer,RM 4.90,40 min
Taman Bahagia,Taman Mutiara,Taman Bahagia → Taman Mutiara,4.9,42.0,KJL[Taman Bahagia > Pasar Seni (KJL)] >> SBK[Pasar Seni (SBK) > Taman Mutiara],1,1+ transfer,RM 4.90,42 min
Taman Bahagia,Taman Connaught,Taman Bahagia → Taman Connaught,5.1,45.0,KJL[Taman Bahagia > Pasar Seni (KJL)] >> SBK[Pasar Seni (SBK) > Taman Connaught],1,1+ transfer,RM 5.10,45 min
Taman Bahagia,Taman Suntex,Taman Bahagia → Taman Suntex,5.6,47.0,KJL[Taman Bahagia > Pasar Seni (KJL)] >> SBK[Pasar Seni (SBK) > Taman Suntex],1,1+ transfer,RM 5.60,47 min
Taman Bahagia,Sri Raya,Taman Bahagia → Sri Raya,5.4,50.0,KJL[Taman Bahagia > Pasar Seni (KJL)] >> SBK[Pasar Seni (SBK) > Sri Raya],1,1+ transfer,RM 5.40,50 min
Taman Bahagia,Bandar Tun Hussein Onn,Taman Bahagia → Bandar Tun Hussein Onn,5.6,52.0,KJL[Taman Bahagia > Pasar Seni (KJL)] >> SBK[Pasar Seni (SBK) > Bandar Tun Hussein Onn],1,1+ transfer,RM 5.60,52 min
Taman Bahagia,Batu 11 Cheras,Taman Bahagia → Batu 11 Cheras,5.7,54.0,KJL[Taman Bahagia > Pasar Seni (KJL)] >> SBK[Pasar Seni (SBK) > Batu 11 Cheras],1,1+ transfer,RM 5.70,54 min
Taman Bahagia,Bukit Dukung,Taman Bahagia → Bukit Dukung,5.4,57.0,KJL[Taman Bahagia > Pasar Seni (KJL)] >> SBK[Pasar Seni (SBK) > Bukit Dukung],1,1+ transfer,RM 5.40,57 min
Taman Bahagia,Sungai Jernih,Taman Bahagia → Sungai Jernih,5.8,61.0,KJL[Taman Bahagia > Pasar Seni (KJL)] >> SBK[Pasar Seni (SBK) > Sungai Jernih],1,1+ transfer,RM 5.80,61 min
Taman Bahagia,Stadium Kajang,Taman Bahagia → Stadium Kajang,5.9,62.0,KJL[Taman Bahagia > Pasar Seni (KJL)] >> SBK[Pasar Seni (SBK) > Stadium Kajang],1,1+ transfer,RM 5.90,62 min
Taman Bahagia,Kajang,Taman Bahagia → Kajang,5.3,65.0,KJL[Taman Bahagia > Pasar Seni (KJL)] >> SBK[Pasar Seni (SBK) > Kajang],1,1+ transfer,RM 5.30,65 min
Kelana Jaya,Lembah Subang,Kelana Jaya → Lembah Subang,1.2,3.0,KJL[Kelana Jaya > Lembah Subang],0,Direct journey,RM 1.20,3 min
Kelana Jaya,Ara Damansara,Kelana Jaya → Ara Damansara,1.4,5.0,KJL[Kelana Jaya > Ara Damansara],0,Direct journey,RM 1.40,5 min
Kelana Jaya,Glenmarie,Kelana Jaya → Glenmarie,1.8,8.0,KJL[Kelana Jaya > Glenmarie],0,Direct journey,RM 1.80,8 min
Kelana Jaya,Subang Jaya,Kelana Jaya → Subang Jaya,2.1,9.0,KJL[Kelana Jaya > Subang Jaya],0,Direct journey,RM 2.10,9 min
Kelana Jaya,SS 15,Kelana Jaya → SS 15,2.4,13.0,KJL[Kelana Jaya > SS 15],0,Direct journey,RM 2.40,13 min
Kelana Jaya,SS 18,Kelana Jaya → SS 18,2.6,15.0,KJL[Kelana Jaya > SS 18],0,Direct journey,RM 2.60,15 min
Kelana Jaya,USJ 7 (KJL),Kelana Jaya → USJ 7 (KJL),2.7,18.0,KJL[Kelana Jaya > USJ 7 (KJL)],0,Direct journey,RM 2.70,18 min
Kelana Jaya,Taipan,Kelana Jaya → Taipan,2.9,19.0,KJL[Kelana Jaya > Taipan],0,Direct journey,RM 2.90,19 min
Kelana Jaya,Wawasan,Kelana Jaya → Wawasan,3.2,22.0,KJL[Kelana Jaya > Wawasan],0,Direct journey,RM 3.20,22 min
Kelana Jaya,USJ 21,Kelana Jaya → USJ 21,3.3,24.0,KJL[Kelana Jaya > USJ 21],0,Direct journey,RM 3.30,24 min
Kelana Jaya,Alam Megah,Kelana Jaya → Alam Megah,3.2,27.0,KJL[Kelana Jaya > Alam Megah],0,Direct journey,RM 3.20,27 min
Kelana Jaya,Subang Alam,Kelana Jaya → Subang Alam,3.5,30.0,KJL[Kelana Jaya > Subang Alam],0,Direct journey,RM 3.50,30 min
Kelana Jaya,Putra Heights (KJL),Kelana Jaya → Putra Heights (KJL),3.7,34.0,KJL[Kelana Jaya > Putra Heights (KJL)],0,Direct journey,RM 3.70,34 min
Kelana Jaya,Sungai Buloh,Kelana Jaya → Sungai Buloh,5.5,62.0,KJL[Kelana Jaya > Pasar Seni (KJL)] >> SBK[Pasar Seni (SBK) > Sungai Buloh],1,1+ transfer,RM 5.50,62 min
Kelana Jaya,Kampung Selamat,Kelana Jaya → Kampung Selamat,6.1,60.0,KJL[Kelana Jaya > Pasar Seni (KJL)] >> SBK[Pasar Seni (SBK) > Kampung Selamat],1,1+ transfer,RM 6.10,60 min
Kelana Jaya,Kwasa Damansara,Kelana Jaya → Kwasa Damansara,5.8,58.0,KJL[Kelana Jaya > Pasar Seni (KJL)] >> SBK[Pasar Seni (SBK) > Kwasa Damansara],1,1+ transfer,RM 5.80,58 min
Kelana Jaya,Kwasa Sentral,Kelana Jaya → Kwasa Sentral,5.7,55.0,KJL[Kelana Jaya > Pasar Seni (KJL)] >> SBK[Pasar Seni (SBK) > Kwasa Sentral],1,1+ transfer,RM 5.70,55 min
Kelana Jaya,Kota Damansara,Kelana Jaya → Kota Damansara,5.8,52.0,KJL[Kelana Jaya > Pasar Seni (KJL)] >> SBK[Pasar Seni (SBK) > Kota Damansara],1,1+ transfer,RM 5.80,52 min
Kelana Jaya,Surian,Kelana Jaya → Surian,5.6,49.0,KJL[Kelana Jaya > Pasar Seni (KJL)] >> SBK[Pasar Seni (SBK) > Surian],1,1+ transfer,RM 5.60,49 min
Kelana Jaya,Mutiara Damansara,Kelana Jaya → Mutiara Damansara,5.7,46.0,KJL[Kelana Jaya > Pasar Seni (KJL)] >> SBK[Pasar Seni (SBK) > Mutiara Damansara],1,1+ transfer,RM 5.70,46 min
Kelana Jaya,Bandar Utama,Kelana Jaya → Bandar Utama,5.4,44.0,KJL[Kelana Jaya > Pasar Seni (KJL)] >> SBK[Pasar Seni (SBK) > Bandar Utama],1,1+ transfer,RM 5.40,44 min
Kelana Jaya,TTDI,Kelana Jaya → TTDI,5.1,41.0,KJL[Kelana Jaya > Pasar Seni (KJL)] >> SBK[Pasar Seni (SBK) > TTDI],1,1+ transfer,RM 5.10,41 min
Kelana Jaya,Phileo Damansara,Kelana Jaya → Phileo Damansara,5.1,38.0,KJL[Kelana Jaya > Pasar Seni (KJL)] >> SBK[Pasar Seni (SBK) > Phileo Damansara],1,1+ transfer,RM 5.10,38 min
Kelana Jaya,Pusat Bandar Damansara,Kelana Jaya → Pusat Bandar Damansara,4.5,34.0,KJL[Kelana Jaya > Pasar Seni (KJL)] >> SBK[Pasar Seni (SBK) > Pusat Bandar Damansara],1,1+ transfer,RM 4.50,34 min
Kelana Jaya,Semantan,Kelana Jaya → Semantan,4.2,32.0,KJL[Kelana Jaya > Pasar Seni (KJL)] >> SBK[Pasar Seni (SBK) > Semantan],1,1+ transfer,RM 4.20,32 min
Kelana Jaya,Muzium Negara,Kelana Jaya → Muzium Negara,3.6,28.0,KJL[Kelana Jaya > Pasar Seni (KJL)] >> SBK[Pasar Seni (SBK) > Muzium Negara],1,1+ transfer,RM 3.60,28 min
Kelana Jaya,Pasar Seni (SBK),Kelana Jaya → Pasar Seni (SBK),3.2,26.0,KJL[Kelana Jaya > Pasar Seni (KJL)] >> SBK[Pasar Seni (SBK) > Pasar Seni (SBK)],1,1+ transfer,RM 3.20,26 min
Kelana Jaya,Merdeka,Kelana Jaya → Merdeka,3.4,27.0,KJL[Kelana Jaya > Pasar Seni (KJL)] >> SBK[Pasar Seni (SBK) > Merdeka],1,1+ transfer,RM 3.40,27 min
Kelana Jaya,Bukit Bintang,Kelana Jaya → Bukit Bintang,3.7,30.0,KJL[Kelana Jaya > Pasar Seni (KJL)] >> SBK[Pasar Seni (SBK) > Bukit Bintang],1,1+ transfer,RM 3.70,30 min
Kelana Jaya,Tun Razak Exchange (TRX),Kelana Jaya → Tun Razak Exchange (TRX),4.1,32.0,KJL[Kelana Jaya > Pasar Seni (KJL)] >> SBK[Pasar Seni (SBK) > Tun Razak Exchange (TRX)],1,1+ transfer,RM 4.10,32 min
Kelana Jaya,Cochrane,Kelana Jaya → Cochrane,4.2,35.0,KJL[Kelana Jaya > Pasar Seni (KJL)] >> SBK[Pasar Seni (SBK) > Cochrane],1,1+ transfer,RM 4.20,35 min
Kelana Jaya,Maluri (SBK),Kelana Jaya → Maluri (SBK),4.5,36.0,KJL[Kelana Jaya > Pasar Seni (KJL)] >> SBK[Pasar Seni (SBK) > Maluri (SBK)],1,1+ transfer,RM 4.50,36 min
Kelana Jaya,Taman Pertama,Kelana Jaya → Taman Pertama,4.9,40.0,KJL[Kelana Jaya > Pasar Seni (KJL)] >> SBK[Pasar Seni (SBK) > Taman Pertama],1,1+ transfer,RM 4.90,40 min
Kelana Jaya,Taman Midah,Kelana Jaya → Taman Midah,5.1,42.0,KJL[Kelana Jaya > Pasar Seni (KJL)] >> SBK[Pasar Seni (SBK) > Taman Midah],1,1+ transfer,RM 5.10,42 min
Kelana Jaya,Taman Mutiara,Kelana Jaya → Taman Mutiara,5.0,44.0,KJL[Kelana Jaya > Pasar Seni (KJL)] >> SBK[Pasar Seni (SBK) > Taman Mutiara],1,1+ transfer,RM 5.00,44 min
Kelana Jaya,Taman Connaught,Kelana Jaya → Taman Connaught,5.3,47.0,KJL[Kelana Jaya > Pasar Seni (KJL)] >> SBK[Pasar Seni (SBK) > Taman Connaught],1,1+ transfer,RM 5.30,47 min
Kelana Jaya,Taman Suntex,Kelana Jaya → Taman Suntex,5.7,49.0,KJL[Kelana Jaya > Pasar Seni (KJL)] >> SBK[Pasar Seni (SBK) > Taman Suntex],1,1+ transfer,RM 5.70,49 min
Kelana Jaya,Sri Raya,Kelana Jaya → Sri Raya,5.5,52.0,KJL[Kelana Jaya > Pasar Seni (KJL)] >> SBK[Pasar Seni (SBK) > Sri Raya],1,1+ transfer,RM 5.50,52 min
Kelana Jaya,Bandar Tun Hussein Onn,Kelana Jaya → Bandar Tun Hussein Onn,5.8,54.0,KJL[Kelana Jaya > Pasar Seni (KJL)] >> SBK[Pasar Seni (SBK) > Bandar Tun Hussein Onn],1,1+ transfer,RM 5.80,54 min
Kelana Jaya,Batu 11 Cheras,Kelana Jaya → Batu 11 Cheras,5.9,56.0,KJL[Kelana Jaya > Pasar Seni (KJL)] >> SBK[Pasar Seni (SBK) > Batu 11 Cheras],1,1+ transfer,RM 5.90,56 min
Kelana Jaya,Bukit Dukung,Kelana Jaya → Bukit Dukung,5.6,59.0,KJL[Kelana Jaya > Pasar Seni (KJL)] >> SBK[Pasar Seni (SBK) > Bukit Dukung],1,1+ transfer,RM 5.60,59 min
Kelana Jaya,Sungai Jernih,Kelana Jaya → Sungai Jernih,6.0,63.0,KJL[Kelana Jaya > Pasar Seni (KJL)] >> SBK[Pasar Seni (SBK) > Sungai Jernih],1,1+ transfer,RM 6.00,63 min
Kelana Jaya,Stadium Kajang,Kelana Jaya → Stadium Kajang,6.1,64.0,KJL[Kelana Jaya > Pasar Seni (KJL)] >> SBK[Pasar Seni (SBK) > Stadium Kajang],1,1+ transfer,RM 6.10,64 min
Kelana Jaya,Kajang,Kelana Jaya → Kajang,5.5,67.0,KJL[Kelana Jaya > Pasar Seni (KJL)] >> SBK[Pasar Seni (SBK) > Kajang],1,1+ transfer,RM 5.50,67 min
Lembah Subang,Ara Damansara,Lembah Subang → Ara Damansara,1.1,2.0,KJL[Lembah Subang > Ara Damansara],0,Direct journey,RM 1.10,2 min
Lembah Subang,Glenmarie,Lembah Subang → Glenmarie,1.4,5.0,KJL[Lembah Subang > Glenmarie],0,Direct journey,RM 1.40,5 min
Lembah Subang,Subang Jaya,Lembah Subang → Subang Jaya,1.8,6.0,KJL[Lembah Subang > Subang Jaya],0,Direct journey,RM 1.80,6 min
Lembah Subang,SS 15,Lembah Subang → SS 15,2.0,10.0,KJL[Lembah Subang > SS 15],0,Direct journey,RM 2.00,10 min
Lembah Subang,SS 18,Lembah Subang → SS 18,2.1,12.0,KJL[Lembah Subang > SS 18],0,Direct journey,RM 2.10,12 min
Lembah Subang,USJ 7 (KJL),Lembah Subang → USJ 7 (KJL),2.7,15.0,KJL[Lembah Subang > USJ 7 (KJL)],0,Direct journey,RM 2.70,15 min
Lembah Subang,Taipan,Lembah Subang → Taipan,2.6,16.0,KJL[Lembah Subang > Taipan],0,Direct journey,RM 2.60,16 min
Lembah Subang,Wawasan,Lembah Subang → Wawasan,2.9,19.0,KJL[Lembah Subang > Wawasan],0,Direct journey,RM 2.90,19 min
Lembah Subang,USJ 21,Lembah Subang → USJ 21,3.1,21.0,KJL[Lembah Subang > USJ 21],0,Direct journey,RM 3.10,21 min
Lembah Subang,Alam Megah,Lembah Subang → Alam Megah,3.4,24.0,KJL[Lembah Subang > Alam Megah],0,Direct journey,RM 3.40,24 min
Lembah Subang,Subang Alam,Lembah Subang → Subang Alam,3.2,27.0,KJL[Lembah Subang > Subang Alam],0,Direct journey,RM 3.20,27 min
Lembah Subang,Putra Heights (KJL),Lembah Subang → Putra Heights (KJL),3.5,31.0,KJL[Lembah Subang > Putra Heights (KJL)],0,Direct journey,RM 3.50,31 min
Lembah Subang,Sungai Buloh,Lembah Subang → Sungai Buloh,5.4,65.0,KJL[Lembah Subang > Pasar Seni (KJL)] >> SBK[Pasar Seni (SBK) > Sungai Buloh],1,1+ transfer,RM 5.40,65 min
Lembah Subang,Kampung Selamat,Lembah Subang → Kampung Selamat,6.0,63.0,KJL[Lembah Subang > Pasar Seni (KJL)] >> SBK[Pasar Seni (SBK) > Kampung Selamat],1,1+ transfer,RM 6.00,63 min
Lembah Subang,Kwasa Damansara,Lembah Subang → Kwasa Damansara,5.6,61.0,KJL[Lembah Subang > Pasar Seni (KJL)] >> SBK[Pasar Seni (SBK) > Kwasa Damansara],1,1+ transfer,RM 5.60,61 min
Lembah Subang,Kwasa Sentral,Lembah Subang → Kwasa Sentral,5.5,58.0,KJL[Lembah Subang > Pasar Seni (KJL)] >> SBK[Pasar Seni (SBK) > Kwasa Sentral],1,1+ transfer,RM 5.50,58 min
Lembah Subang,Kota Damansara,Lembah Subang → Kota Damansara,5.7,55.0,KJL[Lembah Subang > Pasar Seni (KJL)] >> SBK[Pasar Seni (SBK) > Kota Damansara],1,1+ transfer,RM 5.70,55 min
Lembah Subang,Surian,Lembah Subang → Surian,5.4,52.0,KJL[Lembah Subang > Pasar Seni (KJL)] >> SBK[Pasar Seni (SBK) > Surian],1,1+ transfer,RM 5.40,52 min
Lembah Subang,Mutiara Damansara,Lembah Subang → Mutiara Damansara,5.5,49.0,KJL[Lembah Subang > Pasar Seni (KJL)] >> SBK[Pasar Seni (SBK) > Mutiara Damansara],1,1+ transfer,RM 5.50,49 min
Lembah Subang,Bandar Utama,Lembah Subang → Bandar Utama,5.2,47.0,KJL[Lembah Subang > Pasar Seni (KJL)] >> SBK[Pasar Seni (SBK) > Bandar Utama],1,1+ transfer,RM 5.20,47 min
Lembah Subang,TTDI,Lembah Subang → TTDI,4.9,44.0,KJL[Lembah Subang > Pasar Seni (KJL)] >> SBK[Pasar Seni (SBK) > TTDI],1,1+ transfer,RM 4.90,44 min
Lembah Subang,Phileo Damansara,Lembah Subang → Phileo Damansara,5.0,41.0,KJL[Lembah Subang > Pasar Seni (KJL)] >> SBK[Pasar Seni (SBK) > Phileo Damansara],1,1+ transfer,RM 5.00,41 min
Lembah Subang,Pusat Bandar Damansara,Lembah Subang → Pusat Bandar Damansara,4.3,37.0,KJL[Lembah Subang > Pasar Seni (KJL)] >> SBK[Pasar Seni (SBK) > Pusat Bandar Damansara],1,1+ transfer,RM 4.30,37 min
Lembah Subang,Semantan,Lembah Subang → Semantan,4.1,35.0,KJL[Lembah Subang > Pasar Seni (KJL)] >> SBK[Pasar Seni (SBK) > Semantan],1,1+ transfer,RM 4.10,35 min
Lembah Subang,Muzium Negara,Lembah Subang → Muzium Negara,3.4,31.0,KJL[Lembah Subang > Pasar Seni (KJL)] >> SBK[Pasar Seni (SBK) > Muzium Negara],1,1+ transfer,RM 3.40,31 min
Lembah Subang,Pasar Seni (SBK),Lembah Subang → Pasar Seni (SBK),3.1,29.0,KJL[Lembah Subang > Pasar Seni (KJL)] >> SBK[Pasar Seni (SBK) > Pasar Seni (SBK)],1,1+ transfer,RM 3.10,29 min
Lembah Subang,Merdeka,Lembah Subang → Merdeka,3.3,30.0,KJL[Lembah Subang > Pasar Seni (KJL)] >> SBK[Pasar Seni (SBK) > Merdeka],1,1+ transfer,RM 3.30,30 min
Lembah Subang,Bukit Bintang,Lembah Subang → Bukit Bintang,3.5,33.0,KJL[Lembah Subang > Pasar Seni (KJL)] >> SBK[Pasar Seni (SBK) > Bukit Bintang],1,1+ transfer,RM 3.50,33 min
Lembah Subang,Tun Razak Exchange (TRX),Lembah Subang → Tun Razak Exchange (TRX),3.9,35.0,KJL[Lembah Subang > Pasar Seni (KJL)] >> SBK[Pasar Seni (SBK) > Tun Razak Exchange (TRX)],1,1+ transfer,RM 3.90,35 min
Lembah Subang,Cochrane,Lembah Subang → Cochrane,4.1,38.0,KJL[Lembah Subang > Pasar Seni (KJL)] >> SBK[Pasar Seni (SBK) > Cochrane],1,1+ transfer,RM 4.10,38 min
Lembah Subang,Maluri (SBK),Lembah Subang → Maluri (SBK),4.3,39.0,KJL[Lembah Subang > Pasar Seni (KJL)] >> SBK[Pasar Seni (SBK) > Maluri (SBK)],1,1+ transfer,RM 4.30,39 min
Lembah Subang,Taman Pertama,Lembah Subang → Taman Pertama,4.7,43.0,KJL[Lembah Subang > Pasar Seni (KJL)] >> SBK[Pasar Seni (SBK) > Taman Pertama],1,1+ transfer,RM 4.70,43 min
Lembah Subang,Taman Midah,Lembah Subang → Taman Midah,4.9,45.0,KJL[Lembah Subang > Pasar Seni (KJL)] >> SBK[Pasar Seni (SBK) > Taman Midah],1,1+ transfer,RM 4.90,45 min
Lembah Subang,Taman Mutiara,Lembah Subang → Taman Mutiara,4.9,47.0,KJL[Lembah Subang > Pasar Seni (KJL)] >> SBK[Pasar Seni (SBK) > Taman Mutiara],1,1+ transfer,RM 4.90,47 min
Lembah Subang,Taman Connaught,Lembah Subang → Taman Connaught,5.2,50.0,KJL[Lembah Subang > Pasar Seni (KJL)] >> SBK[Pasar Seni (SBK) > Taman Connaught],1,1+ transfer,RM 5.20,50 min
Lembah Subang,Taman Suntex,Lembah Subang → Taman Suntex,5.6,52.0,KJL[Lembah Subang > Pasar Seni (KJL)] >> SBK[Pasar Seni (SBK) > Taman Suntex],1,1+ transfer,RM 5.60,52 min
Lembah Subang,Sri Raya,Lembah Subang → Sri Raya,5.4,55.0,KJL[Lembah Subang > Pasar Seni (KJL)] >> SBK[Pasar Seni (SBK) > Sri Raya],1,1+ transfer,RM 5.40,55 min
Lembah Subang,Bandar Tun Hussein Onn,Lembah Subang → Bandar Tun Hussein Onn,5.6,57.0,KJL[Lembah Subang > Pasar Seni (KJL)] >> SBK[Pasar Seni (SBK) > Bandar Tun Hussein Onn],1,1+ transfer,RM 5.60,57 min
Lembah Subang,Batu 11 Cheras,Lembah Subang → Batu 11 Cheras,5.8,59.0,KJL[Lembah Subang > Pasar Seni (KJL)] >> SBK[Pasar Seni (SBK) > Batu 11 Cheras],1,1+ transfer,RM 5.80,59 min
Lembah Subang,Bukit Dukung,Lembah Subang → Bukit Dukung,5.4,62.0,KJL[Lembah Subang > Pasar Seni (KJL)] >> SBK[Pasar Seni (SBK) > Bukit Dukung],1,1+ transfer,RM 5.40,62 min
Lembah Subang,Sungai Jernih,Lembah Subang → Sungai Jernih,5.8,66.0,KJL[Lembah Subang > Pasar Seni (KJL)] >> SBK[Pasar Seni (SBK) > Sungai Jernih],1,1+ transfer,RM 5.80,66 min
Lembah Subang,Stadium Kajang,Lembah Subang → Stadium Kajang,5.9,67.0,KJL[Lembah Subang > Pasar Seni (KJL)] >> SBK[Pasar Seni (SBK) > Stadium Kajang],1,1+ transfer,RM 5.90,67 min
Lembah Subang,Kajang,Lembah Subang → Kajang,5.4,70.0,KJL[Lembah Subang > Pasar Seni (KJL)] >> SBK[Pasar Seni (SBK) > Kajang],1,1+ transfer,RM 5.40,70 min
Ara Damansara,Glenmarie,Ara Damansara → Glenmarie,1.2,3.0,KJL[Ara Damansara > Glenmarie],0,Direct journey,RM 1.20,3 min
Ara Damansara,Subang Jaya,Ara Damansara → Subang Jaya,1.6,4.0,KJL[Ara Damansara > Subang Jaya],0,Direct journey,RM 1.60,4 min
Ara Damansara,SS 15,Ara Damansara → SS 15,1.8,8.0,KJL[Ara Damansara > SS 15],0,Direct journey,RM 1.80,8 min
Ara Damansara,SS 18,Ara Damansara → SS 18,2.1,10.0,KJL[Ara Damansara > SS 18],0,Direct journey,RM 2.10,10 min
Ara Damansara,USJ 7 (KJL),Ara Damansara → USJ 7 (KJL),2.5,13.0,KJL[Ara Damansara > USJ 7 (KJL)],0,Direct journey,RM 2.50,13 min
Ara Damansara,Taipan,Ara Damansara → Taipan,2.7,14.0,KJL[Ara Damansara > Taipan],0,Direct journey,RM 2.70,14 min
Ara Damansara,Wawasan,Ara Damansara → Wawasan,2.7,17.0,KJL[Ara Damansara > Wawasan],0,Direct journey,RM 2.70,17 min
Ara Damansara,USJ 21,Ara Damansara → USJ 21,2.9,19.0,KJL[Ara Damansara > USJ 21],0,Direct journey,RM 2.90,19 min
Ara Damansara,Alam Megah,Ara Damansara → Alam Megah,3.3,22.0,KJL[Ara Damansara > Alam Megah],0,Direct journey,RM 3.30,22 min
Ara Damansara,Subang Alam,Ara Damansara → Subang Alam,3.1,25.0,KJL[Ara Damansara > Subang Alam],0,Direct journey,RM 3.10,25 min
Ara Damansara,Putra Heights (KJL),Ara Damansara → Putra Heights (KJL),3.3,29.0,KJL[Ara Damansara > Putra Heights (KJL)],0,Direct journey,RM 3.30,29 min
Ara Damansara,Sungai Buloh,Ara Damansara → Sungai Buloh,5.5,67.0,KJL[Ara Damansara > Pasar Seni (KJL)] >> SBK[Pasar Seni (SBK) > Sungai Buloh],1,1+ transfer,RM 5.50,67 min
Ara Damansara,Kampung Selamat,Ara Damansara → Kampung Selamat,6.1,65.0,KJL[Ara Damansara > Pasar Seni (KJL)] >> SBK[Pasar Seni (SBK) > Kampung Selamat],1,1+ transfer,RM 6.10,65 min
Ara Damansara,Kwasa Damansara,Ara Damansara → Kwasa Damansara,5.8,63.0,KJL[Ara Damansara > Pasar Seni (KJL)] >> SBK[Pasar Seni (SBK) > Kwasa Damansara],1,1+ transfer,RM 5.80,63 min
Ara Damansara,Kwasa Sentral,Ara Damansara → Kwasa Sentral,5.6,60.0,KJL[Ara Damansara > Pasar Seni (KJL)] >> SBK[Pasar Seni (SBK) > Kwasa Sentral],1,1+ transfer,RM 5.60,60 min
Ara Damansara,Kota Damansara,Ara Damansara → Kota Damansara,5.8,57.0,KJL[Ara Damansara > Pasar Seni (KJL)] >> SBK[Pasar Seni (SBK) > Kota Damansara],1,1+ transfer,RM 5.80,57 min
Ara Damansara,Surian,Ara Damansara → Surian,5.5,54.0,KJL[Ara Damansara > Pasar Seni (KJL)] >> SBK[Pasar Seni (SBK) > Surian],1,1+ transfer,RM 5.50,54 min
Ara Damansara,Mutiara Damansara,Ara Damansara → Mutiara Damansara,5.6,51.0,KJL[Ara Damansara > Pasar Seni (KJL)] >> SBK[Pasar Seni (SBK) > Mutiara Damansara],1,1+ transfer,RM 5.60,51 min
Ara Damansara,Bandar Utama,Ara Damansara → Bandar Utama,5.4,49.0,KJL[Ara Damansara > Pasar Seni (KJL)] >> SBK[Pasar Seni (SBK) > Bandar Utama],1,1+ transfer,RM 5.40,49 min
Ara Damansara,TTDI,Ara Damansara → TTDI,5.0,46.0,KJL[Ara Damansara > Pasar Seni (KJL)] >> SBK[Pasar Seni (SBK) > TTDI],1,1+ transfer,RM 5.00,46 min
Ara Damansara,Phileo Damansara,Ara Damansara → Phileo Damansara,5.1,43.0,KJL[Ara Damansara > Pasar Seni (KJL)] >> SBK[Pasar Seni (SBK) > Phileo Damansara],1,1+ transfer,RM 5.10,43 min
Ara Damansara,Pusat Bandar Damansara,Ara Damansara → Pusat Bandar Damansara,4.4,39.0,KJL[Ara Damansara > Pasar Seni (KJL)] >> SBK[Pasar Seni (SBK) > Pusat Bandar Damansara],1,1+ transfer,RM 4.40,39 min
Ara Damansara,Semantan,Ara Damansara → Semantan,4.2,37.0,KJL[Ara Damansara > Pasar Seni (KJL)] >> SBK[Pasar Seni (SBK) > Semantan],1,1+ transfer,RM 4.20,37 min
Ara Damansara,Muzium Negara,Ara Damansara → Muzium Negara,3.5,33.0,KJL[Ara Damansara > Pasar Seni (KJL)] >> SBK[Pasar Seni (SBK) > Muzium Negara],1,1+ transfer,RM 3.50,33 min
Ara Damansara,Pasar Seni (SBK),Ara Damansara → Pasar Seni (SBK),3.2,31.0,KJL[Ara Damansara > Pasar Seni (KJL)] >> SBK[Pasar Seni (SBK) > Pasar Seni (SBK)],1,1+ transfer,RM 3.20,31 min
Ara Damansara,Merdeka,Ara Damansara → Merdeka,3.4,32.0,KJL[Ara Damansara > Pasar Seni (KJL)] >> SBK[Pasar Seni (SBK) > Merdeka],1,1+ transfer,RM 3.40,32 min
Ara Damansara,Bukit Bintang,Ara Damansara → Bukit Bintang,3.7,35.0,KJL[Ara Damansara > Pasar Seni (KJL)] >> SBK[Pasar Seni (SBK) > Bukit Bintang],1,1+ transfer,RM 3.70,35 min
Ara Damansara,Tun Razak Exchange (TRX),Ara Damansara → Tun Razak Exchange (TRX),4.0,37.0,KJL[Ara Damansara > Pasar Seni (KJL)] >> SBK[Pasar Seni (SBK) > Tun Razak Exchange (TRX)],1,1+ transfer,RM 4.00,37 min
Ara Damansara,Cochrane,Ara Damansara → Cochrane,4.2,40.0,KJL[Ara Damansara > Pasar Seni (KJL)] >> SBK[Pasar Seni (SBK) > Cochrane],1,1+ transfer,RM 4.20,40 min
Ara Damansara,Maluri (SBK),Ara Damansara → Maluri (SBK),4.4,41.0,KJL[Ara Damansara > Pasar Seni (KJL)] >> SBK[Pasar Seni (SBK) > Maluri (SBK)],1,1+ transfer,RM 4.40,41 min
Ara Damansara,Taman Pertama,Ara Damansara → Taman Pertama,4.8,45.0,KJL[Ara Damansara > Pasar Seni (KJL)] >> SBK[Pasar Seni (SBK) > Taman Pertama],1,1+ transfer,RM 4.80,45 min
Ara Damansara,Taman Midah,Ara Damansara → Taman Midah,5.0,47.0,KJL[Ara Damansara > Pasar Seni (KJL)] >> SBK[Pasar Seni (SBK) > Taman Midah],1,1+ transfer,RM 5.00,47 min
Ara Damansara,Taman Mutiara,Ara Damansara → Taman Mutiara,5.0,49.0,KJL[Ara Damansara > Pasar Seni (KJL)] >> SBK[Pasar Seni (SBK) > Taman Mutiara],1,1+ transfer,RM 5.00,49 min
Ara Damansara,Taman Connaught,Ara Damansara → Taman Connaught,5.3,52.0,KJL[Ara Damansara > Pasar Seni (KJL)] >> SBK[Pasar Seni (SBK) > Taman Connaught],1,1+ transfer,RM 5.30,52 min
Ara Damansara,Taman Suntex,Ara Damansara → Taman Suntex,5.7,54.0,KJL[Ara Damansara > Pasar Seni (KJL)] >> SBK[Pasar Seni (SBK) > Taman Suntex],1,1+ transfer,RM 5.70,54 min
Ara Damansara,Sri Raya,Ara Damansara → Sri Raya,5.5,57.0,KJL[Ara Damansara > Pasar Seni (KJL)] >> SBK[Pasar Seni (SBK) > Sri Raya],1,1+ transfer,RM 5.50,57 min
Ara Damansara,Bandar Tun Hussein Onn,Ara Damansara → Bandar Tun Hussein Onn,5.8,59.0,KJL[Ara Damansara > Pasar Seni (KJL)] >> SBK[Pasar Seni (SBK) > Bandar Tun Hussein Onn],1,1+ transfer,RM 5.80,59 min
Ara Damansara,Batu 11 Cheras,Ara Damansara → Batu 11 Cheras,5.9,61.0,KJL[Ara Damansara > Pasar Seni (KJL)] >> SBK[Pasar Seni (SBK) > Batu 11 Cheras],1,1+ transfer,RM 5.90,61 min
Ara Damansara,Bukit Dukung,Ara Damansara → Bukit Dukung,5.6,64.0,KJL[Ara Damansara > Pasar Seni (KJL)] >> SBK[Pasar Seni (SBK) > Bukit Dukung],1,1+ transfer,RM 5.60,64 min
Ara Damansara,Sungai Jernih,Ara Damansara → Sungai Jernih,6.0,68.0,KJL[Ara Damansara > Pasar Seni (KJL)] >> SBK[Pasar Seni (SBK) > Sungai Jernih],1,1+ transfer,RM 6.00,68 min
Ara Damansara,Stadium Kajang,Ara Damansara → Stadium Kajang,6.1,69.0,KJL[Ara Damansara > Pasar Seni (KJL)] >> SBK[Pasar Seni (SBK) > Stadium Kajang],1,1+ transfer,RM 6.10,69 min
Ara Damansara,Kajang,Ara Damansara → Kajang,5.5,72.0,KJL[Ara Damansara > Pasar Seni (KJL)] >> SBK[Pasar Seni (SBK) > Kajang],1,1+ transfer,RM 5.50,72 min
Glenmarie,Subang Jaya,Glenmarie → Subang Jaya,1.3,1.0,KJL[Glenmarie > Subang Jaya],0,Direct journey,RM 1.30,1 min
Glenmarie,SS 15,Glenmarie → SS 15,1.6,5.0,KJL[Glenmarie > SS 15],0,Direct journey,RM 1.60,5 min
Glenmarie,SS 18,Glenmarie → SS 18,1.8,7.0,KJL[Glenmarie > SS 18],0,Direct journey,RM 1.80,7 min
Glenmarie,USJ 7 (KJL),Glenmarie → USJ 7 (KJL),2.2,10.0,KJL[Glenmarie > USJ 7 (KJL)],0,Direct journey,RM 2.20,10 min
Glenmarie,Taipan,Glenmarie → Taipan,2.4,11.0,KJL[Glenmarie > Taipan],0,Direct journey,RM 2.40,11 min
Glenmarie,Wawasan,Glenmarie → Wawasan,2.7,14.0,KJL[Glenmarie > Wawasan],0,Direct journey,RM 2.70,14 min
Glenmarie,USJ 21,Glenmarie → USJ 21,2.6,16.0,KJL[Glenmarie > USJ 21],0,Direct journey,RM 2.60,16 min
Glenmarie,Alam Megah,Glenmarie → Alam Megah,3.0,19.0,KJL[Glenmarie > Alam Megah],0,Direct journey,RM 3.00,19 min
Glenmarie,Subang Alam,Glenmarie → Subang Alam,3.3,22.0,KJL[Glenmarie > Subang Alam],0,Direct journey,RM 3.30,22 min
Glenmarie,Putra Heights (KJL),Glenmarie → Putra Heights (KJL),3.1,26.0,KJL[Glenmarie > Putra Heights (KJL)],0,Direct journey,RM 3.10,26 min
Glenmarie,Sungai Buloh,Glenmarie → Sungai Buloh,5.7,70.0,KJL[Glenmarie > Pasar Seni (KJL)] >> SBK[Pasar Seni (SBK) > Sungai Buloh],1,1+ transfer,RM 5.70,70 min
Glenmarie,Kampung Selamat,Glenmarie → Kampung Selamat,6.3,68.0,KJL[Glenmarie > Pasar Seni (KJL)] >> SBK[Pasar Seni (SBK) > Kampung Selamat],1,1+ transfer,RM 6.30,68 min
Glenmarie,Kwasa Damansara,Glenmarie → Kwasa Damansara,6.0,66.0,KJL[Glenmarie > Pasar Seni (KJL)] >> SBK[Pasar Seni (SBK) > Kwasa Damansara],1,1+ transfer,RM 6.00,66 min
Glenmarie,Kwasa Sentral,Glenmarie → Kwasa Sentral,5.8,63.0,KJL[Glenmarie > Pasar Seni (KJL)] >> SBK[Pasar Seni (SBK) > Kwasa Sentral],1,1+ transfer,RM 5.80,63 min
Glenmarie,Kota Damansara,Glenmarie → Kota Damansara,6.0,60.0,KJL[Glenmarie > Pasar Seni (KJL)] >> SBK[Pasar Seni (SBK) > Kota Damansara],1,1+ transfer,RM 6.00,60 min
Glenmarie,Surian,Glenmarie → Surian,5.8,57.0,KJL[Glenmarie > Pasar Seni (KJL)] >> SBK[Pasar Seni (SBK) > Surian],1,1+ transfer,RM 5.80,57 min
Glenmarie,Mutiara Damansara,Glenmarie → Mutiara Damansara,5.9,54.0,KJL[Glenmarie > Pasar Seni (KJL)] >> SBK[Pasar Seni (SBK) > Mutiara Damansara],1,1+ transfer,RM 5.90,54 min
Glenmarie,Bandar Utama,Glenmarie → Bandar Utama,5.6,52.0,KJL[Glenmarie > Pasar Seni (KJL)] >> SBK[Pasar Seni (SBK) > Bandar Utama],1,1+ transfer,RM 5.60,52 min
Glenmarie,TTDI,Glenmarie → TTDI,5.2,49.0,KJL[Glenmarie > Pasar Seni (KJL)] >> SBK[Pasar Seni (SBK) > TTDI],1,1+ transfer,RM 5.20,49 min
Glenmarie,Phileo Damansara,Glenmarie → Phileo Damansara,5.3,46.0,KJL[Glenmarie > Pasar Seni (KJL)] >> SBK[Pasar Seni (SBK) > Phileo Damansara],1,1+ transfer,RM 5.30,46 min
Glenmarie,Pusat Bandar Damansara,Glenmarie → Pusat Bandar Damansara,4.7,42.0,KJL[Glenmarie > Pasar Seni (KJL)] >> SBK[Pasar Seni (SBK) > Pusat Bandar Damansara],1,1+ transfer,RM 4.70,42 min
Glenmarie,Semantan,Glenmarie → Semantan,4.4,40.0,KJL[Glenmarie > Pasar Seni (KJL)] >> SBK[Pasar Seni (SBK) > Semantan],1,1+ transfer,RM 4.40,40 min
Glenmarie,Muzium Negara,Glenmarie → Muzium Negara,3.7,36.0,KJL[Glenmarie > Pasar Seni (KJL)] >> SBK[Pasar Seni (SBK) > Muzium Negara],1,1+ transfer,RM 3.70,36 min
Glenmarie,Pasar Seni (SBK),Glenmarie → Pasar Seni (SBK),3.4,34.0,KJL[Glenmarie > Pasar Seni (KJL)] >> SBK[Pasar Seni (SBK) > Pasar Seni (SBK)],1,1+ transfer,RM 3.40,34 min
Glenmarie,Merdeka,Glenmarie → Merdeka,3.6,35.0,KJL[Glenmarie > Pasar Seni (KJL)] >> SBK[Pasar Seni (SBK) > Merdeka],1,1+ transfer,RM 3.60,35 min
Glenmarie,Bukit Bintang,Glenmarie → Bukit Bintang,3.9,38.0,KJL[Glenmarie > Pasar Seni (KJL)] >> SBK[Pasar Seni (SBK) > Bukit Bintang],1,1+ transfer,RM 3.90,38 min
Glenmarie,Tun Razak Exchange (TRX),Glenmarie → Tun Razak Exchange (TRX),4.3,40.0,KJL[Glenmarie > Pasar Seni (KJL)] >> SBK[Pasar Seni (SBK) > Tun Razak Exchange (TRX)],1,1+ transfer,RM 4.30,40 min
Glenmarie,Cochrane,Glenmarie → Cochrane,4.4,43.0,KJL[Glenmarie > Pasar Seni (KJL)] >> SBK[Pasar Seni (SBK) > Cochrane],1,1+ transfer,RM 4.40,43 min
Glenmarie,Maluri (SBK),Glenmarie → Maluri (SBK),4.6,44.0,KJL[Glenmarie > Pasar Seni (KJL)] >> SBK[Pasar Seni (SBK) > Maluri (SBK)],1,1+ transfer,RM 4.60,44 min
Glenmarie,Taman Pertama,Glenmarie → Taman Pertama,5.0,48.0,KJL[Glenmarie > Pasar Seni (KJL)] >> SBK[Pasar Seni (SBK) > Taman Pertama],1,1+ transfer,RM 5.00,48 min
Glenmarie,Taman Midah,Glenmarie → Taman Midah,5.3,50.0,KJL[Glenmarie > Pasar Seni (KJL)] >> SBK[Pasar Seni (SBK) > Taman Midah],1,1+ transfer,RM 5.30,50 min
Glenmarie,Taman Mutiara,Glenmarie → Taman Mutiara,5.2,52.0,KJL[Glenmarie > Pasar Seni (KJL)] >> SBK[Pasar Seni (SBK) > Taman Mutiara],1,1+ transfer,RM 5.20,52 min
Glenmarie,Taman Connaught,Glenmarie → Taman Connaught,5.5,55.0,KJL[Glenmarie > Pasar Seni (KJL)] >> SBK[Pasar Seni (SBK) > Taman Connaught],1,1+ transfer,RM 5.50,55 min
Glenmarie,Taman Suntex,Glenmarie → Taman Suntex,5.9,57.0,KJL[Glenmarie > Pasar Seni (KJL)] >> SBK[Pasar Seni (SBK) > Taman Suntex],1,1+ transfer,RM 5.90,57 min
Glenmarie,Sri Raya,Glenmarie → Sri Raya,5.7,60.0,KJL[Glenmarie > Pasar Seni (KJL)] >> SBK[Pasar Seni (SBK) > Sri Raya],1,1+ transfer,RM 5.70,60 min
Glenmarie,Bandar Tun Hussein Onn,Glenmarie → Bandar Tun Hussein Onn,6.0,62.0,KJL[Glenmarie > Pasar Seni (KJL)] >> SBK[Pasar Seni (SBK) > Bandar Tun Hussein Onn],1,1+ transfer,RM 6.00,62 min
Glenmarie,Batu 11 Cheras,Glenmarie → Batu 11 Cheras,6.1,64.0,KJL[Glenmarie > Pasar Seni (KJL)] >> SBK[Pasar Seni (SBK) > Batu 11 Cheras],1,1+ transfer,RM 6.10,64 min
Glenmarie,Bukit Dukung,Glenmarie → Bukit Dukung,5.8,67.0,KJL[Glenmarie > Pasar Seni (KJL)] >> SBK[Pasar Seni (SBK) > Bukit Dukung],1,1+ transfer,RM 5.80,67 min
Glenmarie,Sungai Jernih,Glenmarie → Sungai Jernih,6.2,71.0,KJL[Glenmarie > Pasar Seni (KJL)] >> SBK[Pasar Seni (SBK) > Sungai Jernih],1,1+ transfer,RM 6.20,71 min
Glenmarie,Stadium Kajang,Glenmarie → Stadium Kajang,6.3,72.0,KJL[Glenmarie > Pasar Seni (KJL)] >> SBK[Pasar Seni (SBK) > Stadium Kajang],1,1+ transfer,RM 6.30,72 min
Glenmarie,Kajang,Glenmarie → Kajang,5.7,75.0,KJL[Glenmarie > Pasar Seni (KJL)] >> SBK[Pasar Seni (SBK) > Kajang],1,1+ transfer,RM 5.70,75 min
Subang Jaya,SS 15,Subang Jaya → SS 15,1.2,4.0,KJL[Subang Jaya > SS 15],0,Direct journey,RM 1.20,4 min
Subang Jaya,SS 18,Subang Jaya → SS 18,1.4,6.0,KJL[Subang Jaya > SS 18],0,Direct journey,RM 1.40,6 min
Subang Jaya,USJ 7 (KJL),Subang Jaya → USJ 7 (KJL),1.8,9.0,KJL[Subang Jaya > USJ 7 (KJL)],0,Direct journey,RM 1.80,9 min
Subang Jaya,Taipan,Subang Jaya → Taipan,2.0,10.0,KJL[Subang Jaya > Taipan],0,Direct journey,RM 2.00,10 min
Subang Jaya,Wawasan,Subang Jaya → Wawasan,2.3,13.0,KJL[Subang Jaya > Wawasan],0,Direct journey,RM 2.30,13 min
Subang Jaya,USJ 21,Subang Jaya → USJ 21,2.6,15.0,KJL[Subang Jaya > USJ 21],0,Direct journey,RM 2.60,15 min
Subang Jaya,Alam Megah,Subang Jaya → Alam Megah,2.7,18.0,KJL[Subang Jaya > Alam Megah],0,Direct journey,RM 2.70,18 min
Subang Jaya,Subang Alam,Subang Jaya → Subang Alam,3.0,21.0,KJL[Subang Jaya > Subang Alam],0,Direct journey,RM 3.00,21 min
Subang Jaya,Putra Heights (KJL),Subang Jaya → Putra Heights (KJL),3.3,25.0,KJL[Subang Jaya > Putra Heights (KJL)],0,Direct journey,RM 3.30,25 min
Subang Jaya,Sungai Buloh,Subang Jaya → Sungai Buloh,5.9,71.0,KJL[Subang Jaya > Pasar Seni (KJL)] >> SBK[Pasar Seni (SBK) > Sungai Buloh],1,1+ transfer,RM 5.90,71 min
Subang Jaya,Kampung Selamat,Subang Jaya → Kampung Selamat,6.6,69.0,KJL[Subang Jaya > Pasar Seni (KJL)] >> SBK[Pasar Seni (SBK) > Kampung Selamat],1,1+ transfer,RM 6.60,69 min
Subang Jaya,Kwasa Damansara,Subang Jaya → Kwasa Damansara,6.2,67.0,KJL[Subang Jaya > Pasar Seni (KJL)] >> SBK[Pasar Seni (SBK) > Kwasa Damansara],1,1+ transfer,RM 6.20,67 min
Subang Jaya,Kwasa Sentral,Subang Jaya → Kwasa Sentral,6.1,64.0,KJL[Subang Jaya > Pasar Seni (KJL)] >> SBK[Pasar Seni (SBK) > Kwasa Sentral],1,1+ transfer,RM 6.10,64 min
Subang Jaya,Kota Damansara,Subang Jaya → Kota Damansara,6.3,61.0,KJL[Subang Jaya > Pasar Seni (KJL)] >> SBK[Pasar Seni (SBK) > Kota Damansara],1,1+ transfer,RM 6.30,61 min
Subang Jaya,Surian,Subang Jaya → Surian,6.0,58.0,KJL[Subang Jaya > Pasar Seni (KJL)] >> SBK[Pasar Seni (SBK) > Surian],1,1+ transfer,RM 6.00,58 min
Subang Jaya,Mutiara Damansara,Subang Jaya → Mutiara Damansara,6.1,55.0,KJL[Subang Jaya > Pasar Seni (KJL)] >> SBK[Pasar Seni (SBK) > Mutiara Damansara],1,1+ transfer,RM 6.10,55 min
Subang Jaya,Bandar Utama,Subang Jaya → Bandar Utama,5.8,53.0,KJL[Subang Jaya > Pasar Seni (KJL)] >> SBK[Pasar Seni (SBK) > Bandar Utama],1,1+ transfer,RM 5.80,53 min
Subang Jaya,TTDI,Subang Jaya → TTDI,5.5,50.0,KJL[Subang Jaya > Pasar Seni (KJL)] >> SBK[Pasar Seni (SBK) > TTDI],1,1+ transfer,RM 5.50,50 min
Subang Jaya,Phileo Damansara,Subang Jaya → Phileo Damansara,5.5,47.0,KJL[Subang Jaya > Pasar Seni (KJL)] >> SBK[Pasar Seni (SBK) > Phileo Damansara],1,1+ transfer,RM 5.50,47 min
Subang Jaya,Pusat Bandar Damansara,Subang Jaya → Pusat Bandar Damansara,4.9,43.0,KJL[Subang Jaya > Pasar Seni (KJL)] >> SBK[Pasar Seni (SBK) > Pusat Bandar Damansara],1,1+ transfer,RM 4.90,43 min
Subang Jaya,Semantan,Subang Jaya → Semantan,4.7,41.0,KJL[Subang Jaya > Pasar Seni (KJL)] >> SBK[Pasar Seni (SBK) > Semantan],1,1+ transfer,RM 4.70,41 min
Subang Jaya,Muzium Negara,Subang Jaya → Muzium Negara,4.0,37.0,KJL[Subang Jaya > Pasar Seni (KJL)] >> SBK[Pasar Seni (SBK) > Muzium Negara],1,1+ transfer,RM 4.00,37 min
Subang Jaya,Pasar Seni (SBK),Subang Jaya → Pasar Seni (SBK),3.7,35.0,KJL[Subang Jaya > Pasar Seni (KJL)] >> SBK[Pasar Seni (SBK) > Pasar Seni (SBK)],1,1+ transfer,RM 3.70,35 min
Subang Jaya,Merdeka,Subang Jaya → Merdeka,3.8,36.0,KJL[Subang Jaya > Pasar Seni (KJL)] >> SBK[Pasar Seni (SBK) > Merdeka],1,1+ transfer,RM 3.80,36 min
Subang Jaya,Bukit Bintang,Subang Jaya → Bukit Bintang,4.1,39.0,KJL[Subang Jaya > Pasar Seni (KJL)] >> SBK[Pasar Seni (SBK) > Bukit Bintang],1,1+ transfer,RM 4.10,39 min
Subang Jaya,Tun Razak Exchange (TRX),Subang Jaya → Tun Razak Exchange (TRX),4.5,41.0,KJL[Subang Jaya > Pasar Seni (KJL)] >> SBK[Pasar Seni (SBK) > Tun Razak Exchange (TRX)],1,1+ transfer,RM 4.50,41 min
Subang Jaya,Cochrane,Subang Jaya → Cochrane,4.7,44.0,KJL[Subang Jaya > Pasar Seni (KJL)] >> SBK[Pasar Seni (SBK) > Cochrane],1,1+ transfer,RM 4.70,44 min
Subang Jaya,Maluri (SBK),Subang Jaya → Maluri (SBK),4.9,45.0,KJL[Subang Jaya > Pasar Seni (KJL)] >> SBK[Pasar Seni (SBK) > Maluri (SBK)],1,1+ transfer,RM 4.90,45 min
Subang Jaya,Taman Pertama,Subang Jaya → Taman Pertama,5.3,49.0,KJL[Subang Jaya > Pasar Seni (KJL)] >> SBK[Pasar Seni (SBK) > Taman Pertama],1,1+ transfer,RM 5.30,49 min
Subang Jaya,Taman Midah,Subang Jaya → Taman Midah,5.5,51.0,KJL[Subang Jaya > Pasar Seni (KJL)] >> SBK[Pasar Seni (SBK) > Taman Midah],1,1+ transfer,RM 5.50,51 min
Subang Jaya,Taman Mutiara,Subang Jaya → Taman Mutiara,5.5,53.0,KJL[Subang Jaya > Pasar Seni (KJL)] >> SBK[Pasar Seni (SBK) > Taman Mutiara],1,1+ transfer,RM 5.50,53 min
Subang Jaya,Taman Connaught,Subang Jaya → Taman Connaught,5.8,56.0,KJL[Subang Jaya > Pasar Seni (KJL)] >> SBK[Pasar Seni (SBK) > Taman Connaught],1,1+ transfer,RM 5.80,56 min
Subang Jaya,Taman Suntex,Subang Jaya → Taman Suntex,6.2,58.0,KJL[Subang Jaya > Pasar Seni (KJL)] >> SBK[Pasar Seni (SBK) > Taman Suntex],1,1+ transfer,RM 6.20,58 min
Subang Jaya,Sri Raya,Subang Jaya → Sri Raya,6.0,61.0,KJL[Subang Jaya > Pasar Seni (KJL)] >> SBK[Pasar Seni (SBK) > Sri Raya],1,1+ transfer,RM 6.00,61 min
Subang Jaya,Bandar Tun Hussein Onn,Subang Jaya → Bandar Tun Hussein Onn,6.2,63.0,KJL[Subang Jaya > Pasar Seni (KJL)] >> SBK[Pasar Seni (SBK) > Bandar Tun Hussein Onn],1,1+ transfer,RM 6.20,63 min
Subang Jaya,Batu 11 Cheras,Subang Jaya → Batu 11 Cheras,6.3,65.0,KJL[Subang Jaya > Pasar Seni (KJL)] >> SBK[Pasar Seni (SBK) > Batu 11 Cheras],1,1+ transfer,RM 6.30,65 min
Subang Jaya,Bukit Dukung,Subang Jaya → Bukit Dukung,6.0,68.0,KJL[Subang Jaya > Pasar Seni (KJL)] >> SBK[Pasar Seni (SBK) > Bukit Dukung],1,1+ transfer,RM 6.00,68 min
Subang Jaya,Sungai Jernih,Subang Jaya → Sungai Jernih,6.4,72.0,KJL[Subang Jaya > Pasar Seni (KJL)] >> SBK[Pasar Seni (SBK) > Sungai Jernih],1,1+ transfer,RM 6.40,72 min
Subang Jaya,Stadium Kajang,Subang Jaya → Stadium Kajang,6.5,73.0,KJL[Subang Jaya > Pasar Seni (KJL)] >> SBK[Pasar Seni (SBK) > Stadium Kajang],1,1+ transfer,RM 6.50,73 min
Subang Jaya,Kajang,Subang Jaya → Kajang,5.9,76.0,KJL[Subang Jaya > Pasar Seni (KJL)] >> SBK[Pasar Seni (SBK) > Kajang],1,1+ transfer,RM 5.90,76 min
SS 15,SS 18,SS 15 → SS 18,1.1,2.0,KJL[SS 15 > SS 18],0,Direct journey,RM 1.10,2 min
SS 15,USJ 7 (KJL),SS 15 → USJ 7 (KJL),1.6,5.0,KJL[SS 15 > USJ 7 (KJL)],0,Direct journey,RM 1.60,5 min
SS 15,Taipan,SS 15 → Taipan,1.8,6.0,KJL[SS 15 > Taipan],0,Direct journey,RM 1.80,6 min
SS 15,Wawasan,SS 15 → Wawasan,2.0,9.0,KJL[SS 15 > Wawasan],0,Direct journey,RM 2.00,9 min
SS 15,USJ 21,SS 15 → USJ 21,2.3,11.0,KJL[SS 15 > USJ 21],0,Direct journey,RM 2.30,11 min
SS 15,Alam Megah,SS 15 → Alam Megah,2.7,14.0,KJL[SS 15 > Alam Megah],0,Direct journey,RM 2.70,14 min
SS 15,Subang Alam,SS 15 → Subang Alam,2.7,17.0,KJL[SS 15 > Subang Alam],0,Direct journey,RM 2.70,17 min
SS 15,Putra Heights (KJL),SS 15 → Putra Heights (KJL),3.0,21.0,KJL[SS 15 > Putra Heights (KJL)],0,Direct journey,RM 3.00,21 min
SS 15,Sungai Buloh,SS 15 → Sungai Buloh,5.6,75.0,KJL[SS 15 > Pasar Seni (KJL)] >> SBK[Pasar Seni (SBK) > Sungai Buloh],1,1+ transfer,RM 5.60,75 min
SS 15,Kampung Selamat,SS 15 → Kampung Selamat,6.2,73.0,KJL[SS 15 > Pasar Seni (KJL)] >> SBK[Pasar Seni (SBK) > Kampung Selamat],1,1+ transfer,RM 6.20,73 min
SS 15,Kwasa Damansara,SS 15 → Kwasa Damansara,5.8,71.0,KJL[SS 15 > Pasar Seni (KJL)] >> SBK[Pasar Seni (SBK) > Kwasa Damansara],1,1+ transfer,RM 5.80,71 min
SS 15,Kwasa Sentral,SS 15 → Kwasa Sentral,5.7,68.0,KJL[SS 15 > Pasar Seni (KJL)] >> SBK[Pasar Seni (SBK) > Kwasa Sentral],1,1+ transfer,RM 5.70,68 min
SS 15,Kota Damansara,SS 15 → Kota Damansara,5.9,65.0,KJL[SS 15 > Pasar Seni (KJL)] >> SBK[Pasar Seni (SBK) > Kota Damansara],1,1+ transfer,RM 5.90,65 min
SS 15,Surian,SS 15 → Surian,5.6,62.0,KJL[SS 15 > Pasar Seni (KJL)] >> SBK[Pasar Seni (SBK) > Surian],1,1+ transfer,RM 5.60,62 min
SS 15,Mutiara Damansara,SS 15 → Mutiara Damansara,5.7,59.0,KJL[SS 15 > Pasar Seni (KJL)] >> SBK[Pasar Seni (SBK) > Mutiara Damansara],1,1+ transfer,RM 5.70,59 min
SS 15,Bandar Utama,SS 15 → Bandar Utama,5.4,57.0,KJL[SS 15 > Pasar Seni (KJL)] >> SBK[Pasar Seni (SBK) > Bandar Utama],1,1+ transfer,RM 5.40,57 min
SS 15,TTDI,SS 15 → TTDI,5.1,54.0,KJL[SS 15 > Pasar Seni (KJL)] >> SBK[Pasar Seni (SBK) > TTDI],1,1+ transfer,RM 5.10,54 min
SS 15,Phileo Damansara,SS 15 → Phileo Damansara,5.2,51.0,KJL[SS 15 > Pasar Seni (KJL)] >> SBK[Pasar Seni (SBK) > Phileo Damansara],1,1+ transfer,RM 5.20,51 min
SS 15,Pusat Bandar Damansara,SS 15 → Pusat Bandar Damansara,4.5,47.0,KJL[SS 15 > Pasar Seni (KJL)] >> SBK[Pasar Seni (SBK) > Pusat Bandar Damansara],1,1+ transfer,RM 4.50,47 min
SS 15,Semantan,SS 15 → Semantan,4.3,45.0,KJL[SS 15 > Pasar Seni (KJL)] >> SBK[Pasar Seni (SBK) > Semantan],1,1+ transfer,RM 4.30,45 min
SS 15,Muzium Negara,SS 15 → Muzium Negara,3.6,41.0,KJL[SS 15 > Pasar Seni (KJL)] >> SBK[Pasar Seni (SBK) > Muzium Negara],1,1+ transfer,RM 3.60,41 min
SS 15,Pasar Seni (SBK),SS 15 → Pasar Seni (SBK),3.3,39.0,KJL[SS 15 > Pasar Seni (KJL)] >> SBK[Pasar Seni (SBK) > Pasar Seni (SBK)],1,1+ transfer,RM 3.30,39 min
SS 15,Merdeka,SS 15 → Merdeka,3.5,40.0,KJL[SS 15 > Pasar Seni (KJL)] >> SBK[Pasar Seni (SBK) > Merdeka],1,1+ transfer,RM 3.50,40 min
SS 15,Bukit Bintang,SS 15 → Bukit Bintang,3.8,43.0,KJL[SS 15 > Pasar Seni (KJL)] >> SBK[Pasar Seni (SBK) > Bukit Bintang],1,1+ transfer,RM 3.80,43 min
SS 15,Tun Razak Exchange (TRX),SS 15 → Tun Razak Exchange (TRX),4.1,45.0,KJL[SS 15 > Pasar Seni (KJL)] >> SBK[Pasar Seni (SBK) > Tun Razak Exchange (TRX)],1,1+ transfer,RM 4.10,45 min
SS 15,Cochrane,SS 15 → Cochrane,4.3,48.0,KJL[SS 15 > Pasar Seni (KJL)] >> SBK[Pasar Seni (SBK) > Cochrane],1,1+ transfer,RM 4.30,48 min
SS 15,Maluri (SBK),SS 15 → Maluri (SBK),4.5,49.0,KJL[SS 15 > Pasar Seni (KJL)] >> SBK[Pasar Seni (SBK) > Maluri (SBK)],1,1+ transfer,RM 4.50,49 min
SS 15,Taman Pertama,SS 15 → Taman Pertama,4.9,53.0,KJL[SS 15 > Pasar Seni (KJL)] >> SBK[Pasar Seni (SBK) > Taman Pertama],1,1+ transfer,RM 4.90,53 min
SS 15,Taman Midah,SS 15 → Taman Midah,5.1,55.0,KJL[SS 15 > Pasar Seni (KJL)] >> SBK[Pasar Seni (SBK) > Taman Midah],1,1+ transfer,RM 5.10,55 min
SS 15,Taman Mutiara,SS 15 → Taman Mutiara,5.1,57.0,KJL[SS 15 > Pasar Seni (KJL)] >> SBK[Pasar Seni (SBK) > Taman Mutiara],1,1+ transfer,RM 5.10,57 min
SS 15,Taman Connaught,SS 15 → Taman Connaught,5.5,60.0,KJL[SS 15 > Pasar Seni (KJL)] >> SBK[Pasar Seni (SBK) > Taman Connaught],1,1+ transfer,RM 5.50,60 min
SS 15,Taman Suntex,SS 15 → Taman Suntex,5.9,62.0,KJL[SS 15 > Pasar Seni (KJL)] >> SBK[Pasar Seni (SBK) > Taman Suntex],1,1+ transfer,RM 5.90,62 min
SS 15,Sri Raya,SS 15 → Sri Raya,5.6,65.0,KJL[SS 15 > Pasar Seni (KJL)] >> SBK[Pasar Seni (SBK) > Sri Raya],1,1+ transfer,RM 5.60,65 min
SS 15,Bandar Tun Hussein Onn,SS 15 → Bandar Tun Hussein Onn,5.8,67.0,KJL[SS 15 > Pasar Seni (KJL)] >> SBK[Pasar Seni (SBK) > Bandar Tun Hussein Onn],1,1+ transfer,RM 5.80,67 min
SS 15,Batu 11 Cheras,SS 15 → Batu 11 Cheras,6.0,69.0,KJL[SS 15 > Pasar Seni (KJL)] >> SBK[Pasar Seni (SBK) > Batu 11 Cheras],1,1+ transfer,RM 6.00,69 min
SS 15,Bukit Dukung,SS 15 → Bukit Dukung,5.6,72.0,KJL[SS 15 > Pasar Seni (KJL)] >> SBK[Pasar Seni (SBK) > Bukit Dukung],1,1+ transfer,RM 5.60,72 min
SS 15,Sungai Jernih,SS 15 → Sungai Jernih,6.0,76.0,KJL[SS 15 > Pasar Seni (KJL)] >> SBK[Pasar Seni (SBK) > Sungai Jernih],1,1+ transfer,RM 6.00,76 min
SS 15,Stadium Kajang,SS 15 → Stadium Kajang,6.1,77.0,KJL[SS 15 > Pasar Seni (KJL)] >> SBK[Pasar Seni (SBK) > Stadium Kajang],1,1+ transfer,RM 6.10,77 min
SS 15,Kajang,SS 15 → Kajang,5.6,80.0,KJL[SS 15 > Pasar Seni (KJL)] >> SBK[Pasar Seni (SBK) > Kajang],1,1+ transfer,RM 5.60,80 min
SS 18,USJ 7 (KJL),SS 18 → USJ 7 (KJL),1.4,3.0,KJL[SS 18 > USJ 7 (KJL)],0,Direct journey,RM 1.40,3 min
SS 18,Taipan,SS 18 → Taipan,1.6,4.0,KJL[SS 18 > Taipan],0,Direct journey,RM 1.60,4 min
SS 18,Wawasan,SS 18 → Wawasan,1.8,7.0,KJL[SS 18 > Wawasan],0,Direct journey,RM 1.80,7 min
SS 18,USJ 21,SS 18 → USJ 21,2.0,9.0,KJL[SS 18 > USJ 21],0,Direct journey,RM 2.00,9 min
SS 18,Alam Megah,SS 18 → Alam Megah,2.5,12.0,KJL[SS 18 > Alam Megah],0,Direct journey,RM 2.50,12 min
SS 18,Subang Alam,SS 18 → Subang Alam,2.8,15.0,KJL[SS 18 > Subang Alam],0,Direct journey,RM 2.80,15 min
SS 18,Putra Heights (KJL),SS 18 → Putra Heights (KJL),2.8,19.0,KJL[SS 18 > Putra Heights (KJL)],0,Direct journey,RM 2.80,19 min
SS 18,Sungai Buloh,SS 18 → Sungai Buloh,5.7,77.0,KJL[SS 18 > Pasar Seni (KJL)] >> SBK[Pasar Seni (SBK) > Sungai Buloh],1,1+ transfer,RM 5.70,77 min
SS 18,Kampung Selamat,SS 18 → Kampung Selamat,6.3,75.0,KJL[SS 18 > Pasar Seni (KJL)] >> SBK[Pasar Seni (SBK) > Kampung Selamat],1,1+ transfer,RM 6.30,75 min
SS 18,Kwasa Damansara,SS 18 → Kwasa Damansara,6.0,73.0,KJL[SS 18 > Pasar Seni (KJL)] >> SBK[Pasar Seni (SBK) > Kwasa Damansara],1,1+ transfer,RM 6.00,73 min
SS 18,Kwasa Sentral,SS 18 → Kwasa Sentral,5.8,70.0,KJL[SS 18 > Pasar Seni (KJL)] >> SBK[Pasar Seni (SBK) > Kwasa Sentral],1,1+ transfer,RM 5.80,70 min
SS 18,Kota Damansara,SS 18 → Kota Damansara,6.0,67.0,KJL[SS 18 > Pasar Seni (KJL)] >> SBK[Pasar Seni (SBK) > Kota Damansara],1,1+ transfer,RM 6.00,67 min
SS 18,Surian,SS 18 → Surian,5.7,64.0,KJL[SS 18 > Pasar Seni (KJL)] >> SBK[Pasar Seni (SBK) > Surian],1,1+ transfer,RM 5.70,64 min
SS 18,Mutiara Damansara,SS 18 → Mutiara Damansara,5.8,61.0,KJL[SS 18 > Pasar Seni (KJL)] >> SBK[Pasar Seni (SBK) > Mutiara Damansara],1,1+ transfer,RM 5.80,61 min
SS 18,Bandar Utama,SS 18 → Bandar Utama,5.6,59.0,KJL[SS 18 > Pasar Seni (KJL)] >> SBK[Pasar Seni (SBK) > Bandar Utama],1,1+ transfer,RM 5.60,59 min
SS 18,TTDI,SS 18 → TTDI,5.2,56.0,KJL[SS 18 > Pasar Seni (KJL)] >> SBK[Pasar Seni (SBK) > TTDI],1,1+ transfer,RM 5.20,56 min
SS 18,Phileo Damansara,SS 18 → Phileo Damansara,5.3,53.0,KJL[SS 18 > Pasar Seni (KJL)] >> SBK[Pasar Seni (SBK) > Phileo Damansara],1,1+ transfer,RM 5.30,53 min
SS 18,Pusat Bandar Damansara,SS 18 → Pusat Bandar Damansara,4.6,49.0,KJL[SS 18 > Pasar Seni (KJL)] >> SBK[Pasar Seni (SBK) > Pusat Bandar Damansara],1,1+ transfer,RM 4.60,49 min
SS 18,Semantan,SS 18 → Semantan,4.4,47.0,KJL[SS 18 > Pasar Seni (KJL)] >> SBK[Pasar Seni (SBK) > Semantan],1,1+ transfer,RM 4.40,47 min
SS 18,Muzium Negara,SS 18 → Muzium Negara,3.7,43.0,KJL[SS 18 > Pasar Seni (KJL)] >> SBK[Pasar Seni (SBK) > Muzium Negara],1,1+ transfer,RM 3.70,43 min
SS 18,Pasar Seni (SBK),SS 18 → Pasar Seni (SBK),3.4,41.0,KJL[SS 18 > Pasar Seni (KJL)] >> SBK[Pasar Seni (SBK) > Pasar Seni (SBK)],1,1+ transfer,RM 3.40,41 min
SS 18,Merdeka,SS 18 → Merdeka,3.6,42.0,KJL[SS 18 > Pasar Seni (KJL)] >> SBK[Pasar Seni (SBK) > Merdeka],1,1+ transfer,RM 3.60,42 min
SS 18,Bukit Bintang,SS 18 → Bukit Bintang,3.9,45.0,KJL[SS 18 > Pasar Seni (KJL)] >> SBK[Pasar Seni (SBK) > Bukit Bintang],1,1+ transfer,RM 3.90,45 min
SS 18,Tun Razak Exchange (TRX),SS 18 → Tun Razak Exchange (TRX),4.2,47.0,KJL[SS 18 > Pasar Seni (KJL)] >> SBK[Pasar Seni (SBK) > Tun Razak Exchange (TRX)],1,1+ transfer,RM 4.20,47 min
SS 18,Cochrane,SS 18 → Cochrane,4.4,50.0,KJL[SS 18 > Pasar Seni (KJL)] >> SBK[Pasar Seni (SBK) > Cochrane],1,1+ transfer,RM 4.40,50 min
SS 18,Maluri (SBK),SS 18 → Maluri (SBK),4.6,51.0,KJL[SS 18 > Pasar Seni (KJL)] >> SBK[Pasar Seni (SBK) > Maluri (SBK)],1,1+ transfer,RM 4.60,51 min
SS 18,Taman Pertama,SS 18 → Taman Pertama,5.0,55.0,KJL[SS 18 > Pasar Seni (KJL)] >> SBK[Pasar Seni (SBK) > Taman Pertama],1,1+ transfer,RM 5.00,55 min
SS 18,Taman Midah,SS 18 → Taman Midah,5.2,57.0,KJL[SS 18 > Pasar Seni (KJL)] >> SBK[Pasar Seni (SBK) > Taman Midah],1,1+ transfer,RM 5.20,57 min
SS 18,Taman Mutiara,SS 18 → Taman Mutiara,5.2,59.0,KJL[SS 18 > Pasar Seni (KJL)] >> SBK[Pasar Seni (SBK) > Taman Mutiara],1,1+ transfer,RM 5.20,59 min
SS 18,Taman Connaught,SS 18 → Taman Connaught,5.5,62.0,KJL[SS 18 > Pasar Seni (KJL)] >> SBK[Pasar Seni (SBK) > Taman Connaught],1,1+ transfer,RM 5.50,62 min
SS 18,Taman Suntex,SS 18 → Taman Suntex,5.9,64.0,KJL[SS 18 > Pasar Seni (KJL)] >> SBK[Pasar Seni (SBK) > Taman Suntex],1,1+ transfer,RM 5.90,64 min
SS 18,Sri Raya,SS 18 → Sri Raya,5.7,67.0,KJL[SS 18 > Pasar Seni (KJL)] >> SBK[Pasar Seni (SBK) > Sri Raya],1,1+ transfer,RM 5.70,67 min
SS 18,Bandar Tun Hussein Onn,SS 18 → Bandar Tun Hussein Onn,6.0,69.0,KJL[SS 18 > Pasar Seni (KJL)] >> SBK[Pasar Seni (SBK) > Bandar Tun Hussein Onn],1,1+ transfer,RM 6.00,69 min
SS 18,Batu 11 Cheras,SS 18 → Batu 11 Cheras,6.1,71.0,KJL[SS 18 > Pasar Seni (KJL)] >> SBK[Pasar Seni (SBK) > Batu 11 Cheras],1,1+ transfer,RM 6.10,71 min
SS 18,Bukit Dukung,SS 18 → Bukit Dukung,5.8,74.0,KJL[SS 18 > Pasar Seni (KJL)] >> SBK[Pasar Seni (SBK) > Bukit Dukung],1,1+ transfer,RM 5.80,74 min
SS 18,Sungai Jernih,SS 18 → Sungai Jernih,6.2,78.0,KJL[SS 18 > Pasar Seni (KJL)] >> SBK[Pasar Seni (SBK) > Sungai Jernih],1,1+ transfer,RM 6.20,78 min
SS 18,Stadium Kajang,SS 18 → Stadium Kajang,6.3,79.0,KJL[SS 18 > Pasar Seni (KJL)] >> SBK[Pasar Seni (SBK) > Stadium Kajang],1,1+ transfer,RM 6.30,79 min
SS 18,Kajang,SS 18 → Kajang,5.7,82.0,KJL[SS 18 > Pasar Seni (KJL)] >> SBK[Pasar Seni (SBK) > Kajang],1,1+ transfer,RM 5.70,82 min
USJ 7 (KJL),Taipan,USJ 7 (KJL) → Taipan,1.1,1.0,KJL[USJ 7 (KJL) > Taipan],0,Direct journey,RM 1.10,1 min
USJ 7 (KJL),Wawasan,USJ 7 (KJL) → Wawasan,1.4,4.0,KJL[USJ 7 (KJL) > Wawasan],0,Direct journey,RM 1.40,4 min
USJ 7 (KJL),USJ 21,USJ 7 (KJL) → USJ 21,1.7,6.0,KJL[USJ 7 (KJL) > USJ 21],0,Direct journey,RM 1.70,6 min
USJ 7 (KJL),Alam Megah,USJ 7 (KJL) → Alam Megah,2.0,9.0,KJL[USJ 7 (KJL) > Alam Megah],0,Direct journey,RM 2.00,9 min
USJ 7 (KJL),Subang Alam,USJ 7 (KJL) → Subang Alam,2.3,12.0,KJL[USJ 7 (KJL) > Subang Alam],0,Direct journey,RM 2.30,12 min
USJ 7 (KJL),Putra Heights (KJL),USJ 7 (KJL) → Putra Heights (KJL),2.7,16.0,KJL[USJ 7 (KJL) > Putra Heights (KJL)],0,Direct journey,RM 2.70,16 min
USJ 7 (KJL),Sungai Buloh,USJ 7 (KJL) → Sungai Buloh,5.9,80.0,KJL[USJ 7 (KJL) > Pasar Seni (KJL)] >> SBK[Pasar Seni (SBK) > Sungai Buloh],1,1+ transfer,RM 5.90,80 min
USJ 7 (KJL),Kampung Selamat,USJ 7 (KJL) → Kampung Selamat,6.5,78.0,KJL[USJ 7 (KJL) > Pasar Seni (KJL)] >> SBK[Pasar Seni (SBK) > Kampung Selamat],1,1+ transfer,RM 6.50,78 min
USJ 7 (KJL),Kwasa Damansara,USJ 7 (KJL) → Kwasa Damansara,6.2,76.0,KJL[USJ 7 (KJL) > Pasar Seni (KJL)] >> SBK[Pasar Seni (SBK) > Kwasa Damansara],1,1+ transfer,RM 6.20,76 min
USJ 7 (KJL),Kwasa Sentral,USJ 7 (KJL) → Kwasa Sentral,6.1,73.0,KJL[USJ 7 (KJL) > Pasar Seni (KJL)] >> SBK[Pasar Seni (SBK) > Kwasa Sentral],1,1+ transfer,RM 6.10,73 min
USJ 7 (KJL),Kota Damansara,USJ 7 (KJL) → Kota Damansara,6.2,70.0,KJL[USJ 7 (KJL) > Pasar Seni (KJL)] >> SBK[Pasar Seni (SBK) > Kota Damansara],1,1+ transfer,RM 6.20,70 min
USJ 7 (KJL),Surian,USJ 7 (KJL) → Surian,6.0,67.0,KJL[USJ 7 (KJL) > Pasar Seni (KJL)] >> SBK[Pasar Seni (SBK) > Surian],1,1+ transfer,RM 6.00,67 min
USJ 7 (KJL),Mutiara Damansara,USJ 7 (KJL) → Mutiara Damansara,6.1,64.0,KJL[USJ 7 (KJL) > Pasar Seni (KJL)] >> SBK[Pasar Seni (SBK) > Mutiara Damansara],1,1+ transfer,RM 6.10,64 min
USJ 7 (KJL),Bandar Utama,USJ 7 (KJL) → Bandar Utama,5.8,62.0,KJL[USJ 7 (KJL) > Pasar Seni (KJL)] >> SBK[Pasar Seni (SBK) > Bandar Utama],1,1+ transfer,RM 5.80,62 min
USJ 7 (KJL),TTDI,USJ 7 (KJL) → TTDI,5.5,59.0,KJL[USJ 7 (KJL) > Pasar Seni (KJL)] >> SBK[Pasar Seni (SBK) > TTDI],1,1+ transfer,RM 5.50,59 min
USJ 7 (KJL),Phileo Damansara,USJ 7 (KJL) → Phileo Damansara,5.5,56.0,KJL[USJ 7 (KJL) > Pasar Seni (KJL)] >> SBK[Pasar Seni (SBK) > Phileo Damansara],1,1+ transfer,RM 5.50,56 min
USJ 7 (KJL),Pusat Bandar Damansara,USJ 7 (KJL) → Pusat Bandar Damansara,4.9,52.0,KJL[USJ 7 (KJL) > Pasar Seni (KJL)] >> SBK[Pasar Seni (SBK) > Pusat Bandar Damansara],1,1+ transfer,RM 4.90,52 min
USJ 7 (KJL),Semantan,USJ 7 (KJL) → Semantan,4.7,50.0,KJL[USJ 7 (KJL) > Pasar Seni (KJL)] >> SBK[Pasar Seni (SBK) > Semantan],1,1+ transfer,RM 4.70,50 min
USJ 7 (KJL),Muzium Negara,USJ 7 (KJL) → Muzium Negara,4.0,46.0,KJL[USJ 7 (KJL) > Pasar Seni (KJL)] >> SBK[Pasar Seni (SBK) > Muzium Negara],1,1+ transfer,RM 4.00,46 min
USJ 7 (KJL),Pasar Seni (SBK),USJ 7 (KJL) → Pasar Seni (SBK),3.7,44.0,KJL[USJ 7 (KJL) > Pasar Seni (KJL)] >> SBK[Pasar Seni (SBK) > Pasar Seni (SBK)],1,1+ transfer,RM 3.70,44 min
USJ 7 (KJL),Merdeka,USJ 7 (KJL) → Merdeka,3.7,45.0,KJL[USJ 7 (KJL) > Pasar Seni (KJL)] >> SBK[Pasar Seni (SBK) > Merdeka],1,1+ transfer,RM 3.70,45 min
USJ 7 (KJL),Bukit Bintang,USJ 7 (KJL) → Bukit Bintang,4.1,48.0,KJL[USJ 7 (KJL) > Pasar Seni (KJL)] >> SBK[Pasar Seni (SBK) > Bukit Bintang],1,1+ transfer,RM 4.10,48 min
USJ 7 (KJL),Tun Razak Exchange (TRX),USJ 7 (KJL) → Tun Razak Exchange (TRX),4.5,50.0,KJL[USJ 7 (KJL) > Pasar Seni (KJL)] >> SBK[Pasar Seni (SBK) > Tun Razak Exchange (TRX)],1,1+ transfer,RM 4.50,50 min
USJ 7 (KJL),Cochrane,USJ 7 (KJL) → Cochrane,4.7,53.0,KJL[USJ 7 (KJL) > Pasar Seni (KJL)] >> SBK[Pasar Seni (SBK) > Cochrane],1,1+ transfer,RM 4.70,53 min
USJ 7 (KJL),Maluri (SBK),USJ 7 (KJL) → Maluri (SBK),4.9,54.0,KJL[USJ 7 (KJL) > Pasar Seni (KJL)] >> SBK[Pasar Seni (SBK) > Maluri (SBK)],1,1+ transfer,RM 4.90,54 min
USJ 7 (KJL),Taman Pertama,USJ 7 (KJL) → Taman Pertama,5.3,58.0,KJL[USJ 7 (KJL) > Pasar Seni (KJL)] >> SBK[Pasar Seni (SBK) > Taman Pertama],1,1+ transfer,RM 5.30,58 min
USJ 7 (KJL),Taman Midah,USJ 7 (KJL) → Taman Midah,5.5,60.0,KJL[USJ 7 (KJL) > Pasar Seni (KJL)] >> SBK[Pasar Seni (SBK) > Taman Midah],1,1+ transfer,RM 5.50,60 min
USJ 7 (KJL),Taman Mutiara,USJ 7 (KJL) → Taman Mutiara,5.5,62.0,KJL[USJ 7 (KJL) > Pasar Seni (KJL)] >> SBK[Pasar Seni (SBK) > Taman Mutiara],1,1+ transfer,RM 5.50,62 min
USJ 7 (KJL),Taman Connaught,USJ 7 (KJL) → Taman Connaught,5.7,65.0,KJL[USJ 7 (KJL) > Pasar Seni (KJL)] >> SBK[Pasar Seni (SBK) > Taman Connaught],1,1+ transfer,RM 5.70,65 min
USJ 7 (KJL),Taman Suntex,USJ 7 (KJL) → Taman Suntex,6.2,67.0,KJL[USJ 7 (KJL) > Pasar Seni (KJL)] >> SBK[Pasar Seni (SBK) > Taman Suntex],1,1+ transfer,RM 6.20,67 min
USJ 7 (KJL),Sri Raya,USJ 7 (KJL) → Sri Raya,6.0,70.0,KJL[USJ 7 (KJL) > Pasar Seni (KJL)] >> SBK[Pasar Seni (SBK) > Sri Raya],1,1+ transfer,RM 6.00,70 min
USJ 7 (KJL),Bandar Tun Hussein Onn,USJ 7 (KJL) → Bandar Tun Hussein Onn,6.2,72.0,KJL[USJ 7 (KJL) > Pasar Seni (KJL)] >> SBK[Pasar Seni (SBK) > Bandar Tun Hussein Onn],1,1+ transfer,RM 6.20,72 min
USJ 7 (KJL),Batu 11 Cheras,USJ 7 (KJL) → Batu 11 Cheras,6.3,74.0,KJL[USJ 7 (KJL) > Pasar Seni (KJL)] >> SBK[Pasar Seni (SBK) > Batu 11 Cheras],1,1+ transfer,RM 6.30,74 min
USJ 7 (KJL),Bukit Dukung,USJ 7 (KJL) → Bukit Dukung,6.0,77.0,KJL[USJ 7 (KJL) > Pasar Seni (KJL)] >> SBK[Pasar Seni (SBK) > Bukit Dukung],1,1+ transfer,RM 6.00,77 min
USJ 7 (KJL),Sungai Jernih,USJ 7 (KJL) → Sungai Jernih,6.4,81.0,KJL[USJ 7 (KJL) > Pasar Seni (KJL)] >> SBK[Pasar Seni (SBK) > Sungai Jernih],1,1+ transfer,RM 6.40,81 min
USJ 7 (KJL),Stadium Kajang,USJ 7 (KJL) → Stadium Kajang,6.5,82.0,KJL[USJ 7 (KJL) > Pasar Seni (KJL)] >> SBK[Pasar Seni (SBK) > Stadium Kajang],1,1+ transfer,RM 6.50,82 min
USJ 7 (KJL),Kajang,USJ 7 (KJL) → Kajang,5.9,85.0,KJL[USJ 7 (KJL) > Pasar Seni (KJL)] >> SBK[Pasar Seni (SBK) > Kajang],1,1+ transfer,RM 5.90,85 min
Taipan,Wawasan,Taipan → Wawasan,1.2,3.0,KJL[Taipan > Wawasan],0,Direct journey,RM 1.20,3 min
Taipan,USJ 21,Taipan → USJ 21,1.5,5.0,KJL[Taipan > USJ 21],0,Direct journey,RM 1.50,5 min
Taipan,Alam Megah,Taipan → Alam Megah,1.8,8.0,KJL[Taipan > Alam Megah],0,Direct journey,RM 1.80,8 min
Taipan,Subang Alam,Taipan → Subang Alam,2.2,11.0,KJL[Taipan > Subang Alam],0,Direct journey,RM 2.20,11 min
Taipan,Putra Heights (KJL),Taipan → Putra Heights (KJL),2.5,15.0,KJL[Taipan > Putra Heights (KJL)],0,Direct journey,RM 2.50,15 min
Taipan,Sungai Buloh,Taipan → Sungai Buloh,6.0,81.0,KJL[Taipan > Pasar Seni (KJL)] >> SBK[Pasar Seni (SBK) > Sungai Buloh],1,1+ transfer,RM 6.00,81 min
Taipan,Kampung Selamat,Taipan → Kampung Selamat,6.6,79.0,KJL[Taipan > Pasar Seni (KJL)] >> SBK[Pasar Seni (SBK) > Kampung Selamat],1,1+ transfer,RM 6.60,79 min
Taipan,Kwasa Damansara,Taipan → Kwasa Damansara,6.3,77.0,KJL[Taipan > Pasar Seni (KJL)] >> SBK[Pasar Seni (SBK) > Kwasa Damansara],1,1+ transfer,RM 6.30,77 min
Taipan,Kwasa Sentral,Taipan → Kwasa Sentral,6.2,74.0,KJL[Taipan > Pasar Seni (KJL)] >> SBK[Pasar Seni (SBK) > Kwasa Sentral],1,1+ transfer,RM 6.20,74 min
Taipan,Kota Damansara,Taipan → Kota Damansara,6.3,71.0,KJL[Taipan > Pasar Seni (KJL)] >> SBK[Pasar Seni (SBK) > Kota Damansara],1,1+ transfer,RM 6.30,71 min
Taipan,Surian,Taipan → Surian,6.1,68.0,KJL[Taipan > Pasar Seni (KJL)] >> SBK[Pasar Seni (SBK) > Surian],1,1+ transfer,RM 6.10,68 min
Taipan,Mutiara Damansara,Taipan → Mutiara Damansara,6.2,65.0,KJL[Taipan > Pasar Seni (KJL)] >> SBK[Pasar Seni (SBK) > Mutiara Damansara],1,1+ transfer,RM 6.20,65 min
Taipan,Bandar Utama,Taipan → Bandar Utama,5.9,63.0,KJL[Taipan > Pasar Seni (KJL)] >> SBK[Pasar Seni (SBK) > Bandar Utama],1,1+ transfer,RM 5.90,63 min
Taipan,TTDI,Taipan → TTDI,5.6,60.0,KJL[Taipan > Pasar Seni (KJL)] >> SBK[Pasar Seni (SBK) > TTDI],1,1+ transfer,RM 5.60,60 min
Taipan,Phileo Damansara,Taipan → Phileo Damansara,5.6,57.0,KJL[Taipan > Pasar Seni (KJL)] >> SBK[Pasar Seni (SBK) > Phileo Damansara],1,1+ transfer,RM 5.60,57 min
Taipan,Pusat Bandar Damansara,Taipan → Pusat Bandar Damansara,5.0,53.0,KJL[Taipan > Pasar Seni (KJL)] >> SBK[Pasar Seni (SBK) > Pusat Bandar Damansara],1,1+ transfer,RM 5.00,53 min
Taipan,Semantan,Taipan → Semantan,4.8,51.0,KJL[Taipan > Pasar Seni (KJL)] >> SBK[Pasar Seni (SBK) > Semantan],1,1+ transfer,RM 4.80,51 min
Taipan,Muzium Negara,Taipan → Muzium Negara,4.1,47.0,KJL[Taipan > Pasar Seni (KJL)] >> SBK[Pasar Seni (SBK) > Muzium Negara],1,1+ transfer,RM 4.10,47 min
Taipan,Pasar Seni (SBK),Taipan → Pasar Seni (SBK),3.8,45.0,KJL[Taipan > Pasar Seni (KJL)] >> SBK[Pasar Seni (SBK) > Pasar Seni (SBK)],1,1+ transfer,RM 3.80,45 min
Taipan,Merdeka,Taipan → Merdeka,3.9,46.0,KJL[Taipan > Pasar Seni (KJL)] >> SBK[Pasar Seni (SBK) > Merdeka],1,1+ transfer,RM 3.90,46 min
Taipan,Bukit Bintang,Taipan → Bukit Bintang,4.2,49.0,KJL[Taipan > Pasar Seni (KJL)] >> SBK[Pasar Seni (SBK) > Bukit Bintang],1,1+ transfer,RM 4.20,49 min
Taipan,Tun Razak Exchange (TRX),Taipan → Tun Razak Exchange (TRX),4.6,51.0,KJL[Taipan > Pasar Seni (KJL)] >> SBK[Pasar Seni (SBK) > Tun Razak Exchange (TRX)],1,1+ transfer,RM 4.60,51 min
Taipan,Cochrane,Taipan → Cochrane,4.8,54.0,KJL[Taipan > Pasar Seni (KJL)] >> SBK[Pasar Seni (SBK) > Cochrane],1,1+ transfer,RM 4.80,54 min
Taipan,Maluri (SBK),Taipan → Maluri (SBK),5.0,55.0,KJL[Taipan > Pasar Seni (KJL)] >> SBK[Pasar Seni (SBK) > Maluri (SBK)],1,1+ transfer,RM 5.00,55 min
Taipan,Taman Pertama,Taipan → Taman Pertama,5.4,59.0,KJL[Taipan > Pasar Seni (KJL)] >> SBK[Pasar Seni (SBK) > Taman Pertama],1,1+ transfer,RM 5.40,59 min
Taipan,Taman Midah,Taipan → Taman Midah,5.6,61.0,KJL[Taipan > Pasar Seni (KJL)] >> SBK[Pasar Seni (SBK) > Taman Midah],1,1+ transfer,RM 5.60,61 min
Taipan,Taman Mutiara,Taipan → Taman Mutiara,5.6,63.0,KJL[Taipan > Pasar Seni (KJL)] >> SBK[Pasar Seni (SBK) > Taman Mutiara],1,1+ transfer,RM 5.60,63 min
Taipan,Taman Connaught,Taipan → Taman Connaught,5.8,66.0,KJL[Taipan > Pasar Seni (KJL)] >> SBK[Pasar Seni (SBK) > Taman Connaught],1,1+ transfer,RM 5.80,66 min
Taipan,Taman Suntex,Taipan → Taman Suntex,6.3,68.0,KJL[Taipan > Pasar Seni (KJL)] >> SBK[Pasar Seni (SBK) > Taman Suntex],1,1+ transfer,RM 6.30,68 min
Taipan,Sri Raya,Taipan → Sri Raya,6.1,71.0,KJL[Taipan > Pasar Seni (KJL)] >> SBK[Pasar Seni (SBK) > Sri Raya],1,1+ transfer,RM 6.10,71 min
Taipan,Bandar Tun Hussein Onn,Taipan → Bandar Tun Hussein Onn,6.3,73.0,KJL[Taipan > Pasar Seni (KJL)] >> SBK[Pasar Seni (SBK) > Bandar Tun Hussein Onn],1,1+ transfer,RM 6.30,73 min
Taipan,Batu 11 Cheras,Taipan → Batu 11 Cheras,6.4,75.0,KJL[Taipan > Pasar Seni (KJL)] >> SBK[Pasar Seni (SBK) > Batu 11 Cheras],1,1+ transfer,RM 6.40,75 min
Taipan,Bukit Dukung,Taipan → Bukit Dukung,6.1,78.0,KJL[Taipan > Pasar Seni (KJL)] >> SBK[Pasar Seni (SBK) > Bukit Dukung],1,1+ transfer,RM 6.10,78 min
Taipan,Sungai Jernih,Taipan → Sungai Jernih,6.5,82.0,KJL[Taipan > Pasar Seni (KJL)] >> SBK[Pasar Seni (SBK) > Sungai Jernih],1,1+ transfer,RM 6.50,82 min
Taipan,Stadium Kajang,Taipan → Stadium Kajang,6.6,83.0,KJL[Taipan > Pasar Seni (KJL)] >> SBK[Pasar Seni (SBK) > Stadium Kajang],1,1+ transfer,RM 6.60,83 min
Taipan,Kajang,Taipan → Kajang,6.0,86.0,KJL[Taipan > Pasar Seni (KJL)] >> SBK[Pasar Seni (SBK) > Kajang],1,1+ transfer,RM 6.00,86 min
Wawasan,USJ 21,Wawasan → USJ 21,1.1,2.0,KJL[Wawasan > USJ 21],0,Direct journey,RM 1.10,2 min
Wawasan,Alam Megah,Wawasan → Alam Megah,1.6,5.0,KJL[Wawasan > Alam Megah],0,Direct journey,RM 1.60,5 min
Wawasan,Subang Alam,Wawasan → Subang Alam,1.8,8.0,KJL[Wawasan > Subang Alam],0,Direct journey,RM 1.80,8 min
Wawasan,Putra Heights (KJL),Wawasan → Putra Heights (KJL),2.2,12.0,KJL[Wawasan > Putra Heights (KJL)],0,Direct journey,RM 2.20,12 min
Wawasan,Sungai Buloh,Wawasan → Sungai Buloh,5.5,84.0,KJL[Wawasan > Pasar Seni (KJL)] >> SBK[Pasar Seni (SBK) > Sungai Buloh],1,1+ transfer,RM 5.50,84 min
Wawasan,Kampung Selamat,Wawasan → Kampung Selamat,6.1,82.0,KJL[Wawasan > Pasar Seni (KJL)] >> SBK[Pasar Seni (SBK) > Kampung Selamat],1,1+ transfer,RM 6.10,82 min
Wawasan,Kwasa Damansara,Wawasan → Kwasa Damansara,5.7,80.0,KJL[Wawasan > Pasar Seni (KJL)] >> SBK[Pasar Seni (SBK) > Kwasa Damansara],1,1+ transfer,RM 5.70,80 min
Wawasan,Kwasa Sentral,Wawasan → Kwasa Sentral,5.6,77.0,KJL[Wawasan > Pasar Seni (KJL)] >> SBK[Pasar Seni (SBK) > Kwasa Sentral],1,1+ transfer,RM 5.60,77 min
Wawasan,Kota Damansara,Wawasan → Kota Damansara,5.8,74.0,KJL[Wawasan > Pasar Seni (KJL)] >> SBK[Pasar Seni (SBK) > Kota Damansara],1,1+ transfer,RM 5.80,74 min
Wawasan,Surian,Wawasan → Surian,5.5,71.0,KJL[Wawasan > Pasar Seni (KJL)] >> SBK[Pasar Seni (SBK) > Surian],1,1+ transfer,RM 5.50,71 min
Wawasan,Mutiara Damansara,Wawasan → Mutiara Damansara,5.6,68.0,KJL[Wawasan > Pasar Seni (KJL)] >> SBK[Pasar Seni (SBK) > Mutiara Damansara],1,1+ transfer,RM 5.60,68 min
Wawasan,Bandar Utama,Wawasan → Bandar Utama,5.3,66.0,KJL[Wawasan > Pasar Seni (KJL)] >> SBK[Pasar Seni (SBK) > Bandar Utama],1,1+ transfer,RM 5.30,66 min
Wawasan,TTDI,Wawasan → TTDI,5.0,63.0,KJL[Wawasan > Pasar Seni (KJL)] >> SBK[Pasar Seni (SBK) > TTDI],1,1+ transfer,RM 5.00,63 min
Wawasan,Phileo Damansara,Wawasan → Phileo Damansara,5.1,60.0,KJL[Wawasan > Pasar Seni (KJL)] >> SBK[Pasar Seni (SBK) > Phileo Damansara],1,1+ transfer,RM 5.10,60 min
Wawasan,Pusat Bandar Damansara,Wawasan → Pusat Bandar Damansara,4.4,56.0,KJL[Wawasan > Pasar Seni (KJL)] >> SBK[Pasar Seni (SBK) > Pusat Bandar Damansara],1,1+ transfer,RM 4.40,56 min
Wawasan,Semantan,Wawasan → Semantan,4.2,54.0,KJL[Wawasan > Pasar Seni (KJL)] >> SBK[Pasar Seni (SBK) > Semantan],1,1+ transfer,RM 4.20,54 min
Wawasan,Muzium Negara,Wawasan → Muzium Negara,3.5,50.0,KJL[Wawasan > Pasar Seni (KJL)] >> SBK[Pasar Seni (SBK) > Muzium Negara],1,1+ transfer,RM 3.50,50 min
Wawasan,Pasar Seni (SBK),Wawasan → Pasar Seni (SBK),3.2,48.0,KJL[Wawasan > Pasar Seni (KJL)] >> SBK[Pasar Seni (SBK) > Pasar Seni (SBK)],1,1+ transfer,RM 3.20,48 min
Wawasan,Merdeka,Wawasan → Merdeka,3.4,49.0,KJL[Wawasan > Pasar Seni (KJL)] >> SBK[Pasar Seni (SBK) > Merdeka],1,1+ transfer,RM 3.40,49 min
Wawasan,Bukit Bintang,Wawasan → Bukit Bintang,3.7,52.0,KJL[Wawasan > Pasar Seni (KJL)] >> SBK[Pasar Seni (SBK) > Bukit Bintang],1,1+ transfer,RM 3.70,52 min
Wawasan,Tun Razak Exchange (TRX),Wawasan → Tun Razak Exchange (TRX),4.0,54.0,KJL[Wawasan > Pasar Seni (KJL)] >> SBK[Pasar Seni (SBK) > Tun Razak Exchange (TRX)],1,1+ transfer,RM 4.00,54 min
Wawasan,Cochrane,Wawasan → Cochrane,4.2,57.0,KJL[Wawasan > Pasar Seni (KJL)] >> SBK[Pasar Seni (SBK) > Cochrane],1,1+ transfer,RM 4.20,57 min
Wawasan,Maluri (SBK),Wawasan → Maluri (SBK),4.4,58.0,KJL[Wawasan > Pasar Seni (KJL)] >> SBK[Pasar Seni (SBK) > Maluri (SBK)],1,1+ transfer,RM 4.40,58 min
Wawasan,Taman Pertama,Wawasan → Taman Pertama,4.8,62.0,KJL[Wawasan > Pasar Seni (KJL)] >> SBK[Pasar Seni (SBK) > Taman Pertama],1,1+ transfer,RM 4.80,62 min
Wawasan,Taman Midah,Wawasan → Taman Midah,5.0,64.0,KJL[Wawasan > Pasar Seni (KJL)] >> SBK[Pasar Seni (SBK) > Taman Midah],1,1+ transfer,RM 5.00,64 min
Wawasan,Taman Mutiara,Wawasan → Taman Mutiara,5.0,66.0,KJL[Wawasan > Pasar Seni (KJL)] >> SBK[Pasar Seni (SBK) > Taman Mutiara],1,1+ transfer,RM 5.00,66 min
Wawasan,Taman Connaught,Wawasan → Taman Connaught,5.3,69.0,KJL[Wawasan > Pasar Seni (KJL)] >> SBK[Pasar Seni (SBK) > Taman Connaught],1,1+ transfer,RM 5.30,69 min
Wawasan,Taman Suntex,Wawasan → Taman Suntex,5.7,71.0,KJL[Wawasan > Pasar Seni (KJL)] >> SBK[Pasar Seni (SBK) > Taman Suntex],1,1+ transfer,RM 5.70,71 min
Wawasan,Sri Raya,Wawasan → Sri Raya,5.5,74.0,KJL[Wawasan > Pasar Seni (KJL)] >> SBK[Pasar Seni (SBK) > Sri Raya],1,1+ transfer,RM 5.50,74 min
Wawasan,Bandar Tun Hussein Onn,Wawasan → Bandar Tun Hussein Onn,5.7,76.0,KJL[Wawasan > Pasar Seni (KJL)] >> SBK[Pasar Seni (SBK) > Bandar Tun Hussein Onn],1,1+ transfer,RM 5.70,76 min
Wawasan,Batu 11 Cheras,Wawasan → Batu 11 Cheras,5.9,78.0,KJL[Wawasan > Pasar Seni (KJL)] >> SBK[Pasar Seni (SBK) > Batu 11 Cheras],1,1+ transfer,RM 5.90,78 min
Wawasan,Bukit Dukung,Wawasan → Bukit Dukung,5.5,81.0,KJL[Wawasan > Pasar Seni (KJL)] >> SBK[Pasar Seni (SBK) > Bukit Dukung],1,1+ transfer,RM 5.50,81 min
Wawasan,Sungai Jernih,Wawasan → Sungai Jernih,5.9,85.0,KJL[Wawasan > Pasar Seni (KJL)] >> SBK[Pasar Seni (SBK) > Sungai Jernih],1,1+ transfer,RM 5.90,85 min
Wawasan,Stadium Kajang,Wawasan → Stadium Kajang,6.0,86.0,KJL[Wawasan > Pasar Seni (KJL)] >> SBK[Pasar Seni (SBK) > Stadium Kajang],1,1+ transfer,RM 6.00,86 min
Wawasan,Kajang,Wawasan → Kajang,5.5,89.0,KJL[Wawasan > Pasar Seni (KJL)] >> SBK[Pasar Seni (SBK) > Kajang],1,1+ transfer,RM 5.50,89 min
USJ 21,Alam Megah,USJ 21 → Alam Megah,1.3,3.0,KJL[USJ 21 > Alam Megah],0,Direct journey,RM 1.30,3 min
USJ 21,Subang Alam,USJ 21 → Subang Alam,1.7,6.0,KJL[USJ 21 > Subang Alam],0,Direct journey,RM 1.70,6 min
USJ 21,Putra Heights (KJL),USJ 21 → Putra Heights (KJL),2.0,10.0,KJL[USJ 21 > Putra Heights (KJL)],0,Direct journey,RM 2.00,10 min
USJ 21,Sungai Buloh,USJ 21 → Sungai Buloh,5.6,86.0,KJL[USJ 21 > Pasar Seni (KJL)] >> SBK[Pasar Seni (SBK) > Sungai Buloh],1,1+ transfer,RM 5.60,86 min
USJ 21,Kampung Selamat,USJ 21 → Kampung Selamat,6.2,84.0,KJL[USJ 21 > Pasar Seni (KJL)] >> SBK[Pasar Seni (SBK) > Kampung Selamat],1,1+ transfer,RM 6.20,84 min
USJ 21,Kwasa Damansara,USJ 21 → Kwasa Damansara,5.8,82.0,KJL[USJ 21 > Pasar Seni (KJL)] >> SBK[Pasar Seni (SBK) > Kwasa Damansara],1,1+ transfer,RM 5.80,82 min
USJ 21,Kwasa Sentral,USJ 21 → Kwasa Sentral,5.7,79.0,KJL[USJ 21 > Pasar Seni (KJL)] >> SBK[Pasar Seni (SBK) > Kwasa Sentral],1,1+ transfer,RM 5.70,79 min
USJ 21,Kota Damansara,USJ 21 → Kota Damansara,5.9,76.0,KJL[USJ 21 > Pasar Seni (KJL)] >> SBK[Pasar Seni (SBK) > Kota Damansara],1,1+ transfer,RM 5.90,76 min
USJ 21,Surian,USJ 21 → Surian,5.6,73.0,KJL[USJ 21 > Pasar Seni (KJL)] >> SBK[Pasar Seni (SBK) > Surian],1,1+ transfer,RM 5.60,73 min
USJ 21,Mutiara Damansara,USJ 21 → Mutiara Damansara,5.7,70.0,KJL[USJ 21 > Pasar Seni (KJL)] >> SBK[Pasar Seni (SBK) > Mutiara Damansara],1,1+ transfer,RM 5.70,70 min
USJ 21,Bandar Utama,USJ 21 → Bandar Utama,5.4,68.0,KJL[USJ 21 > Pasar Seni (KJL)] >> SBK[Pasar Seni (SBK) > Bandar Utama],1,1+ transfer,RM 5.40,68 min
USJ 21,TTDI,USJ 21 → TTDI,5.1,65.0,KJL[USJ 21 > Pasar Seni (KJL)] >> SBK[Pasar Seni (SBK) > TTDI],1,1+ transfer,RM 5.10,65 min
USJ 21,Phileo Damansara,USJ 21 → Phileo Damansara,5.2,62.0,KJL[USJ 21 > Pasar Seni (KJL)] >> SBK[Pasar Seni (SBK) > Phileo Damansara],1,1+ transfer,RM 5.20,62 min
USJ 21,Pusat Bandar Damansara,USJ 21 → Pusat Bandar Damansara,4.5,58.0,KJL[USJ 21 > Pasar Seni (KJL)] >> SBK[Pasar Seni (SBK) > Pusat Bandar Damansara],1,1+ transfer,RM 4.50,58 min
USJ 21,Semantan,USJ 21 → Semantan,4.3,56.0,KJL[USJ 21 > Pasar Seni (KJL)] >> SBK[Pasar Seni (SBK) > Semantan],1,1+ transfer,RM 4.30,56 min
USJ 21,Muzium Negara,USJ 21 → Muzium Negara,3.6,52.0,KJL[USJ 21 > Pasar Seni (KJL)] >> SBK[Pasar Seni (SBK) > Muzium Negara],1,1+ transfer,RM 3.60,52 min
USJ 21,Pasar Seni (SBK),USJ 21 → Pasar Seni (SBK),3.3,50.0,KJL[USJ 21 > Pasar Seni (KJL)] >> SBK[Pasar Seni (SBK) > Pasar Seni (SBK)],1,1+ transfer,RM 3.30,50 min
USJ 21,Merdeka,USJ 21 → Merdeka,3.5,51.0,KJL[USJ 21 > Pasar Seni (KJL)] >> SBK[Pasar Seni (SBK) > Merdeka],1,1+ transfer,RM 3.50,51 min
USJ 21,Bukit Bintang,USJ 21 → Bukit Bintang,3.8,54.0,KJL[USJ 21 > Pasar Seni (KJL)] >> SBK[Pasar Seni (SBK) > Bukit Bintang],1,1+ transfer,RM 3.80,54 min
USJ 21,Tun Razak Exchange (TRX),USJ 21 → Tun Razak Exchange (TRX),4.1,56.0,KJL[USJ 21 > Pasar Seni (KJL)] >> SBK[Pasar Seni (SBK) > Tun Razak Exchange (TRX)],1,1+ transfer,RM 4.10,56 min
USJ 21,Cochrane,USJ 21 → Cochrane,4.3,59.0,KJL[USJ 21 > Pasar Seni (KJL)] >> SBK[Pasar Seni (SBK) > Cochrane],1,1+ transfer,RM 4.30,59 min
USJ 21,Maluri (SBK),USJ 21 → Maluri (SBK),4.5,60.0,KJL[USJ 21 > Pasar Seni (KJL)] >> SBK[Pasar Seni (SBK) > Maluri (SBK)],1,1+ transfer,RM 4.50,60 min
USJ 21,Taman Pertama,USJ 21 → Taman Pertama,4.9,64.0,KJL[USJ 21 > Pasar Seni (KJL)] >> SBK[Pasar Seni (SBK) > Taman Pertama],1,1+ transfer,RM 4.90,64 min
USJ 21,Taman Midah,USJ 21 → Taman Midah,5.1,66.0,KJL[USJ 21 > Pasar Seni (KJL)] >> SBK[Pasar Seni (SBK) > Taman Midah],1,1+ transfer,RM 5.10,66 min
USJ 21,Taman Mutiara,USJ 21 → Taman Mutiara,5.1,68.0,KJL[USJ 21 > Pasar Seni (KJL)] >> SBK[Pasar Seni (SBK) > Taman Mutiara],1,1+ transfer,RM 5.10,68 min
USJ 21,Taman Connaught,USJ 21 → Taman Connaught,5.4,71.0,KJL[USJ 21 > Pasar Seni (KJL)] >> SBK[Pasar Seni (SBK) > Taman Connaught],1,1+ transfer,RM 5.40,71 min
USJ 21,Taman Suntex,USJ 21 → Taman Suntex,5.8,73.0,KJL[USJ 21 > Pasar Seni (KJL)] >> SBK[Pasar Seni (SBK) > Taman Suntex],1,1+ transfer,RM 5.80,73 min
USJ 21,Sri Raya,USJ 21 → Sri Raya,5.6,76.0,KJL[USJ 21 > Pasar Seni (KJL)] >> SBK[Pasar Seni (SBK) > Sri Raya],1,1+ transfer,RM 5.60,76 min
USJ 21,Bandar Tun Hussein Onn,USJ 21 → Bandar Tun Hussein Onn,5.8,78.0,KJL[USJ 21 > Pasar Seni (KJL)] >> SBK[Pasar Seni (SBK) > Bandar Tun Hussein Onn],1,1+ transfer,RM 5.80,78 min
USJ 21,Batu 11 Cheras,USJ 21 → Batu 11 Cheras,6.0,80.0,KJL[USJ 21 > Pasar Seni (KJL)] >> SBK[Pasar Seni (SBK) > Batu 11 Cheras],1,1+ transfer,RM 6.00,80 min
USJ 21,Bukit Dukung,USJ 21 → Bukit Dukung,5.6,83.0,KJL[USJ 21 > Pasar Seni (KJL)] >> SBK[Pasar Seni (SBK) > Bukit Dukung],1,1+ transfer,RM 5.60,83 min
USJ 21,Sungai Jernih,USJ 21 → Sungai Jernih,6.0,87.0,KJL[USJ 21 > Pasar Seni (KJL)] >> SBK[Pasar Seni (SBK) > Sungai Jernih],1,1+ transfer,RM 6.00,87 min
USJ 21,Stadium Kajang,USJ 21 → Stadium Kajang,6.1,88.0,KJL[USJ 21 > Pasar Seni (KJL)] >> SBK[Pasar Seni (SBK) > Stadium Kajang],1,1+ transfer,RM 6.10,88 min
USJ 21,Kajang,USJ 21 → Kajang,5.6,91.0,KJL[USJ 21 > Pasar Seni (KJL)] >> SBK[Pasar Seni (SBK) > Kajang],1,1+ transfer,RM 5.60,91 min
Alam Megah,Subang Alam,Alam Megah → Subang Alam,1.2,3.0,KJL[Alam Megah > Subang Alam],0,Direct journey,RM 1.20,3 min
Alam Megah,Putra Heights (KJL),Alam Megah → Putra Heights (KJL),1.6,7.0,KJL[Alam Megah > Putra Heights (KJL)],0,Direct journey,RM 1.60,7 min
Alam Megah,Sungai Buloh,Alam Megah → Sungai Buloh,5.7,89.0,KJL[Alam Megah > Pasar Seni (KJL)] >> SBK[Pasar Seni (SBK) > Sungai Buloh],1,1+ transfer,RM 5.70,89 min
Alam Megah,Kampung Selamat,Alam Megah → Kampung Selamat,6.3,87.0,KJL[Alam Megah > Pasar Seni (KJL)] >> SBK[Pasar Seni (SBK) > Kampung Selamat],1,1+ transfer,RM 6.30,87 min
Alam Megah,Kwasa Damansara,Alam Megah → Kwasa Damansara,6.0,85.0,KJL[Alam Megah > Pasar Seni (KJL)] >> SBK[Pasar Seni (SBK) > Kwasa Damansara],1,1+ transfer,RM 6.00,85 min
Alam Megah,Kwasa Sentral,Alam Megah → Kwasa Sentral,5.9,82.0,KJL[Alam Megah > Pasar Seni (KJL)] >> SBK[Pasar Seni (SBK) > Kwasa Sentral],1,1+ transfer,RM 5.90,82 min
Alam Megah,Kota Damansara,Alam Megah → Kota Damansara,6.0,79.0,KJL[Alam Megah > Pasar Seni (KJL)] >> SBK[Pasar Seni (SBK) > Kota Damansara],1,1+ transfer,RM 6.00,79 min
Alam Megah,Surian,Alam Megah → Surian,5.8,76.0,KJL[Alam Megah > Pasar Seni (KJL)] >> SBK[Pasar Seni (SBK) > Surian],1,1+ transfer,RM 5.80,76 min
Alam Megah,Mutiara Damansara,Alam Megah → Mutiara Damansara,5.9,73.0,KJL[Alam Megah > Pasar Seni (KJL)] >> SBK[Pasar Seni (SBK) > Mutiara Damansara],1,1+ transfer,RM 5.90,73 min
Alam Megah,Bandar Utama,Alam Megah → Bandar Utama,5.6,71.0,KJL[Alam Megah > Pasar Seni (KJL)] >> SBK[Pasar Seni (SBK) > Bandar Utama],1,1+ transfer,RM 5.60,71 min
Alam Megah,TTDI,Alam Megah → TTDI,5.3,68.0,KJL[Alam Megah > Pasar Seni (KJL)] >> SBK[Pasar Seni (SBK) > TTDI],1,1+ transfer,RM 5.30,68 min
Alam Megah,Phileo Damansara,Alam Megah → Phileo Damansara,5.3,65.0,KJL[Alam Megah > Pasar Seni (KJL)] >> SBK[Pasar Seni (SBK) > Phileo Damansara],1,1+ transfer,RM 5.30,65 min
Alam Megah,Pusat Bandar Damansara,Alam Megah → Pusat Bandar Damansara,4.7,61.0,KJL[Alam Megah > Pasar Seni (KJL)] >> SBK[Pasar Seni (SBK) > Pusat Bandar Damansara],1,1+ transfer,RM 4.70,61 min
Alam Megah,Semantan,Alam Megah → Semantan,4.5,59.0,KJL[Alam Megah > Pasar Seni (KJL)] >> SBK[Pasar Seni (SBK) > Semantan],1,1+ transfer,RM 4.50,59 min
Alam Megah,Muzium Negara,Alam Megah → Muzium Negara,3.8,55.0,KJL[Alam Megah > Pasar Seni (KJL)] >> SBK[Pasar Seni (SBK) > Muzium Negara],1,1+ transfer,RM 3.80,55 min
Alam Megah,Pasar Seni (SBK),Alam Megah → Pasar Seni (SBK),3.5,53.0,KJL[Alam Megah > Pasar Seni (KJL)] >> SBK[Pasar Seni (SBK) > Pasar Seni (SBK)],1,1+ transfer,RM 3.50,53 min
Alam Megah,Merdeka,Alam Megah → Merdeka,3.6,54.0,KJL[Alam Megah > Pasar Seni (KJL)] >> SBK[Pasar Seni (SBK) > Merdeka],1,1+ transfer,RM 3.60,54 min
Alam Megah,Bukit Bintang,Alam Megah → Bukit Bintang,3.9,57.0,KJL[Alam Megah > Pasar Seni (KJL)] >> SBK[Pasar Seni (SBK) > Bukit Bintang],1,1+ transfer,RM 3.90,57 min
Alam Megah,Tun Razak Exchange (TRX),Alam Megah → Tun Razak Exchange (TRX),4.3,59.0,KJL[Alam Megah > Pasar Seni (KJL)] >> SBK[Pasar Seni (SBK) > Tun Razak Exchange (TRX)],1,1+ transfer,RM 4.30,59 min
Alam Megah,Cochrane,Alam Megah → Cochrane,4.5,62.0,KJL[Alam Megah > Pasar Seni (KJL)] >> SBK[Pasar Seni (SBK) > Cochrane],1,1+ transfer,RM 4.50,62 min
Alam Megah,Maluri (SBK),Alam Megah → Maluri (SBK),4.4,63.0,KJL[Alam Megah > Pasar Seni (KJL)] >> SBK[Pasar Seni (SBK) > Maluri (SBK)],1,1+ transfer,RM 4.40,63 min
Alam Megah,Taman Pertama,Alam Megah → Taman Pertama,4.8,67.0,KJL[Alam Megah > Pasar Seni (KJL)] >> SBK[Pasar Seni (SBK) > Taman Pertama],1,1+ transfer,RM 4.80,67 min
Alam Megah,Taman Midah,Alam Megah → Taman Midah,5.1,69.0,KJL[Alam Megah > Pasar Seni (KJL)] >> SBK[Pasar Seni (SBK) > Taman Midah],1,1+ transfer,RM 5.10,69 min
Alam Megah,Taman Mutiara,Alam Megah → Taman Mutiara,5.4,71.0,KJL[Alam Megah > Pasar Seni (KJL)] >> SBK[Pasar Seni (SBK) > Taman Mutiara],1,1+ transfer,RM 5.40,71 min
Alam Megah,Taman Connaught,Alam Megah → Taman Connaught,5.7,74.0,KJL[Alam Megah > Pasar Seni (KJL)] >> SBK[Pasar Seni (SBK) > Taman Connaught],1,1+ transfer,RM 5.70,74 min
Alam Megah,Taman Suntex,Alam Megah → Taman Suntex,6.2,76.0,KJL[Alam Megah > Pasar Seni (KJL)] >> SBK[Pasar Seni (SBK) > Taman Suntex],1,1+ transfer,RM 6.20,76 min
Alam Megah,Sri Raya,Alam Megah → Sri Raya,6.1,79.0,KJL[Alam Megah > Pasar Seni (KJL)] >> SBK[Pasar Seni (SBK) > Sri Raya],1,1+ transfer,RM 6.10,79 min
Alam Megah,Bandar Tun Hussein Onn,Alam Megah → Bandar Tun Hussein Onn,6.4,81.0,KJL[Alam Megah > Pasar Seni (KJL)] >> SBK[Pasar Seni (SBK) > Bandar Tun Hussein Onn],1,1+ transfer,RM 6.40,81 min
Alam Megah,Batu 11 Cheras,Alam Megah → Batu 11 Cheras,6.6,83.0,KJL[Alam Megah > Pasar Seni (KJL)] >> SBK[Pasar Seni (SBK) > Batu 11 Cheras],1,1+ transfer,RM 6.60,83 min
Alam Megah,Bukit Dukung,Alam Megah → Bukit Dukung,6.5,86.0,KJL[Alam Megah > Pasar Seni (KJL)] >> SBK[Pasar Seni (SBK) > Bukit Dukung],1,1+ transfer,RM 6.50,86 min
Alam Megah,Sungai Jernih,Alam Megah → Sungai Jernih,7.0,90.0,KJL[Alam Megah > Pasar Seni (KJL)] >> SBK[Pasar Seni (SBK) > Sungai Jernih],1,1+ transfer,RM 7.00,90 min
Alam Megah,Stadium Kajang,Alam Megah → Stadium Kajang,7.1,91.0,KJL[Alam Megah > Pasar Seni (KJL)] >> SBK[Pasar Seni (SBK) > Stadium Kajang],1,1+ transfer,RM 7.10,91 min
Alam Megah,Kajang,Alam Megah → Kajang,6.7,94.0,KJL[Alam Megah > Pasar Seni (KJL)] >> SBK[Pasar Seni (SBK) > Kajang],1,1+ transfer,RM 6.70,94 min
Subang Alam,Putra Heights (KJL),Subang Alam → Putra Heights (KJL),1.3,4.0,KJL[Subang Alam > Putra Heights (KJL)],0,Direct journey,RM 1.30,4 min
Subang Alam,Sungai Buloh,Subang Alam → Sungai Buloh,5.9,92.0,KJL[Subang Alam > Pasar Seni (KJL)] >> SBK[Pasar Seni (SBK) > Sungai Buloh],1,1+ transfer,RM 5.90,92 min
Subang Alam,Kampung Selamat,Subang Alam → Kampung Selamat,6.5,90.0,KJL[Subang Alam > Pasar Seni (KJL)] >> SBK[Pasar Seni (SBK) > Kampung Selamat],1,1+ transfer,RM 6.50,90 min
Subang Alam,Kwasa Damansara,Subang Alam → Kwasa Damansara,6.1,88.0,KJL[Subang Alam > Pasar Seni (KJL)] >> SBK[Pasar Seni (SBK) > Kwasa Damansara],1,1+ transfer,RM 6.10,88 min
Subang Alam,Kwasa Sentral,Subang Alam → Kwasa Sentral,6.0,85.0,KJL[Subang Alam > Pasar Seni (KJL)] >> SBK[Pasar Seni (SBK) > Kwasa Sentral],1,1+ transfer,RM 6.00,85 min
Subang Alam,Kota Damansara,Subang Alam → Kota Damansara,6.2,82.0,KJL[Subang Alam > Pasar Seni (KJL)] >> SBK[Pasar Seni (SBK) > Kota Damansara],1,1+ transfer,RM 6.20,82 min
Subang Alam,Surian,Subang Alam → Surian,5.9,79.0,KJL[Subang Alam > Pasar Seni (KJL)] >> SBK[Pasar Seni (SBK) > Surian],1,1+ transfer,RM 5.90,79 min
Subang Alam,Mutiara Damansara,Subang Alam → Mutiara Damansara,6.0,76.0,KJL[Subang Alam > Pasar Seni (KJL)] >> SBK[Pasar Seni (SBK) > Mutiara Damansara],1,1+ transfer,RM 6.00,76 min
Subang Alam,Bandar Utama,Subang Alam → Bandar Utama,5.7,74.0,KJL[Subang Alam > Pasar Seni (KJL)] >> SBK[Pasar Seni (SBK) > Bandar Utama],1,1+ transfer,RM 5.70,74 min
Subang Alam,TTDI,Subang Alam → TTDI,5.4,71.0,KJL[Subang Alam > Pasar Seni (KJL)] >> SBK[Pasar Seni (SBK) > TTDI],1,1+ transfer,RM 5.40,71 min
Subang Alam,Phileo Damansara,Subang Alam → Phileo Damansara,5.5,68.0,KJL[Subang Alam > Pasar Seni (KJL)] >> SBK[Pasar Seni (SBK) > Phileo Damansara],1,1+ transfer,RM 5.50,68 min
Subang Alam,Pusat Bandar Damansara,Subang Alam → Pusat Bandar Damansara,4.8,64.0,KJL[Subang Alam > Pasar Seni (KJL)] >> SBK[Pasar Seni (SBK) > Pusat Bandar Damansara],1,1+ transfer,RM 4.80,64 min
Subang Alam,Semantan,Subang Alam → Semantan,4.6,62.0,KJL[Subang Alam > Pasar Seni (KJL)] >> SBK[Pasar Seni (SBK) > Semantan],1,1+ transfer,RM 4.60,62 min
Subang Alam,Muzium Negara,Subang Alam → Muzium Negara,3.9,58.0,KJL[Subang Alam > Pasar Seni (KJL)] >> SBK[Pasar Seni (SBK) > Muzium Negara],1,1+ transfer,RM 3.90,58 min
Subang Alam,Pasar Seni (SBK),Subang Alam → Pasar Seni (SBK),3.6,56.0,KJL[Subang Alam > Pasar Seni (KJL)] >> SBK[Pasar Seni (SBK) > Pasar Seni (SBK)],1,1+ transfer,RM 3.60,56 min
Subang Alam,Merdeka,Subang Alam → Merdeka,3.8,57.0,KJL[Subang Alam > Pasar Seni (KJL)] >> SBK[Pasar Seni (SBK) > Merdeka],1,1+ transfer,RM 3.80,57 min
Subang Alam,Bukit Bintang,Subang Alam → Bukit Bintang,4.1,60.0,KJL[Subang Alam > Pasar Seni (KJL)] >> SBK[Pasar Seni (SBK) > Bukit Bintang],1,1+ transfer,RM 4.10,60 min
Subang Alam,Tun Razak Exchange (TRX),Subang Alam → Tun Razak Exchange (TRX),4.4,62.0,KJL[Subang Alam > Pasar Seni (KJL)] >> SBK[Pasar Seni (SBK) > Tun Razak Exchange (TRX)],1,1+ transfer,RM 4.40,62 min
Subang Alam,Cochrane,Subang Alam → Cochrane,4.6,65.0,KJL[Subang Alam > Pasar Seni (KJL)] >> SBK[Pasar Seni (SBK) > Cochrane],1,1+ transfer,RM 4.60,65 min
Subang Alam,Maluri (SBK),Subang Alam → Maluri (SBK),4.0,66.0,KJL[Subang Alam > Pasar Seni (KJL)] >> SBK[Pasar Seni (SBK) > Maluri (SBK)],1,1+ transfer,RM 4.00,66 min
Subang Alam,Taman Pertama,Subang Alam → Taman Pertama,4.5,70.0,KJL[Subang Alam > Pasar Seni (KJL)] >> SBK[Pasar Seni (SBK) > Taman Pertama],1,1+ transfer,RM 4.50,70 min
Subang Alam,Taman Midah,Subang Alam → Taman Midah,4.7,72.0,KJL[Subang Alam > Pasar Seni (KJL)] >> SBK[Pasar Seni (SBK) > Taman Midah],1,1+ transfer,RM 4.70,72 min
Subang Alam,Taman Mutiara,Subang Alam → Taman Mutiara,5.0,74.0,KJL[Subang Alam > Pasar Seni (KJL)] >> SBK[Pasar Seni (SBK) > Taman Mutiara],1,1+ transfer,RM 5.00,74 min
Subang Alam,Taman Connaught,Subang Alam → Taman Connaught,5.3,77.0,KJL[Subang Alam > Pasar Seni (KJL)] >> SBK[Pasar Seni (SBK) > Taman Connaught],1,1+ transfer,RM 5.30,77 min
Subang Alam,Taman Suntex,Subang Alam → Taman Suntex,5.8,79.0,KJL[Subang Alam > Pasar Seni (KJL)] >> SBK[Pasar Seni (SBK) > Taman Suntex],1,1+ transfer,RM 5.80,79 min
Subang Alam,Sri Raya,Subang Alam → Sri Raya,5.8,82.0,KJL[Subang Alam > Pasar Seni (KJL)] >> SBK[Pasar Seni (SBK) > Sri Raya],1,1+ transfer,RM 5.80,82 min
Subang Alam,Bandar Tun Hussein Onn,Subang Alam → Bandar Tun Hussein Onn,6.1,84.0,KJL[Subang Alam > Pasar Seni (KJL)] >> SBK[Pasar Seni (SBK) > Bandar Tun Hussein Onn],1,1+ transfer,RM 6.10,84 min
Subang Alam,Batu 11 Cheras,Subang Alam → Batu 11 Cheras,6.2,86.0,KJL[Subang Alam > Pasar Seni (KJL)] >> SBK[Pasar Seni (SBK) > Batu 11 Cheras],1,1+ transfer,RM 6.20,86 min
Subang Alam,Bukit Dukung,Subang Alam → Bukit Dukung,6.1,89.0,KJL[Subang Alam > Pasar Seni (KJL)] >> SBK[Pasar Seni (SBK) > Bukit Dukung],1,1+ transfer,RM 6.10,89 min
Subang Alam,Sungai Jernih,Subang Alam → Sungai Jernih,6.6,93.0,KJL[Subang Alam > Pasar Seni (KJL)] >> SBK[Pasar Seni (SBK) > Sungai Jernih],1,1+ transfer,RM 6.60,93 min
Subang Alam,Stadium Kajang,Subang Alam → Stadium Kajang,6.7,94.0,KJL[Subang Alam > Pasar Seni (KJL)] >> SBK[Pasar Seni (SBK) > Stadium Kajang],1,1+ transfer,RM 6.70,94 min
Subang Alam,Kajang,Subang Alam → Kajang,6.4,97.0,KJL[Subang Alam > Pasar Seni (KJL)] >> SBK[Pasar Seni (SBK) > Kajang],1,1+ transfer,RM 6.40,97 min
Putra Heights (KJL),Sungai Buloh,Putra Heights (KJL) → Sungai Buloh,6.0,96.0,KJL[Putra Heights (KJL) > Pasar Seni (KJL)] >> SBK[Pasar Seni (SBK) > Sungai Buloh],1,1+ transfer,RM 6.00,96 min
Putra Heights (KJL),Kampung Selamat,Putra Heights (KJL) → Kampung Selamat,6.6,94.0,KJL[Putra Heights (KJL) > Pasar Seni (KJL)] >> SBK[Pasar Seni (SBK) > Kampung Selamat],1,1+ transfer,RM 6.60,94 min
Putra Heights (KJL),Kwasa Damansara,Putra Heights (KJL) → Kwasa Damansara,6.3,92.0,KJL[Putra Heights (KJL) > Pasar Seni (KJL)] >> SBK[Pasar Seni (SBK) > Kwasa Damansara],1,1+ transfer,RM 6.30,92 min
Putra Heights (KJL),Kwasa Sentral,Putra Heights (KJL) → Kwasa Sentral,6.2,89.0,KJL[Putra Heights (KJL) > Pasar Seni (KJL)] >> SBK[Pasar Seni (SBK) > Kwasa Sentral],1,1+ transfer,RM 6.20,89 min
Putra Heights (KJL),Kota Damansara,Putra Heights (KJL) → Kota Damansara,6.3,86.0,KJL[Putra Heights (KJL) > Pasar Seni (KJL)] >> SBK[Pasar Seni (SBK) > Kota Damansara],1,1+ transfer,RM 6.30,86 min
Putra Heights (KJL),Surian,Putra Heights (KJL) → Surian,6.1,83.0,KJL[Putra Heights (KJL) > Pasar Seni (KJL)] >> SBK[Pasar Seni (SBK) > Surian],1,1+ transfer,RM 6.10,83 min
Putra Heights (KJL),Mutiara Damansara,Putra Heights (KJL) → Mutiara Damansara,6.2,80.0,KJL[Putra Heights (KJL) > Pasar Seni (KJL)] >> SBK[Pasar Seni (SBK) > Mutiara Damansara],1,1+ transfer,RM 6.20,80 min
Putra Heights (KJL),Bandar Utama,Putra Heights (KJL) → Bandar Utama,5.9,78.0,KJL[Putra Heights (KJL) > Pasar Seni (KJL)] >> SBK[Pasar Seni (SBK) > Bandar Utama],1,1+ transfer,RM 5.90,78 min
Putra Heights (KJL),TTDI,Putra Heights (KJL) → TTDI,5.6,75.0,KJL[Putra Heights (KJL) > Pasar Seni (KJL)] >> SBK[Pasar Seni (SBK) > TTDI],1,1+ transfer,RM 5.60,75 min
Putra Heights (KJL),Phileo Damansara,Putra Heights (KJL) → Phileo Damansara,5.6,72.0,KJL[Putra Heights (KJL) > Pasar Seni (KJL)] >> SBK[Pasar Seni (SBK) > Phileo Damansara],1,1+ transfer,RM 5.60,72 min
Putra Heights (KJL),Pusat Bandar Damansara,Putra Heights (KJL) → Pusat Bandar Damansara,5.0,68.0,KJL[Putra Heights (KJL) > Pasar Seni (KJL)] >> SBK[Pasar Seni (SBK) > Pusat Bandar Damansara],1,1+ transfer,RM 5.00,68 min
Putra Heights (KJL),Semantan,Putra Heights (KJL) → Semantan,4.7,66.0,KJL[Putra Heights (KJL) > Pasar Seni (KJL)] >> SBK[Pasar Seni (SBK) > Semantan],1,1+ transfer,RM 4.70,66 min
Putra Heights (KJL),Muzium Negara,Putra Heights (KJL) → Muzium Negara,4.1,62.0,KJL[Putra Heights (KJL) > Pasar Seni (KJL)] >> SBK[Pasar Seni (SBK) > Muzium Negara],1,1+ transfer,RM 4.10,62 min
Putra Heights (KJL),Pasar Seni (SBK),Putra Heights (KJL) → Pasar Seni (SBK),3.7,60.0,KJL[Putra Heights (KJL) > Pasar Seni (KJL)] >> SBK[Pasar Seni (SBK) > Pasar Seni (SBK)],1,1+ transfer,RM 3.70,60 min
Putra Heights (KJL),Merdeka,Putra Heights (KJL) → Merdeka,3.8,61.0,KJL[Putra Heights (KJL) > Pasar Seni (KJL)] >> SBK[Pasar Seni (SBK) > Merdeka],1,1+ transfer,RM 3.80,61 min
Putra Heights (KJL),Bukit Bintang,Putra Heights (KJL) → Bukit Bintang,4.1,64.0,KJL[Putra Heights (KJL) > Pasar Seni (KJL)] >> SBK[Pasar Seni (SBK) > Bukit Bintang],1,1+ transfer,RM 4.10,64 min
Putra Heights (KJL),Tun Razak Exchange (TRX),Putra Heights (KJL) → Tun Razak Exchange (TRX),4.1,66.0,KJL[Putra Heights (KJL) > Pasar Seni (KJL)] >> SBK[Pasar Seni (SBK) > Tun Razak Exchange (TRX)],1,1+ transfer,RM 4.10,66 min
Putra Heights (KJL),Cochrane,Putra Heights (KJL) → Cochrane,3.8,69.0,KJL[Putra Heights (KJL) > Pasar Seni (KJL)] >> SBK[Pasar Seni (SBK) > Cochrane],1,1+ transfer,RM 3.80,69 min
Putra Heights (KJL),Maluri (SBK),Putra Heights (KJL) → Maluri (SBK),3.6,70.0,KJL[Putra Heights (KJL) > Pasar Seni (KJL)] >> SBK[Pasar Seni (SBK) > Maluri (SBK)],1,1+ transfer,RM 3.60,70 min
Putra Heights (KJL),Taman Pertama,Putra Heights (KJL) → Taman Pertama,4.0,74.0,KJL[Putra Heights (KJL) > Pasar Seni (KJL)] >> SBK[Pasar Seni (SBK) > Taman Pertama],1,1+ transfer,RM 4.00,74 min
Putra Heights (KJL),Taman Midah,Putra Heights (KJL) → Taman Midah,4.3,76.0,KJL[Putra Heights (KJL) > Pasar Seni (KJL)] >> SBK[Pasar Seni (SBK) > Taman Midah],1,1+ transfer,RM 4.30,76 min
Putra Heights (KJL),Taman Mutiara,Putra Heights (KJL) → Taman Mutiara,4.6,78.0,KJL[Putra Heights (KJL) > Pasar Seni (KJL)] >> SBK[Pasar Seni (SBK) > Taman Mutiara],1,1+ transfer,RM 4.60,78 min
Putra Heights (KJL),Taman Connaught,Putra Heights (KJL) → Taman Connaught,4.9,81.0,KJL[Putra Heights (KJL) > Pasar Seni (KJL)] >> SBK[Pasar Seni (SBK) > Taman Connaught],1,1+ transfer,RM 4.90,81 min
Putra Heights (KJL),Taman Suntex,Putra Heights (KJL) → Taman Suntex,5.4,83.0,KJL[Putra Heights (KJL) > Pasar Seni (KJL)] >> SBK[Pasar Seni (SBK) > Taman Suntex],1,1+ transfer,RM 5.40,83 min
Putra Heights (KJL),Sri Raya,Putra Heights (KJL) → Sri Raya,5.4,86.0,KJL[Putra Heights (KJL) > Pasar Seni (KJL)] >> SBK[Pasar Seni (SBK) > Sri Raya],1,1+ transfer,RM 5.40,86 min
Putra Heights (KJL),Bandar Tun Hussein Onn,Putra Heights (KJL) → Bandar Tun Hussein Onn,5.6,88.0,KJL[Putra Heights (KJL) > Pasar Seni (KJL)] >> SBK[Pasar Seni (SBK) > Bandar Tun Hussein Onn],1,1+ transfer,RM 5.60,88 min
Putra Heights (KJL),Batu 11 Cheras,Putra Heights (KJL) → Batu 11 Cheras,5.8,90.0,KJL[Putra Heights (KJL) > Pasar Seni (KJL)] >> SBK[Pasar Seni (SBK) > Batu 11 Cheras],1,1+ transfer,RM 5.80,90 min
Putra Heights (KJL),Bukit Dukung,Putra Heights (KJL) → Bukit Dukung,5.7,93.0,KJL[Putra Heights (KJL) > Pasar Seni (KJL)] >> SBK[Pasar Seni (SBK) > Bukit Dukung],1,1+ transfer,RM 5.70,93 min
Putra Heights (KJL),Sungai Jernih,Putra Heights (KJL) → Sungai Jernih,6.2,97.0,KJL[Putra Heights (KJL) > Pasar Seni (KJL)] >> SBK[Pasar Seni (SBK) > Sungai Jernih],1,1+ transfer,RM 6.20,97 min
Putra Heights (KJL),Stadium Kajang,Putra Heights (KJL) → Stadium Kajang,6.3,98.0,KJL[Putra Heights (KJL) > Pasar Seni (KJL)] >> SBK[Pasar Seni (SBK) > Stadium Kajang],1,1+ transfer,RM 6.30,98 min
Putra Heights (KJL),Kajang,Putra Heights (KJL) → Kajang,5.9,101.0,KJL[Putra Heights (KJL) > Pasar Seni (KJL)] >> SBK[Pasar Seni (SBK) > Kajang],1,1+ transfer,RM 5.90,101 min
Sungai Buloh,Kampung Selamat,Sungai Buloh → Kampung Selamat,1.2,3.0,SBK[Sungai Buloh > Kampung Selamat],0,Direct journey,RM 1.20,3 min
Sungai Buloh,Kwasa Damansara,Sungai Buloh → Kwasa Damansara,1.8,5.0,SBK[Sungai Buloh > Kwasa Damansara],0,Direct journey,RM 1.80,5 min
Sungai Buloh,Kwasa Sentral,Sungai Buloh → Kwasa Sentral,2.0,15.0,SBK[Sungai Buloh > Kwasa Sentral],0,Direct journey,RM 2.00,15 min
Sungai Buloh,Kota Damansara,Sungai Buloh → Kota Damansara,2.6,19.0,SBK[Sungai Buloh > Kota Damansara],0,Direct journey,RM 2.60,19 min
Sungai Buloh,Surian,Sungai Buloh → Surian,2.7,21.0,SBK[Sungai Buloh > Surian],0,Direct journey,RM 2.70,21 min
Sungai Buloh,Mutiara Damansara,Sungai Buloh → Mutiara Damansara,3.1,23.0,SBK[Sungai Buloh > Mutiara Damansara],0,Direct journey,RM 3.10,23 min
Sungai Buloh,Bandar Utama,Sungai Buloh → Bandar Utama,3.3,25.0,SBK[Sungai Buloh > Bandar Utama],0,Direct journey,RM 3.30,25 min
Sungai Buloh,TTDI,Sungai Buloh → TTDI,3.2,28.0,SBK[Sungai Buloh > TTDI],0,Direct journey,RM 3.20,28 min
Sungai Buloh,Phileo Damansara,Sungai Buloh → Phileo Damansara,3.5,31.0,SBK[Sungai Buloh > Phileo Damansara],0,Direct journey,RM 3.50,31 min
Sungai Buloh,Pusat Bandar Damansara,Sungai Buloh → Pusat Bandar Damansara,3.3,34.0,SBK[Sungai Buloh > Pusat Bandar Damansara],0,Direct journey,RM 3.30,34 min
Sungai Buloh,Semantan,Sungai Buloh → Semantan,3.4,36.0,SBK[Sungai Buloh > Semantan],0,Direct journey,RM 3.40,36 min
Sungai Buloh,Muzium Negara,Sungai Buloh → Muzium Negara,3.1,37.0,SBK[Sungai Buloh > Muzium Negara],0,Direct journey,RM 3.10,37 min
Sungai Buloh,Pasar Seni (SBK),Sungai Buloh → Pasar Seni (SBK),3.2,39.0,SBK[Sungai Buloh > Pasar Seni (SBK)],0,Direct journey,RM 3.20,39 min
Sungai Buloh,Merdeka,Sungai Buloh → Merdeka,3.3,41.0,SBK[Sungai Buloh > Merdeka],0,Direct journey,RM 3.30,41 min
Sungai Buloh,Bukit Bintang,Sungai Buloh → Bukit Bintang,3.4,43.0,SBK[Sungai Buloh > Bukit Bintang],0,Direct journey,RM 3.40,43 min
Sungai Buloh,Tun Razak Exchange (TRX),Sungai Buloh → Tun Razak Exchange (TRX),3.5,46.0,SBK[Sungai Buloh > Tun Razak Exchange (TRX)],0,Direct journey,RM 3.50,46 min
Sungai Buloh,Cochrane,Sungai Buloh → Cochrane,3.6,49.0,SBK[Sungai Buloh > Cochrane],0,Direct journey,RM 3.60,49 min
Sungai Buloh,Maluri (SBK),Sungai Buloh → Maluri (SBK),3.7,50.0,SBK[Sungai Buloh > Maluri (SBK)],0,Direct journey,RM 3.70,50 min
Sungai Buloh,Taman Pertama,Sungai Buloh → Taman Pertama,3.9,54.0,SBK[Sungai Buloh > Taman Pertama],0,Direct journey,RM 3.90,54 min
Sungai Buloh,Taman Midah,Sungai Buloh → Taman Midah,4.0,56.0,SBK[Sungai Buloh > Taman Midah],0,Direct journey,RM 4.00,56 min
Sungai Buloh,Taman Mutiara,Sungai Buloh → Taman Mutiara,4.1,58.0,SBK[Sungai Buloh > Taman Mutiara],0,Direct journey,RM 4.10,58 min
Sungai Buloh,Taman Connaught,Sungai Buloh → Taman Connaught,4.3,61.0,SBK[Sungai Buloh > Taman Connaught],0,Direct journey,RM 4.30,61 min
Sungai Buloh,Taman Suntex,Sungai Buloh → Taman Suntex,4.5,63.0,SBK[Sungai Buloh > Taman Suntex],0,Direct journey,RM 4.50,63 min
Sungai Buloh,Sri Raya,Sungai Buloh → Sri Raya,4.6,66.0,SBK[Sungai Buloh > Sri Raya],0,Direct journey,RM 4.60,66 min
Sungai Buloh,Bandar Tun Hussein Onn,Sungai Buloh → Bandar Tun Hussein Onn,4.8,68.0,SBK[Sungai Buloh > Bandar Tun Hussein Onn],0,Direct journey,RM 4.80,68 min
Sungai Buloh,Batu 11 Cheras,Sungai Buloh → Batu 11 Cheras,4.8,70.0,SBK[Sungai Buloh > Batu 11 Cheras],0,Direct journey,RM 4.80,70 min
Sungai Buloh,Bukit Dukung,Sungai Buloh → Bukit Dukung,5.0,73.0,SBK[Sungai Buloh > Bukit Dukung],0,Direct journey,RM 5.00,73 min
Sungai Buloh,Sungai Jernih,Sungai Buloh → Sungai Jernih,6.2,77.0,SBK[Sungai Buloh > Sungai Jernih],0,Direct journey,RM 6.20,77 min
Sungai Buloh,Stadium Kajang,Sungai Buloh → Stadium Kajang,6.2,78.0,SBK[Sungai Buloh > Stadium Kajang],0,Direct journey,RM 6.20,78 min
Sungai Buloh,Kajang,Sungai Buloh → Kajang,6.4,81.0,SBK[Sungai Buloh > Kajang],0,Direct journey,RM 6.40,81 min
Kampung Selamat,Kwasa Damansara,Kampung Selamat → Kwasa Damansara,1.5,3.0,SBK[Kampung Selamat > Kwasa Damansara],0,Direct journey,RM 1.50,3 min
Kampung Selamat,Kwasa Sentral,Kampung Selamat → Kwasa Sentral,1.8,8.0,SBK[Kampung Selamat > Kwasa Sentral],0,Direct journey,RM 1.80,8 min
Kampung Selamat,Kota Damansara,Kampung Selamat → Kota Damansara,2.3,12.0,SBK[Kampung Selamat > Kota Damansara],0,Direct journey,RM 2.30,12 min
Kampung Selamat,Surian,Kampung Selamat → Surian,2.7,14.0,SBK[Kampung Selamat > Surian],0,Direct journey,RM 2.70,14 min
Kampung Selamat,Mutiara Damansara,Kampung Selamat → Mutiara Damansara,2.8,16.0,SBK[Kampung Selamat > Mutiara Damansara],0,Direct journey,RM 2.80,16 min
Kampung Selamat,Bandar Utama,Kampung Selamat → Bandar Utama,3.1,18.0,SBK[Kampung Selamat > Bandar Utama],0,Direct journey,RM 3.10,18 min
Kampung Selamat,TTDI,Kampung Selamat → TTDI,3.4,21.0,SBK[Kampung Selamat > TTDI],0,Direct journey,RM 3.40,21 min
Kampung Selamat,Phileo Damansara,Kampung Selamat → Phileo Damansara,3.3,24.0,SBK[Kampung Selamat > Phileo Damansara],0,Direct journey,RM 3.30,24 min
Kampung Selamat,Pusat Bandar Damansara,Kampung Selamat → Pusat Bandar Damansara,3.7,27.0,SBK[Kampung Selamat > Pusat Bandar Damansara],0,Direct journey,RM 3.70,27 min
Kampung Selamat,Semantan,Kampung Selamat → Semantan,3.3,29.0,SBK[Kampung Selamat > Semantan],0,Direct journey,RM 3.30,29 min
Kampung Selamat,Muzium Negara,Kampung Selamat → Muzium Negara,3.7,34.0,SBK[Kampung Selamat > Muzium Negara],0,Direct journey,RM 3.70,34 min
Kampung Selamat,Pasar Seni (SBK),Kampung Selamat → Pasar Seni (SBK),3.8,36.0,SBK[Kampung Selamat > Pasar Seni (SBK)],0,Direct journey,RM 3.80,36 min
Kampung Selamat,Merdeka,Kampung Selamat → Merdeka,3.2,38.0,SBK[Kampung Selamat > Merdeka],0,Direct journey,RM 3.20,38 min
Kampung Selamat,Bukit Bintang,Kampung Selamat → Bukit Bintang,3.3,40.0,SBK[Kampung Selamat > Bukit Bintang],0,Direct journey,RM 3.30,40 min
Kampung Selamat,Tun Razak Exchange (TRX),Kampung Selamat → Tun Razak Exchange (TRX),3.4,43.0,SBK[Kampung Selamat > Tun Razak Exchange (TRX)],0,Direct journey,RM 3.40,43 min
Kampung Selamat,Cochrane,Kampung Selamat → Cochrane,3.5,46.0,SBK[Kampung Selamat > Cochrane],0,Direct journey,RM 3.50,46 min
Kampung Selamat,Maluri (SBK),Kampung Selamat → Maluri (SBK),3.6,47.0,SBK[Kampung Selamat > Maluri (SBK)],0,Direct journey,RM 3.60,47 min
Kampung Selamat,Taman Pertama,Kampung Selamat → Taman Pertama,3.8,51.0,SBK[Kampung Selamat > Taman Pertama],0,Direct journey,RM 3.80,51 min
Kampung Selamat,Taman Midah,Kampung Selamat → Taman Midah,3.9,53.0,SBK[Kampung Selamat > Taman Midah],0,Direct journey,RM 3.90,53 min
Kampung Selamat,Taman Mutiara,Kampung Selamat → Taman Mutiara,4.0,61.0,SBK[Kampung Selamat > Taman Mutiara],0,Direct journey,RM 4.00,61 min
Kampung Selamat,Taman Connaught,Kampung Selamat → Taman Connaught,4.2,64.0,SBK[Kampung Selamat > Taman Connaught],0,Direct journey,RM 4.20,64 min
Kampung Selamat,Taman Suntex,Kampung Selamat → Taman Suntex,4.4,66.0,SBK[Kampung Selamat > Taman Suntex],0,Direct journey,RM 4.40,66 min
Kampung Selamat,Sri Raya,Kampung Selamat → Sri Raya,4.5,69.0,SBK[Kampung Selamat > Sri Raya],0,Direct journey,RM 4.50,69 min
Kampung Selamat,Bandar Tun Hussein Onn,Kampung Selamat → Bandar Tun Hussein Onn,4.6,71.0,SBK[Kampung Selamat > Bandar Tun Hussein Onn],0,Direct journey,RM 4.60,71 min
Kampung Selamat,Batu 11 Cheras,Kampung Selamat → Batu 11 Cheras,4.7,73.0,SBK[Kampung Selamat > Batu 11 Cheras],0,Direct journey,RM 4.70,73 min
Kampung Selamat,Bukit Dukung,Kampung Selamat → Bukit Dukung,4.9,76.0,SBK[Kampung Selamat > Bukit Dukung],0,Direct journey,RM 4.90,76 min
Kampung Selamat,Sungai Jernih,Kampung Selamat → Sungai Jernih,6.0,70.0,SBK[Kampung Selamat > Sungai Jernih],0,Direct journey,RM 6.00,70 min
Kampung Selamat,Stadium Kajang,Kampung Selamat → Stadium Kajang,6.1,71.0,SBK[Kampung Selamat > Stadium Kajang],0,Direct journey,RM 6.10,71 min
Kampung Selamat,Kajang,Kampung Selamat → Kajang,6.3,74.0,SBK[Kampung Selamat > Kajang],0,Direct journey,RM 6.30,74 min
Kwasa Damansara,Kwasa Sentral,Kwasa Damansara → Kwasa Sentral,1.1,3.0,SBK[Kwasa Damansara > Kwasa Sentral],0,Direct journey,RM 1.10,3 min
Kwasa Damansara,Kota Damansara,Kwasa Damansara → Kota Damansara,1.8,7.0,SBK[Kwasa Damansara > Kota Damansara],0,Direct journey,RM 1.80,7 min
Kwasa Damansara,Surian,Kwasa Damansara → Surian,2.1,9.0,SBK[Kwasa Damansara > Surian],0,Direct journey,RM 2.10,9 min
Kwasa Damansara,Mutiara Damansara,Kwasa Damansara → Mutiara Damansara,2.6,11.0,SBK[Kwasa Damansara > Mutiara Damansara],0,Direct journey,RM 2.60,11 min
Kwasa Damansara,Bandar Utama,Kwasa Damansara → Bandar Utama,2.6,13.0,SBK[Kwasa Damansara > Bandar Utama],0,Direct journey,RM 2.60,13 min
Kwasa Damansara,TTDI,Kwasa Damansara → TTDI,3.0,16.0,SBK[Kwasa Damansara > TTDI],0,Direct journey,RM 3.00,16 min
Kwasa Damansara,Phileo Damansara,Kwasa Damansara → Phileo Damansara,3.2,19.0,SBK[Kwasa Damansara > Phileo Damansara],0,Direct journey,RM 3.20,19 min
Kwasa Damansara,Pusat Bandar Damansara,Kwasa Damansara → Pusat Bandar Damansara,3.3,22.0,SBK[Kwasa Damansara > Pusat Bandar Damansara],0,Direct journey,RM 3.30,22 min
Kwasa Damansara,Semantan,Kwasa Damansara → Semantan,3.5,24.0,SBK[Kwasa Damansara > Semantan],0,Direct journey,RM 3.50,24 min
Kwasa Damansara,Muzium Negara,Kwasa Damansara → Muzium Negara,3.4,29.0,SBK[Kwasa Damansara > Muzium Negara],0,Direct journey,RM 3.40,29 min
Kwasa Damansara,Pasar Seni (SBK),Kwasa Damansara → Pasar Seni (SBK),3.5,31.0,SBK[Kwasa Damansara > Pasar Seni (SBK)],0,Direct journey,RM 3.50,31 min
Kwasa Damansara,Merdeka,Kwasa Damansara → Merdeka,3.6,33.0,SBK[Kwasa Damansara > Merdeka],0,Direct journey,RM 3.60,33 min
Kwasa Damansara,Bukit Bintang,Kwasa Damansara → Bukit Bintang,3.7,35.0,SBK[Kwasa Damansara > Bukit Bintang],0,Direct journey,RM 3.70,35 min
Kwasa Damansara,Tun Razak Exchange (TRX),Kwasa Damansara → Tun Razak Exchange (TRX),3.2,38.0,SBK[Kwasa Damansara > Tun Razak Exchange (TRX)],0,Direct journey,RM 3.20,38 min
Kwasa Damansara,Cochrane,Kwasa Damansara → Cochrane,3.3,41.0,SBK[Kwasa Damansara > Cochrane],0,Direct journey,RM 3.30,41 min
Kwasa Damansara,Maluri (SBK),Kwasa Damansara → Maluri (SBK),3.4,44.0,SBK[Kwasa Damansara > Maluri (SBK)],0,Direct journey,RM 3.40,44 min
Kwasa Damansara,Taman Pertama,Kwasa Damansara → Taman Pertama,3.5,46.0,SBK[Kwasa Damansara > Taman Pertama],0,Direct journey,RM 3.50,46 min
Kwasa Damansara,Taman Midah,Kwasa Damansara → Taman Midah,3.6,48.0,SBK[Kwasa Damansara > Taman Midah],0,Direct journey,RM 3.60,48 min
Kwasa Damansara,Taman Mutiara,Kwasa Damansara → Taman Mutiara,3.8,50.0,SBK[Kwasa Damansara > Taman Mutiara],0,Direct journey,RM 3.80,50 min
Kwasa Damansara,Taman Connaught,Kwasa Damansara → Taman Connaught,3.9,53.0,SBK[Kwasa Damansara > Taman Connaught],0,Direct journey,RM 3.90,53 min
Kwasa Damansara,Taman Suntex,Kwasa Damansara → Taman Suntex,4.1,55.0,SBK[Kwasa Damansara > Taman Suntex],0,Direct journey,RM 4.10,55 min
Kwasa Damansara,Sri Raya,Kwasa Damansara → Sri Raya,4.3,58.0,SBK[Kwasa Damansara > Sri Raya],0,Direct journey,RM 4.30,58 min
Kwasa Damansara,Bandar Tun Hussein Onn,Kwasa Damansara → Bandar Tun Hussein Onn,4.4,60.0,SBK[Kwasa Damansara > Bandar Tun Hussein Onn],0,Direct journey,RM 4.40,60 min
Kwasa Damansara,Batu 11 Cheras,Kwasa Damansara → Batu 11 Cheras,4.5,62.0,SBK[Kwasa Damansara > Batu 11 Cheras],0,Direct journey,RM 4.50,62 min
Kwasa Damansara,Bukit Dukung,Kwasa Damansara → Bukit Dukung,4.6,65.0,SBK[Kwasa Damansara > Bukit Dukung],0,Direct journey,RM 4.60,65 min
Kwasa Damansara,Sungai Jernih,Kwasa Damansara → Sungai Jernih,5.7,69.0,SBK[Kwasa Damansara > Sungai Jernih],0,Direct journey,RM 5.70,69 min
Kwasa Damansara,Stadium Kajang,Kwasa Damansara → Stadium Kajang,5.8,70.0,SBK[Kwasa Damansara > Stadium Kajang],0,Direct journey,RM 5.80,70 min
Kwasa Damansara,Kajang,Kwasa Damansara → Kajang,6.0,73.0,SBK[Kwasa Damansara > Kajang],0,Direct journey,RM 6.00,73 min
Kwasa Sentral,Kota Damansara,Kwasa Sentral → Kota Damansara,1.6,5.0,SBK[Kwasa Sentral > Kota Damansara],0,Direct journey,RM 1.60,5 min
Kwasa Sentral,Surian,Kwasa Sentral → Surian,1.9,7.0,SBK[Kwasa Sentral > Surian],0,Direct journey,RM 1.90,7 min
Kwasa Sentral,Mutiara Damansara,Kwasa Sentral → Mutiara Damansara,2.3,9.0,SBK[Kwasa Sentral > Mutiara Damansara],0,Direct journey,RM 2.30,9 min
Kwasa Sentral,Bandar Utama,Kwasa Sentral → Bandar Utama,2.6,11.0,SBK[Kwasa Sentral > Bandar Utama],0,Direct journey,RM 2.60,11 min
Kwasa Sentral,TTDI,Kwasa Sentral → TTDI,2.8,14.0,SBK[Kwasa Sentral > TTDI],0,Direct journey,RM 2.80,14 min
Kwasa Sentral,Phileo Damansara,Kwasa Sentral → Phileo Damansara,3.0,17.0,SBK[Kwasa Sentral > Phileo Damansara],0,Direct journey,RM 3.00,17 min
Kwasa Sentral,Pusat Bandar Damansara,Kwasa Sentral → Pusat Bandar Damansara,3.1,20.0,SBK[Kwasa Sentral > Pusat Bandar Damansara],0,Direct journey,RM 3.10,20 min
Kwasa Sentral,Semantan,Kwasa Sentral → Semantan,3.3,22.0,SBK[Kwasa Sentral > Semantan],0,Direct journey,RM 3.30,22 min
Kwasa Sentral,Muzium Negara,Kwasa Sentral → Muzium Negara,3.8,27.0,SBK[Kwasa Sentral > Muzium Negara],0,Direct journey,RM 3.80,27 min
Kwasa Sentral,Pasar Seni (SBK),Kwasa Sentral → Pasar Seni (SBK),3.4,29.0,SBK[Kwasa Sentral > Pasar Seni (SBK)],0,Direct journey,RM 3.40,29 min
Kwasa Sentral,Merdeka,Kwasa Sentral → Merdeka,3.4,31.0,SBK[Kwasa Sentral > Merdeka],0,Direct journey,RM 3.40,31 min
Kwasa Sentral,Bukit Bintang,Kwasa Sentral → Bukit Bintang,3.6,33.0,SBK[Kwasa Sentral > Bukit Bintang],0,Direct journey,RM 3.60,33 min
Kwasa Sentral,Tun Razak Exchange (TRX),Kwasa Sentral → Tun Razak Exchange (TRX),3.8,36.0,SBK[Kwasa Sentral > Tun Razak Exchange (TRX)],0,Direct journey,RM 3.80,36 min
Kwasa Sentral,Cochrane,Kwasa Sentral → Cochrane,3.2,39.0,SBK[Kwasa Sentral > Cochrane],0,Direct journey,RM 3.20,39 min
Kwasa Sentral,Maluri (SBK),Kwasa Sentral → Maluri (SBK),3.3,40.0,SBK[Kwasa Sentral > Maluri (SBK)],0,Direct journey,RM 3.30,40 min
Kwasa Sentral,Taman Pertama,Kwasa Sentral → Taman Pertama,3.4,44.0,SBK[Kwasa Sentral > Taman Pertama],0,Direct journey,RM 3.40,44 min
Kwasa Sentral,Taman Midah,Kwasa Sentral → Taman Midah,3.5,46.0,SBK[Kwasa Sentral > Taman Midah],0,Direct journey,RM 3.50,46 min
Kwasa Sentral,Taman Mutiara,Kwasa Sentral → Taman Mutiara,3.7,48.0,SBK[Kwasa Sentral > Taman Mutiara],0,Direct journey,RM 3.70,48 min
Kwasa Sentral,Taman Connaught,Kwasa Sentral → Taman Connaught,3.8,51.0,SBK[Kwasa Sentral > Taman Connaught],0,Direct journey,RM 3.80,51 min
Kwasa Sentral,Taman Suntex,Kwasa Sentral → Taman Suntex,4.0,53.0,SBK[Kwasa Sentral > Taman Suntex],0,Direct journey,RM 4.00,53 min
Kwasa Sentral,Sri Raya,Kwasa Sentral → Sri Raya,4.1,56.0,SBK[Kwasa Sentral > Sri Raya],0,Direct journey,RM 4.10,56 min
Kwasa Sentral,Bandar Tun Hussein Onn,Kwasa Sentral → Bandar Tun Hussein Onn,4.3,58.0,SBK[Kwasa Sentral > Bandar Tun Hussein Onn],0,Direct journey,RM 4.30,58 min
Kwasa Sentral,Batu 11 Cheras,Kwasa Sentral → Batu 11 Cheras,4.4,60.0,SBK[Kwasa Sentral > Batu 11 Cheras],0,Direct journey,RM 4.40,60 min
Kwasa Sentral,Bukit Dukung,Kwasa Sentral → Bukit Dukung,4.5,63.0,SBK[Kwasa Sentral > Bukit Dukung],0,Direct journey,RM 4.50,63 min
Kwasa Sentral,Sungai Jernih,Kwasa Sentral → Sungai Jernih,5.6,67.0,SBK[Kwasa Sentral > Sungai Jernih],0,Direct journey,RM 5.60,67 min
Kwasa Sentral,Stadium Kajang,Kwasa Sentral → Stadium Kajang,5.7,68.0,SBK[Kwasa Sentral > Stadium Kajang],0,Direct journey,RM 5.70,68 min
Kwasa Sentral,Kajang,Kwasa Sentral → Kajang,5.8,71.0,SBK[Kwasa Sentral > Kajang],0,Direct journey,RM 5.80,71 min
Kota Damansara,Surian,Kota Damansara → Surian,1.3,3.0,SBK[Kota Damansara > Surian],0,Direct journey,RM 1.30,3 min
Kota Damansara,Mutiara Damansara,Kota Damansara → Mutiara Damansara,1.8,5.0,SBK[Kota Damansara > Mutiara Damansara],0,Direct journey,RM 1.80,5 min
Kota Damansara,Bandar Utama,Kota Damansara → Bandar Utama,2.0,7.0,SBK[Kota Damansara > Bandar Utama],0,Direct journey,RM 2.00,7 min
Kota Damansara,TTDI,Kota Damansara → TTDI,2.4,10.0,SBK[Kota Damansara > TTDI],0,Direct journey,RM 2.40,10 min
Kota Damansara,Phileo Damansara,Kota Damansara → Phileo Damansara,2.8,13.0,SBK[Kota Damansara > Phileo Damansara],0,Direct journey,RM 2.80,13 min
Kota Damansara,Pusat Bandar Damansara,Kota Damansara → Pusat Bandar Damansara,3.0,16.0,SBK[Kota Damansara > Pusat Bandar Damansara],0,Direct journey,RM 3.00,16 min
Kota Damansara,Semantan,Kota Damansara → Semantan,3.2,18.0,SBK[Kota Damansara > Semantan],0,Direct journey,RM 3.20,18 min
Kota Damansara,Muzium Negara,Kota Damansara → Muzium Negara,3.3,23.0,SBK[Kota Damansara > Muzium Negara],0,Direct journey,RM 3.30,23 min
Kota Damansara,Pasar Seni (SBK),Kota Damansara → Pasar Seni (SBK),3.5,25.0,SBK[Kota Damansara > Pasar Seni (SBK)],0,Direct journey,RM 3.50,25 min
Kota Damansara,Merdeka,Kota Damansara → Merdeka,3.6,27.0,SBK[Kota Damansara > Merdeka],0,Direct journey,RM 3.60,27 min
Kota Damansara,Bukit Bintang,Kota Damansara → Bukit Bintang,3.2,30.0,SBK[Kota Damansara > Bukit Bintang],0,Direct journey,RM 3.20,30 min
Kota Damansara,Tun Razak Exchange (TRX),Kota Damansara → Tun Razak Exchange (TRX),3.4,32.0,SBK[Kota Damansara > Tun Razak Exchange (TRX)],0,Direct journey,RM 3.40,32 min
Kota Damansara,Cochrane,Kota Damansara → Cochrane,3.6,35.0,SBK[Kota Damansara > Cochrane],0,Direct journey,RM 3.60,35 min
Kota Damansara,Maluri (SBK),Kota Damansara → Maluri (SBK),3.7,36.0,SBK[Kota Damansara > Maluri (SBK)],0,Direct journey,RM 3.70,36 min
Kota Damansara,Taman Pertama,Kota Damansara → Taman Pertama,3.2,40.0,SBK[Kota Damansara > Taman Pertama],0,Direct journey,RM 3.20,40 min
Kota Damansara,Taman Midah,Kota Damansara → Taman Midah,3.2,42.0,SBK[Kota Damansara > Taman Midah],0,Direct journey,RM 3.20,42 min
Kota Damansara,Taman Mutiara,Kota Damansara → Taman Mutiara,3.4,44.0,SBK[Kota Damansara > Taman Mutiara],0,Direct journey,RM 3.40,44 min
Kota Damansara,Taman Connaught,Kota Damansara → Taman Connaught,3.5,47.0,SBK[Kota Damansara > Taman Connaught],0,Direct journey,RM 3.50,47 min
Kota Damansara,Taman Suntex,Kota Damansara → Taman Suntex,3.7,49.0,SBK[Kota Damansara > Taman Suntex],0,Direct journey,RM 3.70,49 min
Kota Damansara,Sri Raya,Kota Damansara → Sri Raya,3.9,52.0,SBK[Kota Damansara > Sri Raya],0,Direct journey,RM 3.90,52 min
Kota Damansara,Bandar Tun Hussein Onn,Kota Damansara → Bandar Tun Hussein Onn,4.0,54.0,SBK[Kota Damansara > Bandar Tun Hussein Onn],0,Direct journey,RM 4.00,54 min
Kota Damansara,Batu 11 Cheras,Kota Damansara → Batu 11 Cheras,4.1,56.0,SBK[Kota Damansara > Batu 11 Cheras],0,Direct journey,RM 4.10,56 min
Kota Damansara,Bukit Dukung,Kota Damansara → Bukit Dukung,4.3,59.0,SBK[Kota Damansara > Bukit Dukung],0,Direct journey,RM 4.30,59 min
Kota Damansara,Sungai Jernih,Kota Damansara → Sungai Jernih,5.3,63.0,SBK[Kota Damansara > Sungai Jernih],0,Direct journey,RM 5.30,63 min
Kota Damansara,Stadium Kajang,Kota Damansara → Stadium Kajang,5.4,64.0,SBK[Kota Damansara > Stadium Kajang],0,Direct journey,RM 5.40,64 min
Kota Damansara,Kajang,Kota Damansara → Kajang,5.5,67.0,SBK[Kota Damansara > Kajang],0,Direct journey,RM 5.50,67 min
Surian,Mutiara Damansara,Surian → Mutiara Damansara,1.3,3.0,SBK[Surian > Mutiara Damansara],0,Direct journey,RM 1.30,3 min
Surian,Bandar Utama,Surian → Bandar Utama,1.7,5.0,SBK[Surian > Bandar Utama],0,Direct journey,RM 1.70,5 min
Surian,TTDI,Surian → TTDI,2.0,8.0,SBK[Surian > TTDI],0,Direct journey,RM 2.00,8 min
Surian,Phileo Damansara,Surian → Phileo Damansara,2.4,11.0,SBK[Surian > Phileo Damansara],0,Direct journey,RM 2.40,11 min
Surian,Pusat Bandar Damansara,Surian → Pusat Bandar Damansara,2.7,14.0,SBK[Surian > Pusat Bandar Damansara],0,Direct journey,RM 2.70,14 min
Surian,Semantan,Surian → Semantan,2.9,16.0,SBK[Surian > Semantan],0,Direct journey,RM 2.90,16 min
Surian,Muzium Negara,Surian → Muzium Negara,3.1,21.0,SBK[Surian > Muzium Negara],0,Direct journey,RM 3.10,21 min
Surian,Pasar Seni (SBK),Surian → Pasar Seni (SBK),3.3,23.0,SBK[Surian > Pasar Seni (SBK)],0,Direct journey,RM 3.30,23 min
Surian,Merdeka,Surian → Merdeka,3.4,25.0,SBK[Surian > Merdeka],0,Direct journey,RM 3.40,25 min
Surian,Bukit Bintang,Surian → Bukit Bintang,3.6,28.0,SBK[Surian > Bukit Bintang],0,Direct journey,RM 3.60,28 min
Surian,Tun Razak Exchange (TRX),Surian → Tun Razak Exchange (TRX),3.8,30.0,SBK[Surian > Tun Razak Exchange (TRX)],0,Direct journey,RM 3.80,30 min
Surian,Cochrane,Surian → Cochrane,3.4,33.0,SBK[Surian > Cochrane],0,Direct journey,RM 3.40,33 min
Surian,Maluri (SBK),Surian → Maluri (SBK),3.5,34.0,SBK[Surian > Maluri (SBK)],0,Direct journey,RM 3.50,34 min
Surian,Taman Pertama,Surian → Taman Pertama,3.7,38.0,SBK[Surian > Taman Pertama],0,Direct journey,RM 3.70,38 min
Surian,Taman Midah,Surian → Taman Midah,3.8,40.0,SBK[Surian > Taman Midah],0,Direct journey,RM 3.80,40 min
Surian,Taman Mutiara,Surian → Taman Mutiara,3.2,42.0,SBK[Surian > Taman Mutiara],0,Direct journey,RM 3.20,42 min
Surian,Taman Connaught,Surian → Taman Connaught,3.4,45.0,SBK[Surian > Taman Connaught],0,Direct journey,RM 3.40,45 min
Surian,Taman Suntex,Surian → Taman Suntex,3.6,47.0,SBK[Surian > Taman Suntex],0,Direct journey,RM 3.60,47 min
Surian,Sri Raya,Surian → Sri Raya,3.7,50.0,SBK[Surian > Sri Raya],0,Direct journey,RM 3.70,50 min
Surian,Bandar Tun Hussein Onn,Surian → Bandar Tun Hussein Onn,3.9,52.0,SBK[Surian > Bandar Tun Hussein Onn],0,Direct journey,RM 3.90,52 min
Surian,Batu 11 Cheras,Surian → Batu 11 Cheras,4.0,54.0,SBK[Surian > Batu 11 Cheras],0,Direct journey,RM 4.00,54 min
Surian,Bukit Dukung,Surian → Bukit Dukung,4.1,57.0,SBK[Surian > Bukit Dukung],0,Direct journey,RM 4.10,57 min
Surian,Sungai Jernih,Surian → Sungai Jernih,5.1,61.0,SBK[Surian > Sungai Jernih],0,Direct journey,RM 5.10,61 min
Surian,Stadium Kajang,Surian → Stadium Kajang,5.2,62.0,SBK[Surian > Stadium Kajang],0,Direct journey,RM 5.20,62 min
Surian,Kajang,Surian → Kajang,5.4,65.0,SBK[Surian > Kajang],0,Direct journey,RM 5.40,65 min
Mutiara Damansara,Bandar Utama,Mutiara Damansara → Bandar Utama,1.3,3.0,SBK[Mutiara Damansara > Bandar Utama],0,Direct journey,RM 1.30,3 min
Mutiara Damansara,TTDI,Mutiara Damansara → TTDI,1.7,6.0,SBK[Mutiara Damansara > TTDI],0,Direct journey,RM 1.70,6 min
Mutiara Damansara,Phileo Damansara,Mutiara Damansara → Phileo Damansara,2.0,9.0,SBK[Mutiara Damansara > Phileo Damansara],0,Direct journey,RM 2.00,9 min
Mutiara Damansara,Pusat Bandar Damansara,Mutiara Damansara → Pusat Bandar Damansara,2.6,12.0,SBK[Mutiara Damansara > Pusat Bandar Damansara],0,Direct journey,RM 2.60,12 min
Mutiara Damansara,Semantan,Mutiara Damansara → Semantan,2.8,14.0,SBK[Mutiara Damansara > Semantan],0,Direct journey,RM 2.80,14 min
Mutiara Damansara,Muzium Negara,Mutiara Damansara → Muzium Negara,3.2,19.0,SBK[Mutiara Damansara > Muzium Negara],0,Direct journey,RM 3.20,19 min
Mutiara Damansara,Pasar Seni (SBK),Mutiara Damansara → Pasar Seni (SBK),3.4,21.0,SBK[Mutiara Damansara > Pasar Seni (SBK)],0,Direct journey,RM 3.40,21 min
Mutiara Damansara,Merdeka,Mutiara Damansara → Merdeka,3.1,23.0,SBK[Mutiara Damansara > Merdeka],0,Direct journey,RM 3.10,23 min
Mutiara Damansara,Bukit Bintang,Mutiara Damansara → Bukit Bintang,3.3,25.0,SBK[Mutiara Damansara > Bukit Bintang],0,Direct journey,RM 3.30,25 min
Mutiara Damansara,Tun Razak Exchange (TRX),Mutiara Damansara → Tun Razak Exchange (TRX),3.5,28.0,SBK[Mutiara Damansara > Tun Razak Exchange (TRX)],0,Direct journey,RM 3.50,28 min
Mutiara Damansara,Cochrane,Mutiara Damansara → Cochrane,3.7,31.0,SBK[Mutiara Damansara > Cochrane],0,Direct journey,RM 3.70,31 min
Mutiara Damansara,Maluri (SBK),Mutiara Damansara → Maluri (SBK),3.2,32.0,SBK[Mutiara Damansara > Maluri (SBK)],0,Direct journey,RM 3.20,32 min
Mutiara Damansara,Taman Pertama,Mutiara Damansara → Taman Pertama,3.5,36.0,SBK[Mutiara Damansara > Taman Pertama],0,Direct journey,RM 3.50,36 min
Mutiara Damansara,Taman Midah,Mutiara Damansara → Taman Midah,3.6,38.0,SBK[Mutiara Damansara > Taman Midah],0,Direct journey,RM 3.60,38 min
Mutiara Damansara,Taman Mutiara,Mutiara Damansara → Taman Mutiara,3.8,40.0,SBK[Mutiara Damansara > Taman Mutiara],0,Direct journey,RM 3.80,40 min
Mutiara Damansara,Taman Connaught,Mutiara Damansara → Taman Connaught,3.2,43.0,SBK[Mutiara Damansara > Taman Connaught],0,Direct journey,RM 3.20,43 min
Mutiara Damansara,Taman Suntex,Mutiara Damansara → Taman Suntex,3.4,45.0,SBK[Mutiara Damansara > Taman Suntex],0,Direct journey,RM 3.40,45 min
Mutiara Damansara,Sri Raya,Mutiara Damansara → Sri Raya,3.6,48.0,SBK[Mutiara Damansara > Sri Raya],0,Direct journey,RM 3.60,48 min
Mutiara Damansara,Bandar Tun Hussein Onn,Mutiara Damansara → Bandar Tun Hussein Onn,3.7,50.0,SBK[Mutiara Damansara > Bandar Tun Hussein Onn],0,Direct journey,RM 3.70,50 min
Mutiara Damansara,Batu 11 Cheras,Mutiara Damansara → Batu 11 Cheras,3.8,52.0,SBK[Mutiara Damansara > Batu 11 Cheras],0,Direct journey,RM 3.80,52 min
Mutiara Damansara,Bukit Dukung,Mutiara Damansara → Bukit Dukung,3.9,55.0,SBK[Mutiara Damansara > Bukit Dukung],0,Direct journey,RM 3.90,55 min
Mutiara Damansara,Sungai Jernih,Mutiara Damansara → Sungai Jernih,4.9,59.0,SBK[Mutiara Damansara > Sungai Jernih],0,Direct journey,RM 4.90,59 min
Mutiara Damansara,Stadium Kajang,Mutiara Damansara → Stadium Kajang,5.0,60.0,SBK[Mutiara Damansara > Stadium Kajang],0,Direct journey,RM 5.00,60 min
Mutiara Damansara,Kajang,Mutiara Damansara → Kajang,5.1,63.0,SBK[Mutiara Damansara > Kajang],0,Direct journey,RM 5.10,63 min
Bandar Utama,TTDI,Bandar Utama → TTDI,1.3,4.0,SBK[Bandar Utama > TTDI],0,Direct journey,RM 1.30,4 min
Bandar Utama,Phileo Damansara,Bandar Utama → Phileo Damansara,1.7,7.0,SBK[Bandar Utama > Phileo Damansara],0,Direct journey,RM 1.70,7 min
Bandar Utama,Pusat Bandar Damansara,Bandar Utama → Pusat Bandar Damansara,2.2,10.0,SBK[Bandar Utama > Pusat Bandar Damansara],0,Direct journey,RM 2.20,10 min
Bandar Utama,Semantan,Bandar Utama → Semantan,2.5,12.0,SBK[Bandar Utama > Semantan],0,Direct journey,RM 2.50,12 min
Bandar Utama,Muzium Negara,Bandar Utama → Muzium Negara,2.9,17.0,SBK[Bandar Utama > Muzium Negara],0,Direct journey,RM 2.90,17 min
Bandar Utama,Pasar Seni (SBK),Bandar Utama → Pasar Seni (SBK),3.1,19.0,SBK[Bandar Utama > Pasar Seni (SBK)],0,Direct journey,RM 3.10,19 min
Bandar Utama,Merdeka,Bandar Utama → Merdeka,3.2,21.0,SBK[Bandar Utama > Merdeka],0,Direct journey,RM 3.20,21 min
Bandar Utama,Bukit Bintang,Bandar Utama → Bukit Bintang,3.4,24.0,SBK[Bandar Utama > Bukit Bintang],0,Direct journey,RM 3.40,24 min
Bandar Utama,Tun Razak Exchange (TRX),Bandar Utama → Tun Razak Exchange (TRX),3.2,26.0,SBK[Bandar Utama > Tun Razak Exchange (TRX)],0,Direct journey,RM 3.20,26 min
Bandar Utama,Cochrane,Bandar Utama → Cochrane,3.4,29.0,SBK[Bandar Utama > Cochrane],0,Direct journey,RM 3.40,29 min
Bandar Utama,Maluri (SBK),Bandar Utama → Maluri (SBK),3.6,30.0,SBK[Bandar Utama > Maluri (SBK)],0,Direct journey,RM 3.60,30 min
Bandar Utama,Taman Pertama,Bandar Utama → Taman Pertama,3.3,34.0,SBK[Bandar Utama > Taman Pertama],0,Direct journey,RM 3.30,34 min
Bandar Utama,Taman Midah,Bandar Utama → Taman Midah,3.4,36.0,SBK[Bandar Utama > Taman Midah],0,Direct journey,RM 3.40,36 min
Bandar Utama,Taman Mutiara,Bandar Utama → Taman Mutiara,3.6,38.0,SBK[Bandar Utama > Taman Mutiara],0,Direct journey,RM 3.60,38 min
Bandar Utama,Taman Connaught,Bandar Utama → Taman Connaught,3.8,41.0,SBK[Bandar Utama > Taman Connaught],0,Direct journey,RM 3.80,41 min
Bandar Utama,Taman Suntex,Bandar Utama → Taman Suntex,3.3,43.0,SBK[Bandar Utama > Taman Suntex],0,Direct journey,RM 3.30,43 min
Bandar Utama,Sri Raya,Bandar Utama → Sri Raya,3.4,46.0,SBK[Bandar Utama > Sri Raya],0,Direct journey,RM 3.40,46 min
Bandar Utama,Bandar Tun Hussein Onn,Bandar Utama → Bandar Tun Hussein Onn,3.6,48.0,SBK[Bandar Utama > Bandar Tun Hussein Onn],0,Direct journey,RM 3.60,48 min
Bandar Utama,Batu 11 Cheras,Bandar Utama → Batu 11 Cheras,3.6,50.0,SBK[Bandar Utama > Batu 11 Cheras],0,Direct journey,RM 3.60,50 min
Bandar Utama,Bukit Dukung,Bandar Utama → Bukit Dukung,3.8,53.0,SBK[Bandar Utama > Bukit Dukung],0,Direct journey,RM 3.80,53 min
Bandar Utama,Sungai Jernih,Bandar Utama → Sungai Jernih,4.7,57.0,SBK[Bandar Utama > Sungai Jernih],0,Direct journey,RM 4.70,57 min
Bandar Utama,Stadium Kajang,Bandar Utama → Stadium Kajang,4.8,58.0,SBK[Bandar Utama > Stadium Kajang],0,Direct journey,RM 4.80,58 min
Bandar Utama,Kajang,Bandar Utama → Kajang,5.0,61.0,SBK[Bandar Utama > Kajang],0,Direct journey,RM 5.00,61 min
TTDI,Phileo Damansara,TTDI → Phileo Damansara,1.2,4.0,SBK[TTDI > Phileo Damansara],0,Direct journey,RM 1.20,4 min
TTDI,Pusat Bandar Damansara,TTDI → Pusat Bandar Damansara,1.8,7.0,SBK[TTDI > Pusat Bandar Damansara],0,Direct journey,RM 1.80,7 min
TTDI,Semantan,TTDI → Semantan,2.1,9.0,SBK[TTDI > Semantan],0,Direct journey,RM 2.10,9 min
TTDI,Muzium Negara,TTDI → Muzium Negara,2.8,11.0,SBK[TTDI > Muzium Negara],0,Direct journey,RM 2.80,11 min
TTDI,Pasar Seni (SBK),TTDI → Pasar Seni (SBK),2.8,15.0,SBK[TTDI > Pasar Seni (SBK)],0,Direct journey,RM 2.80,15 min
TTDI,Merdeka,TTDI → Merdeka,2.9,19.0,SBK[TTDI > Merdeka],0,Direct journey,RM 2.90,19 min
TTDI,Bukit Bintang,TTDI → Bukit Bintang,3.1,21.0,SBK[TTDI > Bukit Bintang],0,Direct journey,RM 3.10,21 min
TTDI,Tun Razak Exchange (TRX),TTDI → Tun Razak Exchange (TRX),3.4,23.0,SBK[TTDI > Tun Razak Exchange (TRX)],0,Direct journey,RM 3.40,23 min
TTDI,Cochrane,TTDI → Cochrane,3.1,25.0,SBK[TTDI > Cochrane],0,Direct journey,RM 3.10,25 min
TTDI,Maluri (SBK),TTDI → Maluri (SBK),3.3,28.0,SBK[TTDI > Maluri (SBK)],0,Direct journey,RM 3.30,28 min
TTDI,Taman Pertama,TTDI → Taman Pertama,3.6,30.0,SBK[TTDI > Taman Pertama],0,Direct journey,RM 3.60,30 min
TTDI,Taman Midah,TTDI → Taman Midah,3.7,33.0,SBK[TTDI > Taman Midah],0,Direct journey,RM 3.70,33 min
TTDI,Taman Mutiara,TTDI → Taman Mutiara,3.4,35.0,SBK[TTDI > Taman Mutiara],0,Direct journey,RM 3.40,35 min
TTDI,Taman Connaught,TTDI → Taman Connaught,3.6,38.0,SBK[TTDI > Taman Connaught],0,Direct journey,RM 3.60,38 min
TTDI,Taman Suntex,TTDI → Taman Suntex,3.8,40.0,SBK[TTDI > Taman Suntex],0,Direct journey,RM 3.80,40 min
TTDI,Sri Raya,TTDI → Sri Raya,3.2,43.0,SBK[TTDI > Sri Raya],0,Direct journey,RM 3.20,43 min
TTDI,Bandar Tun Hussein Onn,TTDI → Bandar Tun Hussein Onn,3.4,46.0,SBK[TTDI > Bandar Tun Hussein Onn],0,Direct journey,RM 3.40,46 min
TTDI,Batu 11 Cheras,TTDI → Batu 11 Cheras,3.5,48.0,SBK[TTDI > Batu 11 Cheras],0,Direct journey,RM 3.50,48 min
TTDI,Bukit Dukung,TTDI → Bukit Dukung,3.6,50.0,SBK[TTDI > Bukit Dukung],0,Direct journey,RM 3.60,50 min
TTDI,Sungai Jernih,TTDI → Sungai Jernih,4.5,53.0,SBK[TTDI > Sungai Jernih],0,Direct journey,RM 4.50,53 min
TTDI,Stadium Kajang,TTDI → Stadium Kajang,4.6,55.0,SBK[TTDI > Stadium Kajang],0,Direct journey,RM 4.60,55 min
TTDI,Kajang,TTDI → Kajang,4.8,58.0,SBK[TTDI > Kajang],0,Direct journey,RM 4.80,58 min
Phileo Damansara,Pusat Bandar Damansara,Phileo Damansara → Pusat Bandar Damansara,1.6,4.0,SBK[Phileo Damansara > Pusat Bandar Damansara],0,Direct journey,RM 1.60,4 min
Phileo Damansara,Semantan,Phileo Damansara → Semantan,1.8,7.0,SBK[Phileo Damansara > Semantan],0,Direct journey,RM 1.80,7 min
Phileo Damansara,Muzium Negara,Phileo Damansara → Muzium Negara,2.5,10.0,SBK[Phileo Damansara > Muzium Negara],0,Direct journey,RM 2.50,10 min
Phileo Damansara,Pasar Seni (SBK),Phileo Damansara → Pasar Seni (SBK),2.7,11.0,SBK[Phileo Damansara > Pasar Seni (SBK)],0,Direct journey,RM 2.70,11 min
Phileo Damansara,Merdeka,Phileo Damansara → Merdeka,2.6,11.0,SBK[Phileo Damansara > Merdeka],0,Direct journey,RM 2.60,11 min
Phileo Damansara,Bukit Bintang,Phileo Damansara → Bukit Bintang,2.8,16.0,SBK[Phileo Damansara > Bukit Bintang],0,Direct journey,RM 2.80,16 min
Phileo Damansara,Tun Razak Exchange (TRX),Phileo Damansara → Tun Razak Exchange (TRX),3.1,21.0,SBK[Phileo Damansara > Tun Razak Exchange (TRX)],0,Direct journey,RM 3.10,21 min
Phileo Damansara,Cochrane,Phileo Damansara → Cochrane,3.3,23.0,SBK[Phileo Damansara > Cochrane],0,Direct journey,RM 3.30,23 min
Phileo Damansara,Maluri (SBK),Phileo Damansara → Maluri (SBK),3.1,25.0,SBK[Phileo Damansara > Maluri (SBK)],0,Direct journey,RM 3.10,25 min
Phileo Damansara,Taman Pertama,Phileo Damansara → Taman Pertama,3.3,28.0,SBK[Phileo Damansara > Taman Pertama],0,Direct journey,RM 3.30,28 min
Phileo Damansara,Taman Midah,Phileo Damansara → Taman Midah,3.5,30.0,SBK[Phileo Damansara > Taman Midah],0,Direct journey,RM 3.50,30 min
Phileo Damansara,Taman Mutiara,Phileo Damansara → Taman Mutiara,3.7,33.0,SBK[Phileo Damansara > Taman Mutiara],0,Direct journey,RM 3.70,33 min
Phileo Damansara,Taman Connaught,Phileo Damansara → Taman Connaught,3.4,35.0,SBK[Phileo Damansara > Taman Connaught],0,Direct journey,RM 3.40,35 min
Phileo Damansara,Taman Suntex,Phileo Damansara → Taman Suntex,3.6,38.0,SBK[Phileo Damansara > Taman Suntex],0,Direct journey,RM 3.60,38 min
Phileo Damansara,Sri Raya,Phileo Damansara → Sri Raya,3.8,40.0,SBK[Phileo Damansara > Sri Raya],0,Direct journey,RM 3.80,40 min
Phileo Damansara,Bandar Tun Hussein Onn,Phileo Damansara → Bandar Tun Hussein Onn,3.2,43.0,SBK[Phileo Damansara > Bandar Tun Hussein Onn],0,Direct journey,RM 3.20,43 min
Phileo Damansara,Batu 11 Cheras,Phileo Damansara → Batu 11 Cheras,3.3,46.0,SBK[Phileo Damansara > Batu 11 Cheras],0,Direct journey,RM 3.30,46 min
Phileo Damansara,Bukit Dukung,Phileo Damansara → Bukit Dukung,3.5,48.0,SBK[Phileo Damansara > Bukit Dukung],0,Direct journey,RM 3.50,48 min
Phileo Damansara,Sungai Jernih,Phileo Damansara → Sungai Jernih,4.3,50.0,SBK[Phileo Damansara > Sungai Jernih],0,Direct journey,RM 4.30,50 min
Phileo Damansara,Stadium Kajang,Phileo Damansara → Stadium Kajang,4.4,53.0,SBK[Phileo Damansara > Stadium Kajang],0,Direct journey,RM 4.40,53 min
Phileo Damansara,Kajang,Phileo Damansara → Kajang,4.6,55.0,SBK[Phileo Damansara > Kajang],0,Direct journey,RM 4.60,55 min
Pusat Bandar Damansara,Semantan,Pusat Bandar Damansara → Semantan,1.1,4.0,SBK[Pusat Bandar Damansara > Semantan],0,Direct journey,RM 1.10,4 min
Pusat Bandar Damansara,Muzium Negara,Pusat Bandar Damansara → Muzium Negara,1.8,7.0,SBK[Pusat Bandar Damansara > Muzium Negara],0,Direct journey,RM 1.80,7 min
Pusat Bandar Damansara,Pasar Seni (SBK),Pusat Bandar Damansara → Pasar Seni (SBK),2.1,10.0,SBK[Pusat Bandar Damansara > Pasar Seni (SBK)],0,Direct journey,RM 2.10,10 min
Pusat Bandar Damansara,Merdeka,Pusat Bandar Damansara → Merdeka,2.2,11.0,SBK[Pusat Bandar Damansara > Merdeka],0,Direct journey,RM 2.20,11 min
Pusat Bandar Damansara,Bukit Bintang,Pusat Bandar Damansara → Bukit Bintang,2.5,11.0,SBK[Pusat Bandar Damansara > Bukit Bintang],0,Direct journey,RM 2.50,11 min
Pusat Bandar Damansara,Tun Razak Exchange (TRX),Pusat Bandar Damansara → Tun Razak Exchange (TRX),2.8,16.0,SBK[Pusat Bandar Damansara > Tun Razak Exchange (TRX)],0,Direct journey,RM 2.80,16 min
Pusat Bandar Damansara,Cochrane,Pusat Bandar Damansara → Cochrane,2.8,21.0,SBK[Pusat Bandar Damansara > Cochrane],0,Direct journey,RM 2.80,21 min
Pusat Bandar Damansara,Maluri (SBK),Pusat Bandar Damansara → Maluri (SBK),3.0,23.0,SBK[Pusat Bandar Damansara > Maluri (SBK)],0,Direct journey,RM 3.00,23 min
Pusat Bandar Damansara,Taman Pertama,Pusat Bandar Damansara → Taman Pertama,3.3,25.0,SBK[Pusat Bandar Damansara > Taman Pertama],0,Direct journey,RM 3.30,25 min
Pusat Bandar Damansara,Taman Midah,Pusat Bandar Damansara → Taman Midah,3.5,28.0,SBK[Pusat Bandar Damansara > Taman Midah],0,Direct journey,RM 3.50,28 min
Pusat Bandar Damansara,Taman Mutiara,Pusat Bandar Damansara → Taman Mutiara,3.3,30.0,SBK[Pusat Bandar Damansara > Taman Mutiara],0,Direct journey,RM 3.30,30 min
Pusat Bandar Damansara,Taman Connaught,Pusat Bandar Damansara → Taman Connaught,3.5,33.0,SBK[Pusat Bandar Damansara > Taman Connaught],0,Direct journey,RM 3.50,33 min
Pusat Bandar Damansara,Taman Suntex,Pusat Bandar Damansara → Taman Suntex,3.3,35.0,SBK[Pusat Bandar Damansara > Taman Suntex],0,Direct journey,RM 3.30,35 min
Pusat Bandar Damansara,Sri Raya,Pusat Bandar Damansara → Sri Raya,3.5,38.0,SBK[Pusat Bandar Damansara > Sri Raya],0,Direct journey,RM 3.50,38 min
Pusat Bandar Damansara,Bandar Tun Hussein Onn,Pusat Bandar Damansara → Bandar Tun Hussein Onn,3.7,40.0,SBK[Pusat Bandar Damansara > Bandar Tun Hussein Onn],0,Direct journey,RM 3.70,40 min
Pusat Bandar Damansara,Batu 11 Cheras,Pusat Bandar Damansara → Batu 11 Cheras,3.8,43.0,SBK[Pusat Bandar Damansara > Batu 11 Cheras],0,Direct journey,RM 3.80,43 min
Pusat Bandar Damansara,Bukit Dukung,Pusat Bandar Damansara → Bukit Dukung,3.2,46.0,SBK[Pusat Bandar Damansara > Bukit Dukung],0,Direct journey,RM 3.20,46 min
Pusat Bandar Damansara,Sungai Jernih,Pusat Bandar Damansara → Sungai Jernih,4.0,48.0,SBK[Pusat Bandar Damansara > Sungai Jernih],0,Direct journey,RM 4.00,48 min
Pusat Bandar Damansara,Stadium Kajang,Pusat Bandar Damansara → Stadium Kajang,4.1,50.0,SBK[Pusat Bandar Damansara > Stadium Kajang],0,Direct journey,RM 4.10,50 min
Pusat Bandar Damansara,Kajang,Pusat Bandar Damansara → Kajang,4.3,53.0,SBK[Pusat Bandar Damansara > Kajang],0,Direct journey,RM 4.30,53 min
Semantan,Muzium Negara,Semantan → Muzium Negara,1.7,4.0,SBK[Semantan > Muzium Negara],0,Direct journey,RM 1.70,4 min
Semantan,Pasar Seni (SBK),Semantan → Pasar Seni (SBK),1.9,7.0,SBK[Semantan > Pasar Seni (SBK)],0,Direct journey,RM 1.90,7 min
Semantan,Merdeka,Semantan → Merdeka,2.0,10.0,SBK[Semantan > Merdeka],0,Direct journey,RM 2.00,10 min
Semantan,Bukit Bintang,Semantan → Bukit Bintang,2.3,11.0,SBK[Semantan > Bukit Bintang],0,Direct journey,RM 2.30,11 min
Semantan,Tun Razak Exchange (TRX),Semantan → Tun Razak Exchange (TRX),2.6,11.0,SBK[Semantan > Tun Razak Exchange (TRX)],0,Direct journey,RM 2.60,11 min
Semantan,Cochrane,Semantan → Cochrane,2.6,16.0,SBK[Semantan > Cochrane],0,Direct journey,RM 2.60,16 min
Semantan,Maluri (SBK),Semantan → Maluri (SBK),2.8,21.0,SBK[Semantan > Maluri (SBK)],0,Direct journey,RM 2.80,21 min
Semantan,Taman Pertama,Semantan → Taman Pertama,3.1,23.0,SBK[Semantan > Taman Pertama],0,Direct journey,RM 3.10,23 min
Semantan,Taman Midah,Semantan → Taman Midah,3.3,25.0,SBK[Semantan > Taman Midah],0,Direct journey,RM 3.30,25 min
Semantan,Taman Mutiara,Semantan → Taman Mutiara,3.1,28.0,SBK[Semantan > Taman Mutiara],0,Direct journey,RM 3.10,28 min
Semantan,Taman Connaught,Semantan → Taman Connaught,3.4,30.0,SBK[Semantan > Taman Connaught],0,Direct journey,RM 3.40,30 min
Semantan,Taman Suntex,Semantan → Taman Suntex,3.7,33.0,SBK[Semantan > Taman Suntex],0,Direct journey,RM 3.70,33 min
Semantan,Sri Raya,Semantan → Sri Raya,3.3,35.0,SBK[Semantan > Sri Raya],0,Direct journey,RM 3.30,35 min
Semantan,Bandar Tun Hussein Onn,Semantan → Bandar Tun Hussein Onn,3.5,38.0,SBK[Semantan > Bandar Tun Hussein Onn],0,Direct journey,RM 3.50,38 min
Semantan,Batu 11 Cheras,Semantan → Batu 11 Cheras,3.6,40.0,SBK[Semantan > Batu 11 Cheras],0,Direct journey,RM 3.60,40 min
Semantan,Bukit Dukung,Semantan → Bukit Dukung,3.1,43.0,SBK[Semantan > Bukit Dukung],0,Direct journey,RM 3.10,43 min
Semantan,Sungai Jernih,Semantan → Sungai Jernih,3.9,46.0,SBK[Semantan > Sungai Jernih],0,Direct journey,RM 3.90,46 min
Semantan,Stadium Kajang,Semantan → Stadium Kajang,4.0,48.0,SBK[Semantan > Stadium Kajang],0,Direct journey,RM 4.00,48 min
Semantan,Kajang,Semantan → Kajang,4.2,50.0,SBK[Semantan > Kajang],0,Direct journey,RM 4.20,50 min
Muzium Negara,Pasar Seni (SBK),Muzium Negara → Pasar Seni (SBK),1.2,4.0,SBK[Muzium Negara > Pasar Seni (SBK)],0,Direct journey,RM 1.20,4 min
Muzium Negara,Merdeka,Muzium Negara → Merdeka,1.3,7.0,SBK[Muzium Negara > Merdeka],0,Direct journey,RM 1.30,7 min
Muzium Negara,Bukit Bintang,Muzium Negara → Bukit Bintang,1.6,10.0,SBK[Muzium Negara > Bukit Bintang],0,Direct journey,RM 1.60,10 min
Muzium Negara,Tun Razak Exchange (TRX),Muzium Negara → Tun Razak Exchange (TRX),1.9,11.0,SBK[Muzium Negara > Tun Razak Exchange (TRX)],0,Direct journey,RM 1.90,11 min
Muzium Negara,Cochrane,Muzium Negara → Cochrane,2.1,11.0,SBK[Muzium Negara > Cochrane],0,Direct journey,RM 2.10,11 min
Muzium Negara,Maluri (SBK),Muzium Negara → Maluri (SBK),2.3,16.0,SBK[Muzium Negara > Maluri (SBK)],0,Direct journey,RM 2.30,16 min
Muzium Negara,Taman Pertama,Muzium Negara → Taman Pertama,2.7,21.0,SBK[Muzium Negara > Taman Pertama],0,Direct journey,RM 2.70,21 min
Muzium Negara,Taman Midah,Muzium Negara → Taman Midah,2.7,23.0,SBK[Muzium Negara > Taman Midah],0,Direct journey,RM 2.70,23 min
Muzium Negara,Taman Mutiara,Muzium Negara → Taman Mutiara,3.0,25.0,SBK[Muzium Negara > Taman Mutiara],0,Direct journey,RM 3.00,25 min
Muzium Negara,Taman Connaught,Muzium Negara → Taman Connaught,3.3,28.0,SBK[Muzium Negara > Taman Connaught],0,Direct journey,RM 3.30,28 min
Muzium Negara,Taman Suntex,Muzium Negara → Taman Suntex,3.2,30.0,SBK[Muzium Negara > Taman Suntex],0,Direct journey,RM 3.20,30 min
Muzium Negara,Sri Raya,Muzium Negara → Sri Raya,3.4,33.0,SBK[Muzium Negara > Sri Raya],0,Direct journey,RM 3.40,33 min
Muzium Negara,Bandar Tun Hussein Onn,Muzium Negara → Bandar Tun Hussein Onn,3.7,35.0,SBK[Muzium Negara > Bandar Tun Hussein Onn],0,Direct journey,RM 3.70,35 min
Muzium Negara,Batu 11 Cheras,Muzium Negara → Batu 11 Cheras,3.2,38.0,SBK[Muzium Negara > Batu 11 Cheras],0,Direct journey,RM 3.20,38 min
Muzium Negara,Bukit Dukung,Muzium Negara → Bukit Dukung,3.5,40.0,SBK[Muzium Negara > Bukit Dukung],0,Direct journey,RM 3.50,40 min
Muzium Negara,Sungai Jernih,Muzium Negara → Sungai Jernih,3.6,43.0,SBK[Muzium Negara > Sungai Jernih],0,Direct journey,RM 3.60,43 min
Muzium Negara,Stadium Kajang,Muzium Negara → Stadium Kajang,3.7,46.0,SBK[Muzium Negara > Stadium Kajang],0,Direct journey,RM 3.70,46 min
Muzium Negara,Kajang,Muzium Negara → Kajang,3.8,48.0,SBK[Muzium Negara > Kajang],0,Direct journey,RM 3.80,48 min
Pasar Seni (SBK),Merdeka,Pasar Seni (SBK) → Merdeka,1.0,4.0,SBK[Pasar Seni (SBK) > Merdeka],0,Direct journey,RM 1.00,4 min
Pasar Seni (SBK),Bukit Bintang,Pasar Seni (SBK) → Bukit Bintang,1.3,7.0,SBK[Pasar Seni (SBK) > Bukit Bintang],0,Direct journey,RM 1.30,7 min
Pasar Seni (SBK),Tun Razak Exchange (TRX),Pasar Seni (SBK) → Tun Razak Exchange (TRX),1.7,10.0,SBK[Pasar Seni (SBK) > Tun Razak Exchange (TRX)],0,Direct journey,RM 1.70,10 min
Pasar Seni (SBK),Cochrane,Pasar Seni (SBK) → Cochrane,1.8,11.0,SBK[Pasar Seni (SBK) > Cochrane],0,Direct journey,RM 1.80,11 min
Pasar Seni (SBK),Maluri (SBK),Pasar Seni (SBK) → Maluri (SBK),2.1,11.0,SBK[Pasar Seni (SBK) > Maluri (SBK)],0,Direct journey,RM 2.10,11 min
Pasar Seni (SBK),Taman Pertama,Pasar Seni (SBK) → Taman Pertama,2.5,16.0,SBK[Pasar Seni (SBK) > Taman Pertama],0,Direct journey,RM 2.50,16 min
Pasar Seni (SBK),Taman Midah,Pasar Seni (SBK) → Taman Midah,2.7,21.0,SBK[Pasar Seni (SBK) > Taman Midah],0,Direct journey,RM 2.70,21 min
Pasar Seni (SBK),Taman Mutiara,Pasar Seni (SBK) → Taman Mutiara,2.8,23.0,SBK[Pasar Seni (SBK) > Taman Mutiara],0,Direct journey,RM 2.80,23 min
Pasar Seni (SBK),Taman Connaught,Pasar Seni (SBK) → Taman Connaught,3.0,25.0,SBK[Pasar Seni (SBK) > Taman Connaught],0,Direct journey,RM 3.00,25 min
Pasar Seni (SBK),Taman Suntex,Pasar Seni (SBK) → Taman Suntex,3.5,28.0,SBK[Pasar Seni (SBK) > Taman Suntex],0,Direct journey,RM 3.50,28 min
Pasar Seni (SBK),Sri Raya,Pasar Seni (SBK) → Sri Raya,3.3,30.0,SBK[Pasar Seni (SBK) > Sri Raya],0,Direct journey,RM 3.30,30 min
Pasar Seni (SBK),Bandar Tun Hussein Onn,Pasar Seni (SBK) → Bandar Tun Hussein Onn,3.5,33.0,SBK[Pasar Seni (SBK) > Bandar Tun Hussein Onn],0,Direct journey,RM 3.50,33 min
Pasar Seni (SBK),Batu 11 Cheras,Pasar Seni (SBK) → Batu 11 Cheras,3.6,35.0,SBK[Pasar Seni (SBK) > Batu 11 Cheras],0,Direct journey,RM 3.60,35 min
Pasar Seni (SBK),Bukit Dukung,Pasar Seni (SBK) → Bukit Dukung,3.3,38.0,SBK[Pasar Seni (SBK) > Bukit Dukung],0,Direct journey,RM 3.30,38 min
Pasar Seni (SBK),Sungai Jernih,Pasar Seni (SBK) → Sungai Jernih,3.7,40.0,SBK[Pasar Seni (SBK) > Sungai Jernih],0,Direct journey,RM 3.70,40 min
Pasar Seni (SBK),Stadium Kajang,Pasar Seni (SBK) → Stadium Kajang,3.8,43.0,SBK[Pasar Seni (SBK) > Stadium Kajang],0,Direct journey,RM 3.80,43 min
Pasar Seni (SBK),Kajang,Pasar Seni (SBK) → Kajang,3.2,46.0,SBK[Pasar Seni (SBK) > Kajang],0,Direct journey,RM 3.20,46 min
Merdeka,Bukit Bintang,Merdeka → Bukit Bintang,1.1,4.0,SBK[Merdeka > Bukit Bintang],0,Direct journey,RM 1.10,4 min
Merdeka,Tun Razak Exchange (TRX),Merdeka → Tun Razak Exchange (TRX),1.5,7.0,SBK[Merdeka > Tun Razak Exchange (TRX)],0,Direct journey,RM 1.50,7 min
Merdeka,Cochrane,Merdeka → Cochrane,1.8,10.0,SBK[Merdeka > Cochrane],0,Direct journey,RM 1.80,10 min
Merdeka,Maluri (SBK),Merdeka → Maluri (SBK),1.9,11.0,SBK[Merdeka > Maluri (SBK)],0,Direct journey,RM 1.90,11 min
Merdeka,Taman Pertama,Merdeka → Taman Pertama,2.3,11.0,SBK[Merdeka > Taman Pertama],0,Direct journey,RM 2.30,11 min
Merdeka,Taman Midah,Merdeka → Taman Midah,2.5,16.0,SBK[Merdeka > Taman Midah],0,Direct journey,RM 2.50,16 min
Merdeka,Taman Mutiara,Merdeka → Taman Mutiara,2.6,21.0,SBK[Merdeka > Taman Mutiara],0,Direct journey,RM 2.60,21 min
Merdeka,Taman Connaught,Merdeka → Taman Connaught,2.9,23.0,SBK[Merdeka > Taman Connaught],0,Direct journey,RM 2.90,23 min
Merdeka,Taman Suntex,Merdeka → Taman Suntex,3.3,25.0,SBK[Merdeka > Taman Suntex],0,Direct journey,RM 3.30,25 min
Merdeka,Sri Raya,Merdeka → Sri Raya,3.2,28.0,SBK[Merdeka > Sri Raya],0,Direct journey,RM 3.20,28 min
Merdeka,Bandar Tun Hussein Onn,Merdeka → Bandar Tun Hussein Onn,3.4,30.0,SBK[Merdeka > Bandar Tun Hussein Onn],0,Direct journey,RM 3.40,30 min
Merdeka,Batu 11 Cheras,Merdeka → Batu 11 Cheras,3.5,33.0,SBK[Merdeka > Batu 11 Cheras],0,Direct journey,RM 3.50,33 min
Merdeka,Bukit Dukung,Merdeka → Bukit Dukung,3.8,35.0,SBK[Merdeka > Bukit Dukung],0,Direct journey,RM 3.80,35 min
Merdeka,Sungai Jernih,Merdeka → Sungai Jernih,3.6,38.0,SBK[Merdeka > Sungai Jernih],0,Direct journey,RM 3.60,38 min
Merdeka,Stadium Kajang,Merdeka → Stadium Kajang,3.7,40.0,SBK[Merdeka > Stadium Kajang],0,Direct journey,RM 3.70,40 min
Merdeka,Kajang,Merdeka → Kajang,3.2,43.0,SBK[Merdeka > Kajang],0,Direct journey,RM 3.20,43 min
Bukit Bintang,Tun Razak Exchange (TRX),Bukit Bintang → Tun Razak Exchange (TRX),1.2,4.0,SBK[Bukit Bintang > Tun Razak Exchange (TRX)],0,Direct journey,RM 1.20,4 min
Bukit Bintang,Cochrane,Bukit Bintang → Cochrane,1.5,7.0,SBK[Bukit Bintang > Cochrane],0,Direct journey,RM 1.50,7 min
Bukit Bintang,Maluri (SBK),Bukit Bintang → Maluri (SBK),1.8,10.0,SBK[Bukit Bintang > Maluri (SBK)],0,Direct journey,RM 1.80,10 min
Bukit Bintang,Taman Pertama,Bukit Bintang → Taman Pertama,2.1,11.0,SBK[Bukit Bintang > Taman Pertama],0,Direct journey,RM 2.10,11 min
Bukit Bintang,Taman Midah,Bukit Bintang → Taman Midah,2.3,11.0,SBK[Bukit Bintang > Taman Midah],0,Direct journey,RM 2.30,11 min
Bukit Bintang,Taman Mutiara,Bukit Bintang → Taman Mutiara,2.6,16.0,SBK[Bukit Bintang > Taman Mutiara],0,Direct journey,RM 2.60,16 min
Bukit Bintang,Taman Connaught,Bukit Bintang → Taman Connaught,2.7,21.0,SBK[Bukit Bintang > Taman Connaught],0,Direct journey,RM 2.70,21 min
Bukit Bintang,Taman Suntex,Bukit Bintang → Taman Suntex,3.1,23.0,SBK[Bukit Bintang > Taman Suntex],0,Direct journey,RM 3.10,23 min
Bukit Bintang,Sri Raya,Bukit Bintang → Sri Raya,3.4,25.0,SBK[Bukit Bintang > Sri Raya],0,Direct journey,RM 3.40,25 min
Bukit Bintang,Bandar Tun Hussein Onn,Bukit Bintang → Bandar Tun Hussein Onn,3.2,28.0,SBK[Bukit Bintang > Bandar Tun Hussein Onn],0,Direct journey,RM 3.20,28 min
Bukit Bintang,Batu 11 Cheras,Bukit Bintang → Batu 11 Cheras,3.3,30.0,SBK[Bukit Bintang > Batu 11 Cheras],0,Direct journey,RM 3.30,30 min
Bukit Bintang,Bukit Dukung,Bukit Bintang → Bukit Dukung,3.6,33.0,SBK[Bukit Bintang > Bukit Dukung],0,Direct journey,RM 3.60,33 min
Bukit Bintang,Sungai Jernih,Bukit Bintang → Sungai Jernih,3.5,35.0,SBK[Bukit Bintang > Sungai Jernih],0,Direct journey,RM 3.50,35 min
Bukit Bintang,Stadium Kajang,Bukit Bintang → Stadium Kajang,3.6,38.0,SBK[Bukit Bintang > Stadium Kajang],0,Direct journey,RM 3.60,38 min
Bukit Bintang,Kajang,Bukit Bintang → Kajang,3.8,40.0,SBK[Bukit Bintang > Kajang],0,Direct journey,RM 3.80,40 min
Tun Razak Exchange (TRX),Cochrane,Tun Razak Exchange (TRX) → Cochrane,1.1,4.0,SBK[Tun Razak Exchange (TRX) > Cochrane],0,Direct journey,RM 1.10,4 min
Tun Razak Exchange (TRX),Maluri (SBK),Tun Razak Exchange (TRX) → Maluri (SBK),1.4,7.0,SBK[Tun Razak Exchange (TRX) > Maluri (SBK)],0,Direct journey,RM 1.40,7 min
Tun Razak Exchange (TRX),Taman Pertama,Tun Razak Exchange (TRX) → Taman Pertama,1.8,10.0,SBK[Tun Razak Exchange (TRX) > Taman Pertama],0,Direct journey,RM 1.80,10 min
Tun Razak Exchange (TRX),Taman Midah,Tun Razak Exchange (TRX) → Taman Midah,1.9,11.0,SBK[Tun Razak Exchange (TRX) > Taman Midah],0,Direct journey,RM 1.90,11 min
Tun Razak Exchange (TRX),Taman Mutiara,Tun Razak Exchange (TRX) → Taman Mutiara,2.3,11.0,SBK[Tun Razak Exchange (TRX) > Taman Mutiara],0,Direct journey,RM 2.30,11 min
Tun Razak Exchange (TRX),Taman Connaught,Tun Razak Exchange (TRX) → Taman Connaught,2.7,16.0,SBK[Tun Razak Exchange (TRX) > Taman Connaught],0,Direct journey,RM 2.70,16 min
Tun Razak Exchange (TRX),Taman Suntex,Tun Razak Exchange (TRX) → Taman Suntex,2.9,21.0,SBK[Tun Razak Exchange (TRX) > Taman Suntex],0,Direct journey,RM 2.90,21 min
Tun Razak Exchange (TRX),Sri Raya,Tun Razak Exchange (TRX) → Sri Raya,3.1,23.0,SBK[Tun Razak Exchange (TRX) > Sri Raya],0,Direct journey,RM 3.10,23 min
Tun Razak Exchange (TRX),Bandar Tun Hussein Onn,Tun Razak Exchange (TRX) → Bandar Tun Hussein Onn,3.4,25.0,SBK[Tun Razak Exchange (TRX) > Bandar Tun Hussein Onn],0,Direct journey,RM 3.40,25 min
Tun Razak Exchange (TRX),Batu 11 Cheras,Tun Razak Exchange (TRX) → Batu 11 Cheras,3.1,28.0,SBK[Tun Razak Exchange (TRX) > Batu 11 Cheras],0,Direct journey,RM 3.10,28 min
Tun Razak Exchange (TRX),Bukit Dukung,Tun Razak Exchange (TRX) → Bukit Dukung,3.4,30.0,SBK[Tun Razak Exchange (TRX) > Bukit Dukung],0,Direct journey,RM 3.40,30 min
Tun Razak Exchange (TRX),Sungai Jernih,Tun Razak Exchange (TRX) → Sungai Jernih,3.3,33.0,SBK[Tun Razak Exchange (TRX) > Sungai Jernih],0,Direct journey,RM 3.30,33 min
Tun Razak Exchange (TRX),Stadium Kajang,Tun Razak Exchange (TRX) → Stadium Kajang,3.4,35.0,SBK[Tun Razak Exchange (TRX) > Stadium Kajang],0,Direct journey,RM 3.40,35 min
Tun Razak Exchange (TRX),Kajang,Tun Razak Exchange (TRX) → Kajang,3.6,38.0,SBK[Tun Razak Exchange (TRX) > Kajang],0,Direct journey,RM 3.60,38 min
Cochrane,Maluri (SBK),Cochrane → Maluri (SBK),1.1,4.0,SBK[Cochrane > Maluri (SBK)],0,Direct journey,RM 1.10,4 min
Cochrane,Taman Pertama,Cochrane → Taman Pertama,1.5,7.0,SBK[Cochrane > Taman Pertama],0,Direct journey,RM 1.50,7 min
Cochrane,Taman Midah,Cochrane → Taman Midah,1.8,10.0,SBK[Cochrane > Taman Midah],0,Direct journey,RM 1.80,10 min
Cochrane,Taman Mutiara,Cochrane → Taman Mutiara,2.1,11.0,SBK[Cochrane > Taman Mutiara],0,Direct journey,RM 2.10,11 min
Cochrane,Taman Connaught,Cochrane → Taman Connaught,2.4,11.0,SBK[Cochrane > Taman Connaught],0,Direct journey,RM 2.40,11 min
Cochrane,Taman Suntex,Cochrane → Taman Suntex,2.6,16.0,SBK[Cochrane > Taman Suntex],0,Direct journey,RM 2.60,16 min
Cochrane,Sri Raya,Cochrane → Sri Raya,2.9,21.0,SBK[Cochrane > Sri Raya],0,Direct journey,RM 2.90,21 min
Cochrane,Bandar Tun Hussein Onn,Cochrane → Bandar Tun Hussein Onn,3.2,23.0,SBK[Cochrane > Bandar Tun Hussein Onn],0,Direct journey,RM 3.20,23 min
Cochrane,Batu 11 Cheras,Cochrane → Batu 11 Cheras,3.3,25.0,SBK[Cochrane > Batu 11 Cheras],0,Direct journey,RM 3.30,25 min
Cochrane,Bukit Dukung,Cochrane → Bukit Dukung,3.2,28.0,SBK[Cochrane > Bukit Dukung],0,Direct journey,RM 3.20,28 min
Cochrane,Sungai Jernih,Cochrane → Sungai Jernih,3.7,30.0,SBK[Cochrane > Sungai Jernih],0,Direct journey,RM 3.70,30 min
Cochrane,Stadium Kajang,Cochrane → Stadium Kajang,3.3,33.0,SBK[Cochrane > Stadium Kajang],0,Direct journey,RM 3.30,33 min
Cochrane,Kajang,Cochrane → Kajang,3.4,35.0,SBK[Cochrane > Kajang],0,Direct journey,RM 3.40,35 min
Maluri (SBK),Taman Pertama,Maluri (SBK) → Taman Pertama,1.3,4.0,SBK[Maluri (SBK) > Taman Pertama],0,Direct journey,RM 1.30,4 min
Maluri (SBK),Taman Midah,Maluri (SBK) → Taman Midah,1.5,7.0,SBK[Maluri (SBK) > Taman Midah],0,Direct journey,RM 1.50,7 min
Maluri (SBK),Taman Mutiara,Maluri (SBK) → Taman Mutiara,1.8,10.0,SBK[Maluri (SBK) > Taman Mutiara],0,Direct journey,RM 1.80,10 min
Maluri (SBK),Taman Connaught,Maluri (SBK) → Taman Connaught,2.2,11.0,SBK[Maluri (SBK) > Taman Connaught],0,Direct journey,RM 2.20,11 min
Maluri (SBK),Taman Suntex,Maluri (SBK) → Taman Suntex,2.7,11.0,SBK[Maluri (SBK) > Taman Suntex],0,Direct journey,RM 2.70,11 min
Maluri (SBK),Sri Raya,Maluri (SBK) → Sri Raya,2.7,16.0,SBK[Maluri (SBK) > Sri Raya],0,Direct journey,RM 2.70,16 min
Maluri (SBK),Bandar Tun Hussein Onn,Maluri (SBK) → Bandar Tun Hussein Onn,3.0,21.0,SBK[Maluri (SBK) > Bandar Tun Hussein Onn],0,Direct journey,RM 3.00,21 min
Maluri (SBK),Batu 11 Cheras,Maluri (SBK) → Batu 11 Cheras,3.2,23.0,SBK[Maluri (SBK) > Batu 11 Cheras],0,Direct journey,RM 3.20,23 min
Maluri (SBK),Bukit Dukung,Maluri (SBK) → Bukit Dukung,3.1,25.0,SBK[Maluri (SBK) > Bukit Dukung],0,Direct journey,RM 3.10,25 min
Maluri (SBK),Sungai Jernih,Maluri (SBK) → Sungai Jernih,3.6,28.0,SBK[Maluri (SBK) > Sungai Jernih],0,Direct journey,RM 3.60,28 min
Maluri (SBK),Stadium Kajang,Maluri (SBK) → Stadium Kajang,3.7,30.0,SBK[Maluri (SBK) > Stadium Kajang],0,Direct journey,RM 3.70,30 min
Maluri (SBK),Kajang,Maluri (SBK) → Kajang,3.3,33.0,SBK[Maluri (SBK) > Kajang],0,Direct journey,RM 3.30,33 min
Taman Pertama,Taman Midah,Taman Pertama → Taman Midah,1.1,4.0,SBK[Taman Pertama > Taman Midah],0,Direct journey,RM 1.10,4 min
Taman Pertama,Taman Mutiara,Taman Pertama → Taman Mutiara,1.5,7.0,SBK[Taman Pertama > Taman Mutiara],0,Direct journey,RM 1.50,7 min
Taman Pertama,Taman Connaught,Taman Pertama → Taman Connaught,1.8,10.0,SBK[Taman Pertama > Taman Connaught],0,Direct journey,RM 1.80,10 min
Taman Pertama,Taman Suntex,Taman Pertama → Taman Suntex,2.3,11.0,SBK[Taman Pertama > Taman Suntex],0,Direct journey,RM 2.30,11 min
Taman Pertama,Sri Raya,Taman Pertama → Sri Raya,2.6,11.0,SBK[Taman Pertama > Sri Raya],0,Direct journey,RM 2.60,11 min
Taman Pertama,Bandar Tun Hussein Onn,Taman Pertama → Bandar Tun Hussein Onn,2.7,16.0,SBK[Taman Pertama > Bandar Tun Hussein Onn],0,Direct journey,RM 2.70,16 min
Taman Pertama,Batu 11 Cheras,Taman Pertama → Batu 11 Cheras,2.8,21.0,SBK[Taman Pertama > Batu 11 Cheras],0,Direct journey,RM 2.80,21 min
Taman Pertama,Bukit Dukung,Taman Pertama → Bukit Dukung,3.2,23.0,SBK[Taman Pertama > Bukit Dukung],0,Direct journey,RM 3.20,23 min
Taman Pertama,Sungai Jernih,Taman Pertama → Sungai Jernih,3.3,25.0,SBK[Taman Pertama > Sungai Jernih],0,Direct journey,RM 3.30,25 min
Taman Pertama,Stadium Kajang,Taman Pertama → Stadium Kajang,3.4,28.0,SBK[Taman Pertama > Stadium Kajang],0,Direct journey,RM 3.40,28 min
Taman Pertama,Kajang,Taman Pertama → Kajang,3.6,30.0,SBK[Taman Pertama > Kajang],0,Direct journey,RM 3.60,30 min
Taman Midah,Taman Mutiara,Taman Midah → Taman Mutiara,1.3,4.0,SBK[Taman Midah > Taman Mutiara],0,Direct journey,RM 1.30,4 min
Taman Midah,Taman Connaught,Taman Midah → Taman Connaught,1.7,7.0,SBK[Taman Midah > Taman Connaught],0,Direct journey,RM 1.70,7 min
Taman Midah,Taman Suntex,Taman Midah → Taman Suntex,2.1,10.0,SBK[Taman Midah > Taman Suntex],0,Direct journey,RM 2.10,10 min
Taman Midah,Sri Raya,Taman Midah → Sri Raya,2.4,11.0,SBK[Taman Midah > Sri Raya],0,Direct journey,RM 2.40,11 min
Taman Midah,Bandar Tun Hussein Onn,Taman Midah → Bandar Tun Hussein Onn,2.8,11.0,SBK[Taman Midah > Bandar Tun Hussein Onn],0,Direct journey,RM 2.80,11 min
Taman Midah,Batu 11 Cheras,Taman Midah → Batu 11 Cheras,2.7,16.0,SBK[Taman Midah > Batu 11 Cheras],0,Direct journey,RM 2.70,16 min
Taman Midah,Bukit Dukung,Taman Midah → Bukit Dukung,3.0,21.0,SBK[Taman Midah > Bukit Dukung],0,Direct journey,RM 3.00,21 min
Taman Midah,Sungai Jernih,Taman Midah → Sungai Jernih,3.1,23.0,SBK[Taman Midah > Sungai Jernih],0,Direct journey,RM 3.10,23 min
Taman Midah,Stadium Kajang,Taman Midah → Stadium Kajang,3.3,25.0,SBK[Taman Midah > Stadium Kajang],0,Direct journey,RM 3.30,25 min
Taman Midah,Kajang,Taman Midah → Kajang,3.5,28.0,SBK[Taman Midah > Kajang],0,Direct journey,RM 3.50,28 min
Taman Mutiara,Taman Connaught,Taman Mutiara → Taman Connaught,1.2,4.0,SBK[Taman Mutiara > Taman Connaught],0,Direct journey,RM 1.20,4 min
Taman Mutiara,Taman Suntex,Taman Mutiara → Taman Suntex,1.8,7.0,SBK[Taman Mutiara > Taman Suntex],0,Direct journey,RM 1.80,7 min
Taman Mutiara,Sri Raya,Taman Mutiara → Sri Raya,2.0,10.0,SBK[Taman Mutiara > Sri Raya],0,Direct journey,RM 2.00,10 min
Taman Mutiara,Bandar Tun Hussein Onn,Taman Mutiara → Bandar Tun Hussein Onn,2.4,11.0,SBK[Taman Mutiara > Bandar Tun Hussein Onn],0,Direct journey,RM 2.40,11 min
Taman Mutiara,Batu 11 Cheras,Taman Mutiara → Batu 11 Cheras,2.6,11.0,SBK[Taman Mutiara > Batu 11 Cheras],0,Direct journey,RM 2.60,11 min
Taman Mutiara,Bukit Dukung,Taman Mutiara → Bukit Dukung,2.7,16.0,SBK[Taman Mutiara > Bukit Dukung],0,Direct journey,RM 2.70,16 min
Taman Mutiara,Sungai Jernih,Taman Mutiara → Sungai Jernih,3.3,21.0,SBK[Taman Mutiara > Sungai Jernih],0,Direct journey,RM 3.30,21 min
Taman Mutiara,Stadium Kajang,Taman Mutiara → Stadium Kajang,3.4,23.0,SBK[Taman Mutiara > Stadium Kajang],0,Direct journey,RM 3.40,23 min
Taman Mutiara,Kajang,Taman Mutiara → Kajang,3.2,25.0,SBK[Taman Mutiara > Kajang],0,Direct journey,RM 3.20,25 min
Taman Connaught,Taman Suntex,Taman Connaught → Taman Suntex,1.4,4.0,SBK[Taman Connaught > Taman Suntex],0,Direct journey,RM 1.40,4 min
Taman Connaught,Sri Raya,Taman Connaught → Sri Raya,1.8,7.0,SBK[Taman Connaught > Sri Raya],0,Direct journey,RM 1.80,7 min
Taman Connaught,Bandar Tun Hussein Onn,Taman Connaught → Bandar Tun Hussein Onn,2.0,10.0,SBK[Taman Connaught > Bandar Tun Hussein Onn],0,Direct journey,RM 2.00,10 min
Taman Connaught,Batu 11 Cheras,Taman Connaught → Batu 11 Cheras,2.2,11.0,SBK[Taman Connaught > Batu 11 Cheras],0,Direct journey,RM 2.20,11 min
Taman Connaught,Bukit Dukung,Taman Connaught → Bukit Dukung,2.6,11.0,SBK[Taman Connaught > Bukit Dukung],0,Direct journey,RM 2.60,11 min
Taman Connaught,Sungai Jernih,Taman Connaught → Sungai Jernih,3.0,16.0,SBK[Taman Connaught > Sungai Jernih],0,Direct journey,RM 3.00,16 min
Taman Connaught,Stadium Kajang,Taman Connaught → Stadium Kajang,3.1,21.0,SBK[Taman Connaught > Stadium Kajang],0,Direct journey,RM 3.10,21 min
Taman Connaught,Kajang,Taman Connaught → Kajang,3.4,23.0,SBK[Taman Connaught > Kajang],0,Direct journey,RM 3.40,23 min
Taman Suntex,Sri Raya,Taman Suntex → Sri Raya,1.2,4.0,SBK[Taman Suntex > Sri Raya],0,Direct journey,RM 1.20,4 min
Taman Suntex,Bandar Tun Hussein Onn,Taman Suntex → Bandar Tun Hussein Onn,1.6,7.0,SBK[Taman Suntex > Bandar Tun Hussein Onn],0,Direct journey,RM 1.60,7 min
Taman Suntex,Batu 11 Cheras,Taman Suntex → Batu 11 Cheras,1.8,10.0,SBK[Taman Suntex > Batu 11 Cheras],0,Direct journey,RM 1.80,10 min
Taman Suntex,Bukit Dukung,Taman Suntex → Bukit Dukung,2.1,11.0,SBK[Taman Suntex > Bukit Dukung],0,Direct journey,RM 2.10,11 min
Taman Suntex,Sungai Jernih,Taman Suntex → Sungai Jernih,2.6,11.0,SBK[Taman Suntex > Sungai Jernih],0,Direct journey,RM 2.60,11 min
Taman Suntex,Stadium Kajang,Taman Suntex → Stadium Kajang,2.7,16.0,SBK[Taman Suntex > Stadium Kajang],0,Direct journey,RM 2.70,16 min
Taman Suntex,Kajang,Taman Suntex → Kajang,3.0,21.0,SBK[Taman Suntex > Kajang],0,Direct journey,RM 3.00,21 min
Sri Raya,Bandar Tun Hussein Onn,Sri Raya → Bandar Tun Hussein Onn,1.3,4.0,SBK[Sri Raya > Bandar Tun Hussein Onn],0,Direct journey,RM 1.30,4 min
Sri Raya,Batu 11 Cheras,Sri Raya → Batu 11 Cheras,1.5,7.0,SBK[Sri Raya > Batu 11 Cheras],0,Direct journey,RM 1.50,7 min
Sri Raya,Bukit Dukung,Sri Raya → Bukit Dukung,1.8,10.0,SBK[Sri Raya > Bukit Dukung],0,Direct journey,RM 1.80,10 min
Sri Raya,Sungai Jernih,Sri Raya → Sungai Jernih,2.5,11.0,SBK[Sri Raya > Sungai Jernih],0,Direct journey,RM 2.50,11 min
Sri Raya,Stadium Kajang,Sri Raya → Stadium Kajang,2.7,11.0,SBK[Sri Raya > Stadium Kajang],0,Direct journey,RM 2.70,11 min
Sri Raya,Kajang,Sri Raya → Kajang,2.7,16.0,SBK[Sri Raya > Kajang],0,Direct journey,RM 2.70,16 min
Bandar Tun Hussein Onn,Batu 11 Cheras,Bandar Tun Hussein Onn → Batu 11 Cheras,1.1,4.0,SBK[Bandar Tun Hussein Onn > Batu 11 Cheras],0,Direct journey,RM 1.10,4 min
Bandar Tun Hussein Onn,Bukit Dukung,Bandar Tun Hussein Onn → Bukit Dukung,1.5,7.0,SBK[Bandar Tun Hussein Onn > Bukit Dukung],0,Direct journey,RM 1.50,7 min
Bandar Tun Hussein Onn,Sungai Jernih,Bandar Tun Hussein Onn → Sungai Jernih,2.2,10.0,SBK[Bandar Tun Hussein Onn > Sungai Jernih],0,Direct journey,RM 2.20,10 min
Bandar Tun Hussein Onn,Stadium Kajang,Bandar Tun Hussein Onn → Stadium Kajang,2.3,11.0,SBK[Bandar Tun Hussein Onn > Stadium Kajang],0,Direct journey,RM 2.30,11 min
Bandar Tun Hussein Onn,Kajang,Bandar Tun Hussein Onn → Kajang,2.7,11.0,SBK[Bandar Tun Hussein Onn > Kajang],0,Direct journey,RM 2.70,11 min
Batu 11 Cheras,Bukit Dukung,Batu 11 Cheras → Bukit Dukung,1.3,4.0,SBK[Batu 11 Cheras > Bukit Dukung],0,Direct journey,RM 1.30,4 min
Batu 11 Cheras,Sungai Jernih,Batu 11 Cheras → Sungai Jernih,2.0,7.0,SBK[Batu 11 Cheras > Sungai Jernih],0,Direct journey,RM 2.00,7 min
Batu 11 Cheras,Stadium Kajang,Batu 11 Cheras → Stadium Kajang,2.2,10.0,SBK[Batu 11 Cheras > Stadium Kajang],0,Direct journey,RM 2.20,10 min
Batu 11 Cheras,Kajang,Batu 11 Cheras → Kajang,2.5,11.0,SBK[Batu 11 Cheras > Kajang],0,Direct journey,RM 2.50,11 min
Bukit Dukung,Sungai Jernih,Bukit Dukung → Sungai Jernih,1.7,4.0,SBK[Bukit Dukung > Sungai Jernih],0,Direct journey,RM 1.70,4 min
Bukit Dukung,Stadium Kajang,Bukit Dukung → Stadium Kajang,1.8,7.0,SBK[Bukit Dukung > Stadium Kajang],0,Direct journey,RM 1.80,7 min
Bukit Dukung,Kajang,Bukit Dukung → Kajang,2.1,10.0,SBK[Bukit Dukung > Kajang],0,Direct journey,RM 2.10,10 min
Sungai Jernih,Stadium Kajang,Sungai Jernih → Stadium Kajang,1.1,4.0,SBK[Sungai Jernih > Stadium Kajang],0,Direct journey,RM 1.10,4 min
Sungai Jernih,Kajang,Sungai Jernih → Kajang,1.4,7.0,SBK[Sungai Jernih > Kajang],0,Direct journey,RM 1.40,7 min
Stadium Kajang,Kajang,Stadium Kajang → Kajang,1.2,4.0,SBK[Stadium Kajang > Kajang],0,Direct journey,RM 1.20,4 min
