month,origin,destination,origin_label,destination_label,origin_line_code,destination_line_code,origin_line,destination_line,flow_type,ridership,origin_rank,destination_rank,ridership_k
2026-01,AG07: Masjid Jamek,KG09: Bandar Utama,Masjid Jamek,Bandar Utama,AG,KG,Ampang,MRT Kajang,Inter-line,832,10,13,0.832
2026-01,AG07: Masjid Jamek,KG15: Muzium Negara,Masjid Jamek,Muzium Negara,AG,KG,Ampang,MRT Kajang,Inter-line,208,10,11,0.208
2026-01,AG07: Masjid Jamek,KG18: Bukit Bintang,Masjid Jamek,Bukit Bintang,AG,KG,Ampang,MRT Kajang,Inter-line,4533,10,1,4.533
2026-01,AG07: Masjid Jamek,KG20: Tun Razak Exchange,Masjid Jamek,Tun Razak Exchange,AG,KG,Ampang,MRT Kajang,Inter-line,1590,10,4,1.59
2026-01,AG07: Masjid Jamek,KG21: Cochrane,Masjid Jamek,Cochrane,AG,KG,Ampang,MRT Kajang,Inter-line,1337,10,12,1.337
2026-01,AG07: Masjid Jamek,KG22: Maluri,Masjid Jamek,Maluri,AG,KG,Ampang,MRT Kajang,Inter-line,1853,10,5,1.853
2026-01,AG07: Masjid Jamek,KJ03: Wangsa Maju,Masjid Jamek,Wangsa Maju,AG,KJ,Ampang,Kelana Jaya,Inter-line,3756,10,14,3.756
2026-01,AG07: Masjid Jamek,KJ09: Ampang Park,Masjid Jamek,Ampang Park,AG,KJ,Ampang,Kelana Jaya,Inter-line,3667,10,7,3.667
2026-01,AG07: Masjid Jamek,KJ10: KLCC,Masjid Jamek,KLCC,AG,KJ,Ampang,Kelana Jaya,Inter-line,18097,10,2,18.097
2026-01,AG07: Masjid Jamek,KJ14: Pasar Seni,Masjid Jamek,Pasar Seni,AG,KJ,Ampang,Kelana Jaya,Inter-line,6226,10,8,6.226
2026-01,AG07: Masjid Jamek,KJ15: KL Sentral,Masjid Jamek,KL Sentral,AG,KJ,Ampang,Kelana Jaya,Inter-line,19086,10,3,19.086
2026-01,AG07: Masjid Jamek,KJ16: Bank Rakyat Bangsar,Masjid Jamek,Bank Rakyat Bangsar,AG,KJ,Ampang,Kelana Jaya,Inter-line,4007,10,15,4.007
2026-01,AG07: Masjid Jamek,KJ17: Abdullah Hukum,Masjid Jamek,Abdullah Hukum,AG,KJ,Ampang,Kelana Jaya,Inter-line,4184,10,6,4.184
2026-01,AG07: Masjid Jamek,MR06: Bukit Bintang,Masjid Jamek,Bukit Bintang,AG,MR,Ampang,Monorail,Inter-line,2242,10,9,2.242
2026-01,KG09: Bandar Utama,AG07: Masjid Jamek,Bandar Utama,Masjid Jamek,KG,AG,MRT Kajang,Ampang,Inter-line,735,13,10,0.735
2026-01,KG09: Bandar Utama,KG15: Muzium Negara,Bandar Utama,Muzium Negara,KG,KG,MRT Kajang,MRT Kajang,Same line,15193,13,11,15.193
2026-01,KG09: Bandar Utama,KG18: Bukit Bintang,Bandar Utama,Bukit Bintang,KG,KG,MRT Kajang,MRT Kajang,Same line,18049,13,1,18.049
2026-01,KG09: Bandar Utama,KG20: Tun Razak Exchange,Bandar Utama,Tun Razak Exchange,KG,KG,MRT Kajang,MRT Kajang,Same line,9915,13,4,9.915
2026-01,KG09: Bandar Utama,KG21: Cochrane,Bandar Utama,Cochrane,KG,KG,MRT Kajang,MRT Kajang,Same line,3291,13,12,3.291
2026-01,KG09: Bandar Utama,KG22: Maluri,Bandar Utama,Maluri,KG,KG,MRT Kajang,MRT Kajang,Same line,6692,13,5,6.692
2026-01,KG09: Bandar Utama,KJ03: Wangsa Maju,Bandar Utama,Wangsa Maju,KG,KJ,MRT Kajang,Kelana Jaya,Inter-line,2767,13,14,2.767
2026-01,KG09: Bandar Utama,KJ09: Ampang Park,Bandar Utama,Ampang Park,KG,KJ,MRT Kajang,Kelana Jaya,Inter-line,673,13,7,0.673
2026-01,KG09: Bandar Utama,KJ10: KLCC,Bandar Utama,KLCC,KG,KJ,MRT Kajang,Kelana Jaya,Inter-line,4031,13,2,4.031
2026-01,KG09: Bandar Utama,KJ14: Pasar Seni,Bandar Utama,Pasar Seni,KG,KJ,MRT Kajang,Kelana Jaya,Inter-line,6161,13,8,6.161
2026-01,KG09: Bandar Utama,KJ15: KL Sentral,Bandar Utama,KL Sentral,KG,KJ,MRT Kajang,Kelana Jaya,Inter-line,547,13,3,0.547
2026-01,KG09: Bandar Utama,KJ16: Bank Rakyat Bangsar,Bandar Utama,Bank Rakyat Bangsar,KG,KJ,MRT Kajang,Kelana Jaya,Inter-line,981,13,15,0.981
2026-01,KG09: Bandar Utama,KJ17: Abdullah Hukum,Bandar Utama,Abdullah Hukum,KG,KJ,MRT Kajang,Kelana Jaya,Inter-line,2016,13,6,2.016
2026-01,KG09: Bandar Utama,MR06: Bukit Bintang,Bandar Utama,Bukit Bintang,KG,MR,MRT Kajang,Monorail,Inter-line,7,13,9,0.007
2026-01,KG15: Muzium Negara,AG07: Masjid Jamek,Muzium Negara,Masjid Jamek,KG,AG,MRT Kajang,Ampang,Inter-line,311,11,10,0.311
2026-01,KG15: Muzium Negara,KG09: Bandar Utama,Muzium Negara,Bandar Utama,KG,KG,MRT Kajang,MRT Kajang,Same line,18051,11,13,18.051
2026-01,KG15: Muzium Negara,KG18: Bukit Bintang,Muzium Negara,Bukit Bintang,KG,KG,MRT Kajang,MRT Kajang,Same line,26888,11,1,26.888
2026-01,KG15: Muzium Negara,KG20: Tun Razak Exchange,Muzium Negara,Tun Razak Exchange,KG,KG,MRT Kajang,MRT Kajang,Same line,18352,11,4,18.352
2026-01,KG15: Muzium Negara,KG21: Cochrane,Muzium Negara,Cochrane,KG,KG,MRT Kajang,MRT Kajang,Same line,11420,11,12,11.42
2026-01,KG15: Muzium Negara,KG22: Maluri,Muzium Negara,Maluri,KG,KG,MRT Kajang,MRT Kajang,Same line,22561,11,5,22.561
2026-01,KG15: Muzium Negara,KJ03: Wangsa Maju,Muzium Negara,Wangsa Maju,KG,KJ,MRT Kajang,Kelana Jaya,Inter-line,205,11,14,0.205
2026-01,KG15: Muzium Negara,KJ09: Ampang Park,Muzium Negara,Ampang Park,KG,KJ,MRT Kajang,Kelana Jaya,Inter-line,194,11,7,0.194
2026-01,KG15: Muzium Negara,KJ10: KLCC,Muzium Negara,KLCC,KG,KJ,MRT Kajang,Kelana Jaya,Inter-line,1025,11,2,1.025
2026-01,KG15: Muzium Negara,KJ14: Pasar Seni,Muzium Negara,Pasar Seni,KG,KJ,MRT Kajang,Kelana Jaya,Inter-line,5448,11,8,5.448
2026-01,KG15: Muzium Negara,KJ15: KL Sentral,Muzium Negara,KL Sentral,KG,KJ,MRT Kajang,Kelana Jaya,Inter-line,109,11,3,0.109
2026-01,KG15: Muzium Negara,KJ16: Bank Rakyat Bangsar,Muzium Negara,Bank Rakyat Bangsar,KG,KJ,MRT Kajang,Kelana Jaya,Inter-line,64,11,15,0.064
2026-01,KG15: Muzium Negara,KJ17: Abdullah Hukum,Muzium Negara,Abdullah Hukum,KG,KJ,MRT Kajang,Kelana Jaya,Inter-line,143,11,6,0.143
2026-01,KG15: Muzium Negara,MR06: Bukit Bintang,Muzium Negara,Bukit Bintang,KG,MR,MRT Kajang,Monorail,Inter-line,2,11,9,0.002
2026-01,KG18: Bukit Bintang,AG07: Masjid Jamek,Bukit Bintang,Masjid Jamek,KG,AG,MRT Kajang,Ampang,Inter-line,4487,1,10,4.487
2026-01,KG18: Bukit Bintang,KG09: Bandar Utama,Bukit Bintang,Bandar Utama,KG,KG,MRT Kajang,MRT Kajang,Same line,19905,1,13,19.905
2026-01,KG18: Bukit Bintang,KG15: Muzium Negara,Bukit Bintang,Muzium Negara,KG,KG,MRT Kajang,MRT Kajang,Same line,23995,1,11,23.995
2026-01,KG18: Bukit Bintang,KG20: Tun Razak Exchange,Bukit Bintang,Tun Razak Exchange,KG,KG,MRT Kajang,MRT Kajang,Same line,61651,1,4,61.651
2026-01,KG18: Bukit Bintang,KG21: Cochrane,Bukit Bintang,Cochrane,KG,KG,MRT Kajang,MRT Kajang,Same line,44105,1,12,44.105
2026-01,KG18: Bukit Bintang,KG22: Maluri,Bukit Bintang,Maluri,KG,KG,MRT Kajang,MRT Kajang,Same line,64572,1,5,64.572
2026-01,KG18: Bukit Bintang,KJ03: Wangsa Maju,Bukit Bintang,Wangsa Maju,KG,KJ,MRT Kajang,Kelana Jaya,Inter-line,6672,1,14,6.672
2026-01,KG18: Bukit Bintang,KJ09: Ampang Park,Bukit Bintang,Ampang Park,KG,KJ,MRT Kajang,Kelana Jaya,Inter-line,664,1,7,0.664
2026-01,KG18: Bukit Bintang,KJ10: KLCC,Bukit Bintang,KLCC,KG,KJ,MRT Kajang,Kelana Jaya,Inter-line,9158,1,2,9.158
2026-01,KG18: Bukit Bintang,KJ14: Pasar Seni,Bukit Bintang,Pasar Seni,KG,KJ,MRT Kajang,Kelana Jaya,Inter-line,39010,1,8,39.01
2026-01,KG18: Bukit Bintang,KJ15: KL Sentral,Bukit Bintang,KL Sentral,KG,KJ,MRT Kajang,Kelana Jaya,Inter-line,4666,1,3,4.666
2026-01,KG18: Bukit Bintang,KJ16: Bank Rakyat Bangsar,Bukit Bintang,Bank Rakyat Bangsar,KG,KJ,MRT Kajang,Kelana Jaya,Inter-line,5420,1,15,5.42
2026-01,KG18: Bukit Bintang,KJ17: Abdullah Hukum,Bukit Bintang,Abdullah Hukum,KG,KJ,MRT Kajang,Kelana Jaya,Inter-line,7609,1,6,7.609
2026-01,KG18: Bukit Bintang,MR06: Bukit Bintang,Bukit Bintang,Bukit Bintang,KG,MR,MRT Kajang,Monorail,Inter-line,26,1,9,0.026
2026-01,KG20: Tun Razak Exchange,AG07: Masjid Jamek,Tun Razak Exchange,Masjid Jamek,KG,AG,MRT Kajang,Ampang,Inter-line,1571,4,10,1.571
2026-01,KG20: Tun Razak Exchange,KG09: Bandar Utama,Tun Razak Exchange,Bandar Utama,KG,KG,MRT Kajang,MRT Kajang,Same line,10661,4,13,10.661
2026-01,KG20: Tun Razak Exchange,KG15: Muzium Negara,Tun Razak Exchange,Muzium Negara,KG,KG,MRT Kajang,MRT Kajang,Same line,15410,4,11,15.41
2026-01,KG20: Tun Razak Exchange,KG18: Bukit Bintang,Tun Razak Exchange,Bukit Bintang,KG,KG,MRT Kajang,MRT Kajang,Same line,67419,4,1,67.419
2026-01,KG20: Tun Razak Exchange,KG21: Cochrane,Tun Razak Exchange,Cochrane,KG,KG,MRT Kajang,MRT Kajang,Same line,38906,4,12,38.906
2026-01,KG20: Tun Razak Exchange,KG22: Maluri,Tun Razak Exchange,Maluri,KG,KG,MRT Kajang,MRT Kajang,Same line,41756,4,5,41.756
2026-01,KG20: Tun Razak Exchange,KJ03: Wangsa Maju,Tun Razak Exchange,Wangsa Maju,KG,KJ,MRT Kajang,Kelana Jaya,Inter-line,1120,4,14,1.12
2026-01,KG20: Tun Razak Exchange,KJ09: Ampang Park,Tun Razak Exchange,Ampang Park,KG,KJ,MRT Kajang,Kelana Jaya,Inter-line,81,4,7,0.081
2026-01,KG20: Tun Razak Exchange,KJ10: KLCC,Tun Razak Exchange,KLCC,KG,KJ,MRT Kajang,Kelana Jaya,Inter-line,1998,4,2,1.998
2026-01,KG20: Tun Razak Exchange,KJ14: Pasar Seni,Tun Razak Exchange,Pasar Seni,KG,KJ,MRT Kajang,Kelana Jaya,Inter-line,14128,4,8,14.128
2026-01,KG20: Tun Razak Exchange,KJ15: KL Sentral,Tun Razak Exchange,KL Sentral,KG,KJ,MRT Kajang,Kelana Jaya,Inter-line,2544,4,3,2.544
2026-01,KG20: Tun Razak Exchange,KJ16: Bank Rakyat Bangsar,Tun Razak Exchange,Bank Rakyat Bangsar,KG,KJ,MRT Kajang,Kelana Jaya,Inter-line,2455,4,15,2.455
2026-01,KG20: Tun Razak Exchange,KJ17: Abdullah Hukum,Tun Razak Exchange,Abdullah Hukum,KG,KJ,MRT Kajang,Kelana Jaya,Inter-line,3776,4,6,3.776
2026-01,KG20: Tun Razak Exchange,MR06: Bukit Bintang,Tun Razak Exchange,Bukit Bintang,KG,MR,MRT Kajang,Monorail,Inter-line,65,4,9,0.065
2026-01,KG21: Cochrane,AG07: Masjid Jamek,Cochrane,Masjid Jamek,KG,AG,MRT Kajang,Ampang,Inter-line,958,12,10,0.958
2026-01,KG21: Cochrane,KG09: Bandar Utama,Cochrane,Bandar Utama,KG,KG,MRT Kajang,MRT Kajang,Same line,2953,12,13,2.953
2026-01,KG21: Cochrane,KG15: Muzium Negara,Cochrane,Muzium Negara,KG,KG,MRT Kajang,MRT Kajang,Same line,8307,12,11,8.307
2026-01,KG21: Cochrane,KG18: Bukit Bintang,Cochrane,Bukit Bintang,KG,KG,MRT Kajang,MRT Kajang,Same line,40583,12,1,40.583
2026-01,KG21: Cochrane,KG20: Tun Razak Exchange,Cochrane,Tun Razak Exchange,KG,KG,MRT Kajang,MRT Kajang,Same line,35466,12,4,35.466
2026-01,KG21: Cochrane,KG22: Maluri,Cochrane,Maluri,KG,KG,MRT Kajang,MRT Kajang,Same line,21096,12,5,21.096
2026-01,KG21: Cochrane,KJ03: Wangsa Maju,Cochrane,Wangsa Maju,KG,KJ,MRT Kajang,Kelana Jaya,Inter-line,1724,12,14,1.724
2026-01,KG21: Cochrane,KJ09: Ampang Park,Cochrane,Ampang Park,KG,KJ,MRT Kajang,Kelana Jaya,Inter-line,88,12,7,0.088
2026-01,KG21: Cochrane,KJ10: KLCC,Cochrane,KLCC,KG,KJ,MRT Kajang,Kelana Jaya,Inter-line,2334,12,2,2.334
2026-01,KG21: Cochrane,KJ14: Pasar Seni,Cochrane,Pasar Seni,KG,KJ,MRT Kajang,Kelana Jaya,Inter-line,8516,12,8,8.516
2026-01,KG21: Cochrane,KJ15: KL Sentral,Cochrane,KL Sentral,KG,KJ,MRT Kajang,Kelana Jaya,Inter-line,1376,12,3,1.376
2026-01,KG21: Cochrane,KJ16: Bank Rakyat Bangsar,Cochrane,Bank Rakyat Bangsar,KG,KJ,MRT Kajang,Kelana Jaya,Inter-line,1441,12,15,1.441
2026-01,KG21: Cochrane,KJ17: Abdullah Hukum,Cochrane,Abdullah Hukum,KG,KJ,MRT Kajang,Kelana Jaya,Inter-line,2630,12,6,2.63
2026-01,KG21: Cochrane,MR06: Bukit Bintang,Cochrane,Bukit Bintang,KG,MR,MRT Kajang,Monorail,Inter-line,20,12,9,0.02
2026-01,KG22: Maluri,AG07: Masjid Jamek,Maluri,Masjid Jamek,KG,AG,MRT Kajang,Ampang,Inter-line,3105,5,10,3.105
2026-01,KG22: Maluri,KG09: Bandar Utama,Maluri,Bandar Utama,KG,KG,MRT Kajang,MRT Kajang,Same line,6857,5,13,6.857
2026-01,KG22: Maluri,KG15: Muzium Negara,Maluri,Muzium Negara,KG,KG,MRT Kajang,MRT Kajang,Same line,22353,5,11,22.353
2026-01,KG22: Maluri,KG18: Bukit Bintang,Maluri,Bukit Bintang,KG,KG,MRT Kajang,MRT Kajang,Same line,63705,5,1,63.705
2026-01,KG22: Maluri,KG20: Tun Razak Exchange,Maluri,Tun Razak Exchange,KG,KG,MRT Kajang,MRT Kajang,Same line,41441,5,4,41.441
2026-01,KG22: Maluri,KG21: Cochrane,Maluri,Cochrane,KG,KG,MRT Kajang,MRT Kajang,Same line,19781,5,12,19.781
2026-01,KG22: Maluri,KJ03: Wangsa Maju,Maluri,Wangsa Maju,KG,KJ,MRT Kajang,Kelana Jaya,Inter-line,1511,5,14,1.511
2026-01,KG22: Maluri,KJ09: Ampang Park,Maluri,Ampang Park,KG,KJ,MRT Kajang,Kelana Jaya,Inter-line,114,5,7,0.114
2026-01,KG22: Maluri,KJ10: KLCC,Maluri,KLCC,KG,KJ,MRT Kajang,Kelana Jaya,Inter-line,3150,5,2,3.15
2026-01,KG22: Maluri,KJ14: Pasar Seni,Maluri,Pasar Seni,KG,KJ,MRT Kajang,Kelana Jaya,Inter-line,6739,5,8,6.739
2026-01,KG22: Maluri,KJ15: KL Sentral,Maluri,KL Sentral,KG,KJ,MRT Kajang,Kelana Jaya,Inter-line,1700,5,3,1.7
2026-01,KG22: Maluri,KJ16: Bank Rakyat Bangsar,Maluri,Bank Rakyat Bangsar,KG,KJ,MRT Kajang,Kelana Jaya,Inter-line,3723,5,15,3.723
2026-01,KG22: Maluri,KJ17: Abdullah Hukum,Maluri,Abdullah Hukum,KG,KJ,MRT Kajang,Kelana Jaya,Inter-line,7107,5,6,7.107
2026-01,KG22: Maluri,MR06: Bukit Bintang,Maluri,Bukit Bintang,KG,MR,MRT Kajang,Monorail,Inter-line,57,5,9,0.057
2026-01,KJ03: Wangsa Maju,AG07: Masjid Jamek,Wangsa Maju,Masjid Jamek,KJ,AG,Kelana Jaya,Ampang,Inter-line,3709,14,10,3.709
2026-01,KJ03: Wangsa Maju,KG09: Bandar Utama,Wangsa Maju,Bandar Utama,KJ,KG,Kelana Jaya,MRT Kajang,Inter-line,2657,14,13,2.657
2026-01,KJ03: Wangsa Maju,KG15: Muzium Negara,Wangsa Maju,Muzium Negara,KJ,KG,Kelana Jaya,MRT Kajang,Inter-line,242,14,11,0.242
2026-01,KJ03: Wangsa Maju,KG18: Bukit Bintang,Wangsa Maju,Bukit Bintang,KJ,KG,Kelana Jaya,MRT Kajang,Inter-line,5817,14,1,5.817
2026-01,KJ03: Wangsa Maju,KG20: Tun Razak Exchange,Wangsa Maju,Tun Razak Exchange,KJ,KG,Kelana Jaya,MRT Kajang,Inter-line,1044,14,4,1.044
2026-01,KJ03: Wangsa Maju,KG21: Cochrane,Wangsa Maju,Cochrane,KJ,KG,Kelana Jaya,MRT Kajang,Inter-line,1562,14,12,1.562
2026-01,KJ03: Wangsa Maju,KG22: Maluri,Wangsa Maju,Maluri,KJ,KG,Kelana Jaya,MRT Kajang,Inter-line,1446,14,5,1.446
2026-01,KJ03: Wangsa Maju,KJ09: Ampang Park,Wangsa Maju,Ampang Park,KJ,KJ,Kelana Jaya,Kelana Jaya,Same line,43575,14,7,43.575
2026-01,KJ03: Wangsa Maju,KJ10: KLCC,Wangsa Maju,KLCC,KJ,KJ,Kelana Jaya,Kelana Jaya,Same line,33249,14,2,33.249
2026-01,KJ03: Wangsa Maju,KJ14: Pasar Seni,Wangsa Maju,Pasar Seni,KJ,KJ,Kelana Jaya,Kelana Jaya,Same line,7817,14,8,7.817
2026-01,KJ03: Wangsa Maju,KJ15: KL Sentral,Wangsa Maju,KL Sentral,KJ,KJ,Kelana Jaya,Kelana Jaya,Same line,18283,14,3,18.283
2026-01,KJ03: Wangsa Maju,KJ16: Bank Rakyat Bangsar,Wangsa Maju,Bank Rakyat Bangsar,KJ,KJ,Kelana Jaya,Kelana Jaya,Same line,4966,14,15,4.966
2026-01,KJ03: Wangsa Maju,KJ17: Abdullah Hukum,Wangsa Maju,Abdullah Hukum,KJ,KJ,Kelana Jaya,Kelana Jaya,Same line,14386,14,6,14.386
2026-01,KJ03: Wangsa Maju,MR06: Bukit Bintang,Wangsa Maju,Bukit Bintang,KJ,MR,Kelana Jaya,Monorail,Inter-line,37,14,9,0.037
2026-01,KJ09: Ampang Park,AG07: Masjid Jamek,Ampang Park,Masjid Jamek,KJ,AG,Kelana Jaya,Ampang,Inter-line,3989,7,10,3.989
2026-01,KJ09: Ampang Park,KG09: Bandar Utama,Ampang Park,Bandar Utama,KJ,KG,Kelana Jaya,MRT Kajang,Inter-line,781,7,13,0.781
2026-01,KJ09: Ampang Park,KG15: Muzium Negara,Ampang Park,Muzium Negara,KJ,KG,Kelana Jaya,MRT Kajang,Inter-line,82,7,11,0.082
2026-01,KJ09: Ampang Park,KG18: Bukit Bintang,Ampang Park,Bukit Bintang,KJ,KG,Kelana Jaya,MRT Kajang,Inter-line,782,7,1,0.782
2026-01,KJ09: Ampang Park,KG20: Tun Razak Exchange,Ampang Park,Tun Razak Exchange,KJ,KG,Kelana Jaya,MRT Kajang,Inter-line,149,7,4,0.149
2026-01,KJ09: Ampang Park,KG21: Cochrane,Ampang Park,Cochrane,KJ,KG,Kelana Jaya,MRT Kajang,Inter-line,151,7,12,0.151
2026-01,KJ09: Ampang Park,KG22: Maluri,Ampang Park,Maluri,KJ,KG,Kelana Jaya,MRT Kajang,Inter-line,216,7,5,0.216
2026-01,KJ09: Ampang Park,KJ03: Wangsa Maju,Ampang Park,Wangsa Maju,KJ,KJ,Kelana Jaya,Kelana Jaya,Same line,46656,7,14,46.656
2026-01,KJ09: Ampang Park,KJ10: KLCC,Ampang Park,KLCC,KJ,KJ,Kelana Jaya,Kelana Jaya,Same line,65293,7,2,65.293
2026-01,KJ09: Ampang Park,KJ14: Pasar Seni,Ampang Park,Pasar Seni,KJ,KJ,Kelana Jaya,Kelana Jaya,Same line,8458,7,8,8.458
2026-01,KJ09: Ampang Park,KJ15: KL Sentral,Ampang Park,KL Sentral,KJ,KJ,Kelana Jaya,Kelana Jaya,Same line,18567,7,3,18.567
2026-01,KJ09: Ampang Park,KJ16: Bank Rakyat Bangsar,Ampang Park,Bank Rakyat Bangsar,KJ,KJ,Kelana Jaya,Kelana Jaya,Same line,8732,7,15,8.732
2026-01,KJ09: Ampang Park,KJ17: Abdullah Hukum,Ampang Park,Abdullah Hukum,KJ,KJ,Kelana Jaya,Kelana Jaya,Same line,18408,7,6,18.408
2026-01,KJ09: Ampang Park,MR06: Bukit Bintang,Ampang Park,Bukit Bintang,KJ,MR,Kelana Jaya,Monorail,Inter-line,23,7,9,0.023
2026-01,KJ10: KLCC,AG07: Masjid Jamek,KLCC,Masjid Jamek,KJ,AG,Kelana Jaya,Ampang,Inter-line,14886,2,10,14.886
2026-01,KJ10: KLCC,KG09: Bandar Utama,KLCC,Bandar Utama,KJ,KG,Kelana Jaya,MRT Kajang,Inter-line,4269,2,13,4.269
2026-01,KJ10: KLCC,KG15: Muzium Negara,KLCC,Muzium Negara,KJ,KG,Kelana Jaya,MRT Kajang,Inter-line,476,2,11,0.476
2026-01,KJ10: KLCC,KG18: Bukit Bintang,KLCC,Bukit Bintang,KJ,KG,Kelana Jaya,MRT Kajang,Inter-line,9380,2,1,9.38
2026-01,KJ10: KLCC,KG20: Tun Razak Exchange,KLCC,Tun Razak Exchange,KJ,KG,Kelana Jaya,MRT Kajang,Inter-line,2329,2,4,2.329
2026-01,KJ10: KLCC,KG21: Cochrane,KLCC,Cochrane,KJ,KG,Kelana Jaya,MRT Kajang,Inter-line,2603,2,12,2.603
2026-01,KJ10: KLCC,KG22: Maluri,KLCC,Maluri,KJ,KG,Kelana Jaya,MRT Kajang,Inter-line,3740,2,5,3.74
2026-01,KJ10: KLCC,KJ03: Wangsa Maju,KLCC,Wangsa Maju,KJ,KJ,Kelana Jaya,Kelana Jaya,Same line,36713,2,14,36.713
2026-01,KJ10: KLCC,KJ09: Ampang Park,KLCC,Ampang Park,KJ,KJ,Kelana Jaya,Kelana Jaya,Same line,74093,2,7,74.093
2026-01,KJ10: KLCC,KJ14: Pasar Seni,KLCC,Pasar Seni,KJ,KJ,Kelana Jaya,Kelana Jaya,Same line,30394,2,8,30.394
2026-01,KJ10: KLCC,KJ15: KL Sentral,KLCC,KL Sentral,KJ,KJ,Kelana Jaya,Kelana Jaya,Same line,48600,2,3,48.6
2026-01,KJ10: KLCC,KJ16: Bank Rakyat Bangsar,KLCC,Bank Rakyat Bangsar,KJ,KJ,Kelana Jaya,Kelana Jaya,Same line,10662,2,15,10.662
2026-01,KJ10: KLCC,KJ17: Abdullah Hukum,KLCC,Abdullah Hukum,KJ,KJ,Kelana Jaya,Kelana Jaya,Same line,12007,2,6,12.007
2026-01,KJ10: KLCC,MR06: Bukit Bintang,KLCC,Bukit Bintang,KJ,MR,Kelana Jaya,Monorail,Inter-line,333,2,9,0.333
2026-01,KJ14: Pasar Seni,AG07: Masjid Jamek,Pasar Seni,Masjid Jamek,KJ,AG,Kelana Jaya,Ampang,Inter-line,5877,8,10,5.877
2026-01,KJ14: Pasar Seni,KG09: Bandar Utama,Pasar Seni,Bandar Utama,KJ,KG,Kelana Jaya,MRT Kajang,Inter-line,6231,8,13,6.231
2026-01,KJ14: Pasar Seni,KG15: Muzium Negara,Pasar Seni,Muzium Negara,KJ,KG,Kelana Jaya,MRT Kajang,Inter-line,3754,8,11,3.754
2026-01,KJ14: Pasar Seni,KG18: Bukit Bintang,Pasar Seni,Bukit Bintang,KJ,KG,Kelana Jaya,MRT Kajang,Inter-line,38417,8,1,38.417
2026-01,KJ14: Pasar Seni,KG20: Tun Razak Exchange,Pasar Seni,Tun Razak Exchange,KJ,KG,Kelana Jaya,MRT Kajang,Inter-line,15913,8,4,15.913
2026-01,KJ14: Pasar Seni,KG21: Cochrane,Pasar Seni,Cochrane,KJ,KG,Kelana Jaya,MRT Kajang,Inter-line,9667,8,12,9.667
2026-01,KJ14: Pasar Seni,KG22: Maluri,Pasar Seni,Maluri,KJ,KG,Kelana Jaya,MRT Kajang,Inter-line,6484,8,5,6.484
2026-01,KJ14: Pasar Seni,KJ03: Wangsa Maju,Pasar Seni,Wangsa Maju,KJ,KJ,Kelana Jaya,Kelana Jaya,Same line,6696,8,14,6.696
2026-01,KJ14: Pasar Seni,KJ09: Ampang Park,Pasar Seni,Ampang Park,KJ,KJ,Kelana Jaya,Kelana Jaya,Same line,7163,8,7,7.163
2026-01,KJ14: Pasar Seni,KJ10: KLCC,Pasar Seni,KLCC,KJ,KJ,Kelana Jaya,Kelana Jaya,Same line,28934,8,2,28.934
2026-01,KJ14: Pasar Seni,KJ15: KL Sentral,Pasar Seni,KL Sentral,KJ,KJ,Kelana Jaya,Kelana Jaya,Same line,37814,8,3,37.814
2026-01,KJ14: Pasar Seni,KJ16: Bank Rakyat Bangsar,Pasar Seni,Bank Rakyat Bangsar,KJ,KJ,Kelana Jaya,Kelana Jaya,Same line,10525,8,15,10.525
2026-01,KJ14: Pasar Seni,KJ17: Abdullah Hukum,Pasar Seni,Abdullah Hukum,KJ,KJ,Kelana Jaya,Kelana Jaya,Same line,8624,8,6,8.624
2026-01,KJ14: Pasar Seni,MR06: Bukit Bintang,Pasar Seni,Bukit Bintang,KJ,MR,Kelana Jaya,Monorail,Inter-line,72,8,9,0.072
2026-01,KJ15: KL Sentral,AG07: Masjid Jamek,KL Sentral,Masjid Jamek,KJ,AG,Kelana Jaya,Ampang,Inter-line,18474,3,10,18.474
2026-01,KJ15: KL Sentral,KG09: Bandar Utama,KL Sentral,Bandar Utama,KJ,KG,Kelana Jaya,MRT Kajang,Inter-line,637,3,13,0.637
2026-01,KJ15: KL Sentral,KG15: Muzium Negara,KL Sentral,Muzium Negara,KJ,KG,Kelana Jaya,MRT Kajang,Inter-line,134,3,11,0.134
2026-01,KJ15: KL Sentral,KG18: Bukit Bintang,KL Sentral,Bukit Bintang,KJ,KG,Kelana Jaya,MRT Kajang,Inter-line,3879,3,1,3.879
2026-01,KJ15: KL Sentral,KG20: Tun Razak Exchange,KL Sentral,Tun Razak Exchange,KJ,KG,Kelana Jaya,MRT Kajang,Inter-line,2220,3,4,2.22
2026-01,KJ15: KL Sentral,KG21: Cochrane,KL Sentral,Cochrane,KJ,KG,Kelana Jaya,MRT Kajang,Inter-line,1378,3,12,1.378
2026-01,KJ15: KL Sentral,KG22: Maluri,KL Sentral,Maluri,KJ,KG,Kelana Jaya,MRT Kajang,Inter-line,2005,3,5,2.005
2026-01,KJ15: KL Sentral,KJ03: Wangsa Maju,KL Sentral,Wangsa Maju,KJ,KJ,Kelana Jaya,Kelana Jaya,Same line,20588,3,14,20.588
2026-01,KJ15: KL Sentral,KJ09: Ampang Park,KL Sentral,Ampang Park,KJ,KJ,Kelana Jaya,Kelana Jaya,Same line,18238,3,7,18.238
2026-01,KJ15: KL Sentral,KJ10: KLCC,KL Sentral,KLCC,KJ,KJ,Kelana Jaya,Kelana Jaya,Same line,53359,3,2,53.359
2026-01,KJ15: KL Sentral,KJ14: Pasar Seni,KL Sentral,Pasar Seni,KJ,KJ,Kelana Jaya,Kelana Jaya,Same line,38339,3,8,38.339
2026-01,KJ15: KL Sentral,KJ16: Bank Rakyat Bangsar,KL Sentral,Bank Rakyat Bangsar,KJ,KJ,Kelana Jaya,Kelana Jaya,Same line,50501,3,15,50.501
2026-01,KJ15: KL Sentral,KJ17: Abdullah Hukum,KL Sentral,Abdullah Hukum,KJ,KJ,Kelana Jaya,Kelana Jaya,Same line,44022,3,6,44.022
2026-01,KJ15: KL Sentral,MR06: Bukit Bintang,KL Sentral,Bukit Bintang,KJ,MR,Kelana Jaya,Monorail,Inter-line,50,3,9,0.05
2026-01,KJ16: Bank Rakyat Bangsar,AG07: Masjid Jamek,Bank Rakyat Bangsar,Masjid Jamek,KJ,AG,Kelana Jaya,Ampang,Inter-line,3748,15,10,3.748
2026-01,KJ16: Bank Rakyat Bangsar,KG09: Bandar Utama,Bank Rakyat Bangsar,Bandar Utama,KJ,KG,Kelana Jaya,MRT Kajang,Inter-line,1343,15,13,1.343
2026-01,KJ16: Bank Rakyat Bangsar,KG15: Muzium Negara,Bank Rakyat Bangsar,Muzium Negara,KJ,KG,Kelana Jaya,MRT Kajang,Inter-line,53,15,11,0.053
2026-01,KJ16: Bank Rakyat Bangsar,KG18: Bukit Bintang,Bank Rakyat Bangsar,Bukit Bintang,KJ,KG,Kelana Jaya,MRT Kajang,Inter-line,5279,15,1,5.279
2026-01,KJ16: Bank Rakyat Bangsar,KG20: Tun Razak Exchange,Bank Rakyat Bangsar,Tun Razak Exchange,KJ,KG,Kelana Jaya,MRT Kajang,Inter-line,2869,15,4,2.869
2026-01,KJ16: Bank Rakyat Bangsar,KG21: Cochrane,Bank Rakyat Bangsar,Cochrane,KJ,KG,Kelana Jaya,MRT Kajang,Inter-line,1895,15,12,1.895
2026-01,KJ16: Bank Rakyat Bangsar,KG22: Maluri,Bank Rakyat Bangsar,Maluri,KJ,KG,Kelana Jaya,MRT Kajang,Inter-line,3639,15,5,3.639
2026-01,KJ16: Bank Rakyat Bangsar,KJ03: Wangsa Maju,Bank Rakyat Bangsar,Wangsa Maju,KJ,KJ,Kelana Jaya,Kelana Jaya,Same line,4895,15,14,4.895
2026-01,KJ16: Bank Rakyat Bangsar,KJ09: Ampang Park,Bank Rakyat Bangsar,Ampang Park,KJ,KJ,Kelana Jaya,Kelana Jaya,Same line,9845,15,7,9.845
2026-01,KJ16: Bank Rakyat Bangsar,KJ10: KLCC,Bank Rakyat Bangsar,KLCC,KJ,KJ,Kelana Jaya,Kelana Jaya,Same line,11658,15,2,11.658
2026-01,KJ16: Bank Rakyat Bangsar,KJ14: Pasar Seni,Bank Rakyat Bangsar,Pasar Seni,KJ,KJ,Kelana Jaya,Kelana Jaya,Same line,12101,15,8,12.101
2026-01,KJ16: Bank Rakyat Bangsar,KJ15: KL Sentral,Bank Rakyat Bangsar,KL Sentral,KJ,KJ,Kelana Jaya,Kelana Jaya,Same line,49628,15,3,49.628
2026-01,KJ16: Bank Rakyat Bangsar,KJ17: Abdullah Hukum,Bank Rakyat Bangsar,Abdullah Hukum,KJ,KJ,Kelana Jaya,Kelana Jaya,Same line,22915,15,6,22.915
2026-01,KJ16: Bank Rakyat Bangsar,MR06: Bukit Bintang,Bank Rakyat Bangsar,Bukit Bintang,KJ,MR,Kelana Jaya,Monorail,Inter-line,14,15,9,0.014
2026-01,KJ17: Abdullah Hukum,AG07: Masjid Jamek,Abdullah Hukum,Masjid Jamek,KJ,AG,Kelana Jaya,Ampang,Inter-line,3845,6,10,3.845
2026-01,KJ17: Abdullah Hukum,KG09: Bandar Utama,Abdullah Hukum,Bandar Utama,KJ,KG,Kelana Jaya,MRT Kajang,Inter-line,2650,6,13,2.65
2026-01,KJ17: Abdullah Hukum,KG15: Muzium Negara,Abdullah Hukum,Muzium Negara,KJ,KG,Kelana Jaya,MRT Kajang,Inter-line,81,6,11,0.081
2026-01,KJ17: Abdullah Hukum,KG18: Bukit Bintang,Abdullah Hukum,Bukit Bintang,KJ,KG,Kelana Jaya,MRT Kajang,Inter-line,8915,6,1,8.915
2026-01,KJ17: Abdullah Hukum,KG20: Tun Razak Exchange,Abdullah Hukum,Tun Razak Exchange,KJ,KG,Kelana Jaya,MRT Kajang,Inter-line,4374,6,4,4.374
2026-01,KJ17: Abdullah Hukum,KG21: Cochrane,Abdullah Hukum,Cochrane,KJ,KG,Kelana Jaya,MRT Kajang,Inter-line,3651,6,12,3.651
2026-01,KJ17: Abdullah Hukum,KG22: Maluri,Abdullah Hukum,Maluri,KJ,KG,Kelana Jaya,MRT Kajang,Inter-line,7871,6,5,7.871
2026-01,KJ17: Abdullah Hukum,KJ03: Wangsa Maju,Abdullah Hukum,Wangsa Maju,KJ,KJ,Kelana Jaya,Kelana Jaya,Same line,14853,6,14,14.853
2026-01,KJ17: Abdullah Hukum,KJ09: Ampang Park,Abdullah Hukum,Ampang Park,KJ,KJ,Kelana Jaya,Kelana Jaya,Same line,18247,6,7,18.247
2026-01,KJ17: Abdullah Hukum,KJ10: KLCC,Abdullah Hukum,KLCC,KJ,KJ,Kelana Jaya,Kelana Jaya,Same line,11556,6,2,11.556
2026-01,KJ17: Abdullah Hukum,KJ14: Pasar Seni,Abdullah Hukum,Pasar Seni,KJ,KJ,Kelana Jaya,Kelana Jaya,Same line,10029,6,8,10.029
2026-01,KJ17: Abdullah Hukum,KJ15: KL Sentral,Abdullah Hukum,KL Sentral,KJ,KJ,Kelana Jaya,Kelana Jaya,Same line,46039,6,3,46.039
2026-01,KJ17: Abdullah Hukum,KJ16: Bank Rakyat Bangsar,Abdullah Hukum,Bank Rakyat Bangsar,KJ,KJ,Kelana Jaya,Kelana Jaya,Same line,21367,6,15,21.367
2026-01,KJ17: Abdullah Hukum,MR06: Bukit Bintang,Abdullah Hukum,Bukit Bintang,KJ,MR,Kelana Jaya,Monorail,Inter-line,25,6,9,0.025
2026-01,MR06: Bukit Bintang,AG07: Masjid Jamek,Bukit Bintang,Masjid Jamek,MR,AG,Monorail,Ampang,Inter-line,2062,9,10,2.062
2026-01,MR06: Bukit Bintang,KG09: Bandar Utama,Bukit Bintang,Bandar Utama,MR,KG,Monorail,MRT Kajang,Inter-line,11,9,13,0.011
2026-01,MR06: Bukit Bintang,KG15: Muzium Negara,Bukit Bintang,Muzium Negara,MR,KG,Monorail,MRT Kajang,Inter-line,35,9,11,0.035
2026-01,MR06: Bukit Bintang,KG18: Bukit Bintang,Bukit Bintang,Bukit Bintang,MR,KG,Monorail,MRT Kajang,Inter-line,51,9,1,0.051
2026-01,MR06: Bukit Bintang,KG20: Tun Razak Exchange,Bukit Bintang,Tun Razak Exchange,MR,KG,Monorail,MRT Kajang,Inter-line,80,9,4,0.08
2026-01,MR06: Bukit Bintang,KG21: Cochrane,Bukit Bintang,Cochrane,MR,KG,Monorail,MRT Kajang,Inter-line,35,9,12,0.035
2026-01,MR06: Bukit Bintang,KG22: Maluri,Bukit Bintang,Maluri,MR,KG,Monorail,MRT Kajang,Inter-line,145,9,5,0.145
2026-01,MR06: Bukit Bintang,KJ03: Wangsa Maju,Bukit Bintang,Wangsa Maju,MR,KJ,Monorail,Kelana Jaya,Inter-line,41,9,14,0.041
2026-01,MR06: Bukit Bintang,KJ09: Ampang Park,Bukit Bintang,Ampang Park,MR,KJ,Monorail,Kelana Jaya,Inter-line,18,9,7,0.018
2026-01,MR06: Bukit Bintang,KJ10: KLCC,Bukit Bintang,KLCC,MR,KJ,Monorail,Kelana Jaya,Inter-line,218,9,2,0.218
2026-01,MR06: Bukit Bintang,KJ14: Pasar Seni,Bukit Bintang,Pasar Seni,MR,KJ,Monorail,Kelana Jaya,Inter-line,184,9,8,0.184
2026-01,MR06: Bukit Bintang,KJ15: KL Sentral,Bukit Bintang,KL Sentral,MR,KJ,Monorail,Kelana Jaya,Inter-line,9,9,3,0.009
2026-01,MR06: Bukit Bintang,KJ16: Bank Rakyat Bangsar,Bukit Bintang,Bank Rakyat Bangsar,MR,KJ,Monorail,Kelana Jaya,Inter-line,27,9,15,0.027
2026-01,MR06: Bukit Bintang,KJ17: Abdullah Hukum,Bukit Bintang,Abdullah Hukum,MR,KJ,Monorail,Kelana Jaya,Inter-line,19,9,6,0.019
2026-02,AG07: Masjid Jamek,KG09: Bandar Utama,Masjid Jamek,Bandar Utama,AG,KG,Ampang,MRT Kajang,Inter-line,960,10,13,0.96
2026-02,AG07: Masjid Jamek,KG15: Muzium Negara,Masjid Jamek,Muzium Negara,AG,KG,Ampang,MRT Kajang,Inter-line,223,10,11,0.223
2026-02,AG07: Masjid Jamek,KG18: Bukit Bintang,Masjid Jamek,Bukit Bintang,AG,KG,Ampang,MRT Kajang,Inter-line,6196,10,1,6.196
2026-02,AG07: Masjid Jamek,KG20: Tun Razak Exchange,Masjid Jamek,Tun Razak Exchange,AG,KG,Ampang,MRT Kajang,Inter-line,2885,10,4,2.885
2026-02,AG07: Masjid Jamek,KG21: Cochrane,Masjid Jamek,Cochrane,AG,KG,Ampang,MRT Kajang,Inter-line,1851,10,12,1.851
2026-02,AG07: Masjid Jamek,KG22: Maluri,Masjid Jamek,Maluri,AG,KG,Ampang,MRT Kajang,Inter-line,2493,10,5,2.493
2026-02,AG07: Masjid Jamek,KJ03: Wangsa Maju,Masjid Jamek,Wangsa Maju,AG,KJ,Ampang,Kelana Jaya,Inter-line,4010,10,14,4.01
2026-02,AG07: Masjid Jamek,KJ09: Ampang Park,Masjid Jamek,Ampang Park,AG,KJ,Ampang,Kelana Jaya,Inter-line,4603,10,7,4.603
2026-02,AG07: Masjid Jamek,KJ10: KLCC,Masjid Jamek,KLCC,AG,KJ,Ampang,Kelana Jaya,Inter-line,23164,10,2,23.164
2026-02,AG07: Masjid Jamek,KJ14: Pasar Seni,Masjid Jamek,Pasar Seni,AG,KJ,Ampang,Kelana Jaya,Inter-line,7812,10,8,7.812
2026-02,AG07: Masjid Jamek,KJ15: KL Sentral,Masjid Jamek,KL Sentral,AG,KJ,Ampang,Kelana Jaya,Inter-line,20402,10,3,20.402
2026-02,AG07: Masjid Jamek,KJ16: Bank Rakyat Bangsar,Masjid Jamek,Bank Rakyat Bangsar,AG,KJ,Ampang,Kelana Jaya,Inter-line,4195,10,15,4.195
2026-02,AG07: Masjid Jamek,KJ17: Abdullah Hukum,Masjid Jamek,Abdullah Hukum,AG,KJ,Ampang,Kelana Jaya,Inter-line,4273,10,6,4.273
2026-02,AG07: Masjid Jamek,MR06: Bukit Bintang,Masjid Jamek,Bukit Bintang,AG,MR,Ampang,Monorail,Inter-line,2821,10,9,2.821
2026-02,KG09: Bandar Utama,AG07: Masjid Jamek,Bandar Utama,Masjid Jamek,KG,AG,MRT Kajang,Ampang,Inter-line,803,13,10,0.803
2026-02,KG09: Bandar Utama,KG15: Muzium Negara,Bandar Utama,Muzium Negara,KG,KG,MRT Kajang,MRT Kajang,Same line,11787,13,11,11.787
2026-02,KG09: Bandar Utama,KG18: Bukit Bintang,Bandar Utama,Bukit Bintang,KG,KG,MRT Kajang,MRT Kajang,Same line,15234,13,1,15.234
2026-02,KG09: Bandar Utama,KG20: Tun Razak Exchange,Bandar Utama,Tun Razak Exchange,KG,KG,MRT Kajang,MRT Kajang,Same line,8446,13,4,8.446
2026-02,KG09: Bandar Utama,KG21: Cochrane,Bandar Utama,Cochrane,KG,KG,MRT Kajang,MRT Kajang,Same line,2725,13,12,2.725
2026-02,KG09: Bandar Utama,KG22: Maluri,Bandar Utama,Maluri,KG,KG,MRT Kajang,MRT Kajang,Same line,5175,13,5,5.175
2026-02,KG09: Bandar Utama,KJ03: Wangsa Maju,Bandar Utama,Wangsa Maju,KG,KJ,MRT Kajang,Kelana Jaya,Inter-line,2094,13,14,2.094
2026-02,KG09: Bandar Utama,KJ09: Ampang Park,Bandar Utama,Ampang Park,KG,KJ,MRT Kajang,Kelana Jaya,Inter-line,432,13,7,0.432
2026-02,KG09: Bandar Utama,KJ10: KLCC,Bandar Utama,KLCC,KG,KJ,MRT Kajang,Kelana Jaya,Inter-line,3090,13,2,3.09
2026-02,KG09: Bandar Utama,KJ14: Pasar Seni,Bandar Utama,Pasar Seni,KG,KJ,MRT Kajang,Kelana Jaya,Inter-line,5749,13,8,5.749
2026-02,KG09: Bandar Utama,KJ15: KL Sentral,Bandar Utama,KL Sentral,KG,KJ,MRT Kajang,Kelana Jaya,Inter-line,434,13,3,0.434
2026-02,KG09: Bandar Utama,KJ16: Bank Rakyat Bangsar,Bandar Utama,Bank Rakyat Bangsar,KG,KJ,MRT Kajang,Kelana Jaya,Inter-line,761,13,15,0.761
2026-02,KG09: Bandar Utama,KJ17: Abdullah Hukum,Bandar Utama,Abdullah Hukum,KG,KJ,MRT Kajang,Kelana Jaya,Inter-line,1619,13,6,1.619
2026-02,KG09: Bandar Utama,MR06: Bukit Bintang,Bandar Utama,Bukit Bintang,KG,MR,MRT Kajang,Monorail,Inter-line,7,13,9,0.007
2026-02,KG15: Muzium Negara,AG07: Masjid Jamek,Muzium Negara,Masjid Jamek,KG,AG,MRT Kajang,Ampang,Inter-line,361,11,10,0.361
2026-02,KG15: Muzium Negara,KG09: Bandar Utama,Muzium Negara,Bandar Utama,KG,KG,MRT Kajang,MRT Kajang,Same line,14365,11,13,14.365
2026-02,KG15: Muzium Negara,KG18: Bukit Bintang,Muzium Negara,Bukit Bintang,KG,KG,MRT Kajang,MRT Kajang,Same line,25061,11,1,25.061
2026-02,KG15: Muzium Negara,KG20: Tun Razak Exchange,Muzium Negara,Tun Razak Exchange,KG,KG,MRT Kajang,MRT Kajang,Same line,16029,11,4,16.029
2026-02,KG15: Muzium Negara,KG21: Cochrane,Muzium Negara,Cochrane,KG,KG,MRT Kajang,MRT Kajang,Same line,9420,11,12,9.42
2026-02,KG15: Muzium Negara,KG22: Maluri,Muzium Negara,Maluri,KG,KG,MRT Kajang,MRT Kajang,Same line,18646,11,5,18.646
2026-02,KG15: Muzium Negara,KJ03: Wangsa Maju,Muzium Negara,Wangsa Maju,KG,KJ,MRT Kajang,Kelana Jaya,Inter-line,145,11,14,0.145
2026-02,KG15: Muzium Negara,KJ09: Ampang Park,Muzium Negara,Ampang Park,KG,KJ,MRT Kajang,Kelana Jaya,Inter-line,192,11,7,0.192
2026-02,KG15: Muzium Negara,KJ10: KLCC,Muzium Negara,KLCC,KG,KJ,MRT Kajang,Kelana Jaya,Inter-line,1183,11,2,1.183
2026-02,KG15: Muzium Negara,KJ14: Pasar Seni,Muzium Negara,Pasar Seni,KG,KJ,MRT Kajang,Kelana Jaya,Inter-line,5307,11,8,5.307
2026-02,KG15: Muzium Negara,KJ15: KL Sentral,Muzium Negara,KL Sentral,KG,KJ,MRT Kajang,Kelana Jaya,Inter-line,153,11,3,0.153
2026-02,KG15: Muzium Negara,KJ16: Bank Rakyat Bangsar,Muzium Negara,Bank Rakyat Bangsar,KG,KJ,MRT Kajang,Kelana Jaya,Inter-line,54,11,15,0.054
2026-02,KG15: Muzium Negara,KJ17: Abdullah Hukum,Muzium Negara,Abdullah Hukum,KG,KJ,MRT Kajang,Kelana Jaya,Inter-line,119,11,6,0.119
2026-02,KG15: Muzium Negara,MR06: Bukit Bintang,Muzium Negara,Bukit Bintang,KG,MR,MRT Kajang,Monorail,Inter-line,7,11,9,0.007
2026-02,KG18: Bukit Bintang,AG07: Masjid Jamek,Bukit Bintang,Masjid Jamek,KG,AG,MRT Kajang,Ampang,Inter-line,5055,1,10,5.055
2026-02,KG18: Bukit Bintang,KG09: Bandar Utama,Bukit Bintang,Bandar Utama,KG,KG,MRT Kajang,MRT Kajang,Same line,16934,1,13,16.934
2026-02,KG18: Bukit Bintang,KG15: Muzium Negara,Bukit Bintang,Muzium Negara,KG,KG,MRT Kajang,MRT Kajang,Same line,22711,1,11,22.711
2026-02,KG18: Bukit Bintang,KG20: Tun Razak Exchange,Bukit Bintang,Tun Razak Exchange,KG,KG,MRT Kajang,MRT Kajang,Same line,55879,1,4,55.879
2026-02,KG18: Bukit Bintang,KG21: Cochrane,Bukit Bintang,Cochrane,KG,KG,MRT Kajang,MRT Kajang,Same line,38319,1,12,38.319
2026-02,KG18: Bukit Bintang,KG22: Maluri,Bukit Bintang,Maluri,KG,KG,MRT Kajang,MRT Kajang,Same line,55627,1,5,55.627
2026-02,KG18: Bukit Bintang,KJ03: Wangsa Maju,Bukit Bintang,Wangsa Maju,KG,KJ,MRT Kajang,Kelana Jaya,Inter-line,5655,1,14,5.655
2026-02,KG18: Bukit Bintang,KJ09: Ampang Park,Bukit Bintang,Ampang Park,KG,KJ,MRT Kajang,Kelana Jaya,Inter-line,531,1,7,0.531
2026-02,KG18: Bukit Bintang,KJ10: KLCC,Bukit Bintang,KLCC,KG,KJ,MRT Kajang,Kelana Jaya,Inter-line,8171,1,2,8.171
2026-02,KG18: Bukit Bintang,KJ14: Pasar Seni,Bukit Bintang,Pasar Seni,KG,KJ,MRT Kajang,Kelana Jaya,Inter-line,39635,1,8,39.635
2026-02,KG18: Bukit Bintang,KJ15: KL Sentral,Bukit Bintang,KL Sentral,KG,KJ,MRT Kajang,Kelana Jaya,Inter-line,4872,1,3,4.872
2026-02,KG18: Bukit Bintang,KJ16: Bank Rakyat Bangsar,Bukit Bintang,Bank Rakyat Bangsar,KG,KJ,MRT Kajang,Kelana Jaya,Inter-line,5048,1,15,5.048
2026-02,KG18: Bukit Bintang,KJ17: Abdullah Hukum,Bukit Bintang,Abdullah Hukum,KG,KJ,MRT Kajang,Kelana Jaya,Inter-line,7060,1,6,7.06
2026-02,KG18: Bukit Bintang,MR06: Bukit Bintang,Bukit Bintang,Bukit Bintang,KG,MR,MRT Kajang,Monorail,Inter-line,50,1,9,0.05
2026-02,KG20: Tun Razak Exchange,AG07: Masjid Jamek,Tun Razak Exchange,Masjid Jamek,KG,AG,MRT Kajang,Ampang,Inter-line,2161,4,10,2.161
2026-02,KG20: Tun Razak Exchange,KG09: Bandar Utama,Tun Razak Exchange,Bandar Utama,KG,KG,MRT Kajang,MRT Kajang,Same line,8803,4,13,8.803
2026-02,KG20: Tun Razak Exchange,KG15: Muzium Negara,Tun Razak Exchange,Muzium Negara,KG,KG,MRT Kajang,MRT Kajang,Same line,13078,4,11,13.078
2026-02,KG20: Tun Razak Exchange,KG18: Bukit Bintang,Tun Razak Exchange,Bukit Bintang,KG,KG,MRT Kajang,MRT Kajang,Same line,61656,4,1,61.656
2026-02,KG20: Tun Razak Exchange,KG21: Cochrane,Tun Razak Exchange,Cochrane,KG,KG,MRT Kajang,MRT Kajang,Same line,33674,4,12,33.674
2026-02,KG20: Tun Razak Exchange,KG22: Maluri,Tun Razak Exchange,Maluri,KG,KG,MRT Kajang,MRT Kajang,Same line,35408,4,5,35.408
2026-02,KG20: Tun Razak Exchange,KJ03: Wangsa Maju,Tun Razak Exchange,Wangsa Maju,KG,KJ,MRT Kajang,Kelana Jaya,Inter-line,1077,4,14,1.077
2026-02,KG20: Tun Razak Exchange,KJ09: Ampang Park,Tun Razak Exchange,Ampang Park,KG,KJ,MRT Kajang,Kelana Jaya,Inter-line,67,4,7,0.067
2026-02,KG20: Tun Razak Exchange,KJ10: KLCC,Tun Razak Exchange,KLCC,KG,KJ,MRT Kajang,Kelana Jaya,Inter-line,1877,4,2,1.877
2026-02,KG20: Tun Razak Exchange,KJ14: Pasar Seni,Tun Razak Exchange,Pasar Seni,KG,KJ,MRT Kajang,Kelana Jaya,Inter-line,13463,4,8,13.463
2026-02,KG20: Tun Razak Exchange,KJ15: KL Sentral,Tun Razak Exchange,KL Sentral,KG,KJ,MRT Kajang,Kelana Jaya,Inter-line,2433,4,3,2.433
2026-02,KG20: Tun Razak Exchange,KJ16: Bank Rakyat Bangsar,Tun Razak Exchange,Bank Rakyat Bangsar,KG,KJ,MRT Kajang,Kelana Jaya,Inter-line,1978,4,15,1.978
2026-02,KG20: Tun Razak Exchange,KJ17: Abdullah Hukum,Tun Razak Exchange,Abdullah Hukum,KG,KJ,MRT Kajang,Kelana Jaya,Inter-line,3193,4,6,3.193
2026-02,KG20: Tun Razak Exchange,MR06: Bukit Bintang,Tun Razak Exchange,Bukit Bintang,KG,MR,MRT Kajang,Monorail,Inter-line,54,4,9,0.054
2026-02,KG21: Cochrane,AG07: Masjid Jamek,Cochrane,Masjid Jamek,KG,AG,MRT Kajang,Ampang,Inter-line,1562,12,10,1.562
2026-02,KG21: Cochrane,KG09: Bandar Utama,Cochrane,Bandar Utama,KG,KG,MRT Kajang,MRT Kajang,Same line,2522,12,13,2.522
2026-02,KG21: Cochrane,KG15: Muzium Negara,Cochrane,Muzium Negara,KG,KG,MRT Kajang,MRT Kajang,Same line,6999,12,11,6.999
2026-02,KG21: Cochrane,KG18: Bukit Bintang,Cochrane,Bukit Bintang,KG,KG,MRT Kajang,MRT Kajang,Same line,35154,12,1,35.154
2026-02,KG21: Cochrane,KG20: Tun Razak Exchange,Cochrane,Tun Razak Exchange,KG,KG,MRT Kajang,MRT Kajang,Same line,30993,12,4,30.993
2026-02,KG21: Cochrane,KG22: Maluri,Cochrane,Maluri,KG,KG,MRT Kajang,MRT Kajang,Same line,18245,12,5,18.245
2026-02,KG21: Cochrane,KJ03: Wangsa Maju,Cochrane,Wangsa Maju,KG,KJ,MRT Kajang,Kelana Jaya,Inter-line,1351,12,14,1.351
2026-02,KG21: Cochrane,KJ09: Ampang Park,Cochrane,Ampang Park,KG,KJ,MRT Kajang,Kelana Jaya,Inter-line,90,12,7,0.09
2026-02,KG21: Cochrane,KJ10: KLCC,Cochrane,KLCC,KG,KJ,MRT Kajang,Kelana Jaya,Inter-line,2188,12,2,2.188
2026-02,KG21: Cochrane,KJ14: Pasar Seni,Cochrane,Pasar Seni,KG,KJ,MRT Kajang,Kelana Jaya,Inter-line,7762,12,8,7.762
2026-02,KG21: Cochrane,KJ15: KL Sentral,Cochrane,KL Sentral,KG,KJ,MRT Kajang,Kelana Jaya,Inter-line,1183,12,3,1.183
2026-02,KG21: Cochrane,KJ16: Bank Rakyat Bangsar,Cochrane,Bank Rakyat Bangsar,KG,KJ,MRT Kajang,Kelana Jaya,Inter-line,1180,12,15,1.18
2026-02,KG21: Cochrane,KJ17: Abdullah Hukum,Cochrane,Abdullah Hukum,KG,KJ,MRT Kajang,Kelana Jaya,Inter-line,2150,12,6,2.15
2026-02,KG21: Cochrane,MR06: Bukit Bintang,Cochrane,Bukit Bintang,KG,MR,MRT Kajang,Monorail,Inter-line,21,12,9,0.021
2026-02,KG22: Maluri,AG07: Masjid Jamek,Maluri,Masjid Jamek,KG,AG,MRT Kajang,Ampang,Inter-line,3339,5,10,3.339
2026-02,KG22: Maluri,KG09: Bandar Utama,Maluri,Bandar Utama,KG,KG,MRT Kajang,MRT Kajang,Same line,5377,5,13,5.377
2026-02,KG22: Maluri,KG15: Muzium Negara,Maluri,Muzium Negara,KG,KG,MRT Kajang,MRT Kajang,Same line,18497,5,11,18.497
2026-02,KG22: Maluri,KG18: Bukit Bintang,Maluri,Bukit Bintang,KG,KG,MRT Kajang,MRT Kajang,Same line,54964,5,1,54.964
2026-02,KG22: Maluri,KG20: Tun Razak Exchange,Maluri,Tun Razak Exchange,KG,KG,MRT Kajang,MRT Kajang,Same line,34298,5,4,34.298
2026-02,KG22: Maluri,KG21: Cochrane,Maluri,Cochrane,KG,KG,MRT Kajang,MRT Kajang,Same line,17129,5,12,17.129
2026-02,KG22: Maluri,KJ03: Wangsa Maju,Maluri,Wangsa Maju,KG,KJ,MRT Kajang,Kelana Jaya,Inter-line,1563,5,14,1.563
2026-02,KG22: Maluri,KJ09: Ampang Park,Maluri,Ampang Park,KG,KJ,MRT Kajang,Kelana Jaya,Inter-line,97,5,7,0.097
2026-02,KG22: Maluri,KJ10: KLCC,Maluri,KLCC,KG,KJ,MRT Kajang,Kelana Jaya,Inter-line,2713,5,2,2.713
2026-02,KG22: Maluri,KJ14: Pasar Seni,Maluri,Pasar Seni,KG,KJ,MRT Kajang,Kelana Jaya,Inter-line,6481,5,8,6.481
2026-02,KG22: Maluri,KJ15: KL Sentral,Maluri,KL Sentral,KG,KJ,MRT Kajang,Kelana Jaya,Inter-line,1712,5,3,1.712
2026-02,KG22: Maluri,KJ16: Bank Rakyat Bangsar,Maluri,Bank Rakyat Bangsar,KG,KJ,MRT Kajang,Kelana Jaya,Inter-line,3018,5,15,3.018
2026-02,KG22: Maluri,KJ17: Abdullah Hukum,Maluri,Abdullah Hukum,KG,KJ,MRT Kajang,Kelana Jaya,Inter-line,5564,5,6,5.564
2026-02,KG22: Maluri,MR06: Bukit Bintang,Maluri,Bukit Bintang,KG,MR,MRT Kajang,Monorail,Inter-line,29,5,9,0.029
2026-02,KJ03: Wangsa Maju,AG07: Masjid Jamek,Wangsa Maju,Masjid Jamek,KJ,AG,Kelana Jaya,Ampang,Inter-line,4330,14,10,4.33
2026-02,KJ03: Wangsa Maju,KG09: Bandar Utama,Wangsa Maju,Bandar Utama,KJ,KG,Kelana Jaya,MRT Kajang,Inter-line,2276,14,13,2.276
2026-02,KJ03: Wangsa Maju,KG15: Muzium Negara,Wangsa Maju,Muzium Negara,KJ,KG,Kelana Jaya,MRT Kajang,Inter-line,161,14,11,0.161
2026-02,KJ03: Wangsa Maju,KG18: Bukit Bintang,Wangsa Maju,Bukit Bintang,KJ,KG,Kelana Jaya,MRT Kajang,Inter-line,4902,14,1,4.902
2026-02,KJ03: Wangsa Maju,KG20: Tun Razak Exchange,Wangsa Maju,Tun Razak Exchange,KJ,KG,Kelana Jaya,MRT Kajang,Inter-line,942,14,4,0.942
2026-02,KJ03: Wangsa Maju,KG21: Cochrane,Wangsa Maju,Cochrane,KJ,KG,Kelana Jaya,MRT Kajang,Inter-line,1337,14,12,1.337
2026-02,KJ03: Wangsa Maju,KG22: Maluri,Wangsa Maju,Maluri,KJ,KG,Kelana Jaya,MRT Kajang,Inter-line,1502,14,5,1.502
2026-02,KJ03: Wangsa Maju,KJ09: Ampang Park,Wangsa Maju,Ampang Park,KJ,KJ,Kelana Jaya,Kelana Jaya,Same line,41301,14,7,41.301
2026-02,KJ03: Wangsa Maju,KJ10: KLCC,Wangsa Maju,KLCC,KJ,KJ,Kelana Jaya,Kelana Jaya,Same line,26972,14,2,26.972
2026-02,KJ03: Wangsa Maju,KJ14: Pasar Seni,Wangsa Maju,Pasar Seni,KJ,KJ,Kelana Jaya,Kelana Jaya,Same line,6989,14,8,6.989
2026-02,KJ03: Wangsa Maju,KJ15: KL Sentral,Wangsa Maju,KL Sentral,KJ,KJ,Kelana Jaya,Kelana Jaya,Same line,15247,14,3,15.247
2026-02,KJ03: Wangsa Maju,KJ16: Bank Rakyat Bangsar,Wangsa Maju,Bank Rakyat Bangsar,KJ,KJ,Kelana Jaya,Kelana Jaya,Same line,3625,14,15,3.625
2026-02,KJ03: Wangsa Maju,KJ17: Abdullah Hukum,Wangsa Maju,Abdullah Hukum,KJ,KJ,Kelana Jaya,Kelana Jaya,Same line,11230,14,6,11.23
2026-02,KJ03: Wangsa Maju,MR06: Bukit Bintang,Wangsa Maju,Bukit Bintang,KJ,MR,Kelana Jaya,Monorail,Inter-line,25,14,9,0.025
2026-02,KJ09: Ampang Park,AG07: Masjid Jamek,Ampang Park,Masjid Jamek,KJ,AG,Kelana Jaya,Ampang,Inter-line,4790,7,10,4.79
2026-02,KJ09: Ampang Park,KG09: Bandar Utama,Ampang Park,Bandar Utama,KJ,KG,Kelana Jaya,MRT Kajang,Inter-line,555,7,13,0.555
2026-02,KJ09: Ampang Park,KG15: Muzium Negara,Ampang Park,Muzium Negara,KJ,KG,Kelana Jaya,MRT Kajang,Inter-line,106,7,11,0.106
2026-02,KJ09: Ampang Park,KG18: Bukit Bintang,Ampang Park,Bukit Bintang,KJ,KG,Kelana Jaya,MRT Kajang,Inter-line,657,7,1,0.657
2026-02,KJ09: Ampang Park,KG20: Tun Razak Exchange,Ampang Park,Tun Razak Exchange,KJ,KG,Kelana Jaya,MRT Kajang,Inter-line,153,7,4,0.153
2026-02,KJ09: Ampang Park,KG21: Cochrane,Ampang Park,Cochrane,KJ,KG,Kelana Jaya,MRT Kajang,Inter-line,122,7,12,0.122
2026-02,KJ09: Ampang Park,KG22: Maluri,Ampang Park,Maluri,KJ,KG,Kelana Jaya,MRT Kajang,Inter-line,184,7,5,0.184
2026-02,KJ09: Ampang Park,KJ03: Wangsa Maju,Ampang Park,Wangsa Maju,KJ,KJ,Kelana Jaya,Kelana Jaya,Same line,47110,7,14,47.11
2026-02,KJ09: Ampang Park,KJ10: KLCC,Ampang Park,KLCC,KJ,KJ,Kelana Jaya,Kelana Jaya,Same line,51423,7,2,51.423
2026-02,KJ09: Ampang Park,KJ14: Pasar Seni,Ampang Park,Pasar Seni,KJ,KJ,Kelana Jaya,Kelana Jaya,Same line,6931,7,8,6.931
2026-02,KJ09: Ampang Park,KJ15: KL Sentral,Ampang Park,KL Sentral,KJ,KJ,Kelana Jaya,Kelana Jaya,Same line,15849,7,3,15.849
2026-02,KJ09: Ampang Park,KJ16: Bank Rakyat Bangsar,Ampang Park,Bank Rakyat Bangsar,KJ,KJ,Kelana Jaya,Kelana Jaya,Same line,7099,7,15,7.099
2026-02,KJ09: Ampang Park,KJ17: Abdullah Hukum,Ampang Park,Abdullah Hukum,KJ,KJ,Kelana Jaya,Kelana Jaya,Same line,14160,7,6,14.16
2026-02,KJ09: Ampang Park,MR06: Bukit Bintang,Ampang Park,Bukit Bintang,KJ,MR,Kelana Jaya,Monorail,Inter-line,18,7,9,0.018
2026-02,KJ10: KLCC,AG07: Masjid Jamek,KLCC,Masjid Jamek,KJ,AG,Kelana Jaya,Ampang,Inter-line,18172,2,10,18.172
2026-02,KJ10: KLCC,KG09: Bandar Utama,KLCC,Bandar Utama,KJ,KG,Kelana Jaya,MRT Kajang,Inter-line,3562,2,13,3.562
2026-02,KJ10: KLCC,KG15: Muzium Negara,KLCC,Muzium Negara,KJ,KG,Kelana Jaya,MRT Kajang,Inter-line,529,2,11,0.529
2026-02,KJ10: KLCC,KG18: Bukit Bintang,KLCC,Bukit Bintang,KJ,KG,Kelana Jaya,MRT Kajang,Inter-line,8501,2,1,8.501
2026-02,KJ10: KLCC,KG20: Tun Razak Exchange,KLCC,Tun Razak Exchange,KJ,KG,Kelana Jaya,MRT Kajang,Inter-line,2228,2,4,2.228
2026-02,KJ10: KLCC,KG21: Cochrane,KLCC,Cochrane,KJ,KG,Kelana Jaya,MRT Kajang,Inter-line,2498,2,12,2.498
2026-02,KJ10: KLCC,KG22: Maluri,KLCC,Maluri,KJ,KG,Kelana Jaya,MRT Kajang,Inter-line,3433,2,5,3.433
2026-02,KJ10: KLCC,KJ03: Wangsa Maju,KLCC,Wangsa Maju,KJ,KJ,Kelana Jaya,Kelana Jaya,Same line,30448,2,14,30.448
2026-02,KJ10: KLCC,KJ09: Ampang Park,KLCC,Ampang Park,KJ,KJ,Kelana Jaya,Kelana Jaya,Same line,61275,2,7,61.275
2026-02,KJ10: KLCC,KJ14: Pasar Seni,KLCC,Pasar Seni,KJ,KJ,Kelana Jaya,Kelana Jaya,Same line,29610,2,8,29.61
2026-02,KJ10: KLCC,KJ15: KL Sentral,KLCC,KL Sentral,KJ,KJ,Kelana Jaya,Kelana Jaya,Same line,46242,2,3,46.242
2026-02,KJ10: KLCC,KJ16: Bank Rakyat Bangsar,KLCC,Bank Rakyat Bangsar,KJ,KJ,Kelana Jaya,Kelana Jaya,Same line,9208,2,15,9.208
2026-02,KJ10: KLCC,KJ17: Abdullah Hukum,KLCC,Abdullah Hukum,KJ,KJ,Kelana Jaya,Kelana Jaya,Same line,10194,2,6,10.194
2026-02,KJ10: KLCC,MR06: Bukit Bintang,KLCC,Bukit Bintang,KJ,MR,Kelana Jaya,Monorail,Inter-line,376,2,9,0.376
2026-02,KJ14: Pasar Seni,AG07: Masjid Jamek,Pasar Seni,Masjid Jamek,KJ,AG,Kelana Jaya,Ampang,Inter-line,7064,8,10,7.064
2026-02,KJ14: Pasar Seni,KG09: Bandar Utama,Pasar Seni,Bandar Utama,KJ,KG,Kelana Jaya,MRT Kajang,Inter-line,6042,8,13,6.042
2026-02,KJ14: Pasar Seni,KG15: Muzium Negara,Pasar Seni,Muzium Negara,KJ,KG,Kelana Jaya,MRT Kajang,Inter-line,3335,8,11,3.335
2026-02,KJ14: Pasar Seni,KG18: Bukit Bintang,Pasar Seni,Bukit Bintang,KJ,KG,Kelana Jaya,MRT Kajang,Inter-line,38831,8,1,38.831
2026-02,KJ14: Pasar Seni,KG20: Tun Razak Exchange,Pasar Seni,Tun Razak Exchange,KJ,KG,Kelana Jaya,MRT Kajang,Inter-line,14842,8,4,14.842
2026-02,KJ14: Pasar Seni,KG21: Cochrane,Pasar Seni,Cochrane,KJ,KG,Kelana Jaya,MRT Kajang,Inter-line,8639,8,12,8.639
2026-02,KJ14: Pasar Seni,KG22: Maluri,Pasar Seni,Maluri,KJ,KG,Kelana Jaya,MRT Kajang,Inter-line,6158,8,5,6.158
2026-02,KJ14: Pasar Seni,KJ03: Wangsa Maju,Pasar Seni,Wangsa Maju,KJ,KJ,Kelana Jaya,Kelana Jaya,Same line,6024,8,14,6.024
2026-02,KJ14: Pasar Seni,KJ09: Ampang Park,Pasar Seni,Ampang Park,KJ,KJ,Kelana Jaya,Kelana Jaya,Same line,6218,8,7,6.218
2026-02,KJ14: Pasar Seni,KJ10: KLCC,Pasar Seni,KLCC,KJ,KJ,Kelana Jaya,Kelana Jaya,Same line,29746,8,2,29.746
2026-02,KJ14: Pasar Seni,KJ15: KL Sentral,Pasar Seni,KL Sentral,KJ,KJ,Kelana Jaya,Kelana Jaya,Same line,34869,8,3,34.869
2026-02,KJ14: Pasar Seni,KJ16: Bank Rakyat Bangsar,Pasar Seni,Bank Rakyat Bangsar,KJ,KJ,Kelana Jaya,Kelana Jaya,Same line,9686,8,15,9.686
2026-02,KJ14: Pasar Seni,KJ17: Abdullah Hukum,Pasar Seni,Abdullah Hukum,KJ,KJ,Kelana Jaya,Kelana Jaya,Same line,8042,8,6,8.042
2026-02,KJ14: Pasar Seni,MR06: Bukit Bintang,Pasar Seni,Bukit Bintang,KJ,MR,Kelana Jaya,Monorail,Inter-line,71,8,9,0.071
2026-02,KJ15: KL Sentral,AG07: Masjid Jamek,KL Sentral,Masjid Jamek,KJ,AG,Kelana Jaya,Ampang,Inter-line,19851,3,10,19.851
2026-02,KJ15: KL Sentral,KG09: Bandar Utama,KL Sentral,Bandar Utama,KJ,KG,Kelana Jaya,MRT Kajang,Inter-line,534,3,13,0.534
2026-02,KJ15: KL Sentral,KG15: Muzium Negara,KL Sentral,Muzium Negara,KJ,KG,Kelana Jaya,MRT Kajang,Inter-line,164,3,11,0.164
2026-02,KJ15: KL Sentral,KG18: Bukit Bintang,KL Sentral,Bukit Bintang,KJ,KG,Kelana Jaya,MRT Kajang,Inter-line,3666,3,1,3.666
2026-02,KJ15: KL Sentral,KG20: Tun Razak Exchange,KL Sentral,Tun Razak Exchange,KJ,KG,Kelana Jaya,MRT Kajang,Inter-line,1883,3,4,1.883
2026-02,KJ15: KL Sentral,KG21: Cochrane,KL Sentral,Cochrane,KJ,KG,Kelana Jaya,MRT Kajang,Inter-line,1130,3,12,1.13
2026-02,KJ15: KL Sentral,KG22: Maluri,KL Sentral,Maluri,KJ,KG,Kelana Jaya,MRT Kajang,Inter-line,1761,3,5,1.761
2026-02,KJ15: KL Sentral,KJ03: Wangsa Maju,KL Sentral,Wangsa Maju,KJ,KJ,Kelana Jaya,Kelana Jaya,Same line,17395,3,14,17.395
2026-02,KJ15: KL Sentral,KJ09: Ampang Park,KL Sentral,Ampang Park,KJ,KJ,Kelana Jaya,Kelana Jaya,Same line,15386,3,7,15.386
2026-02,KJ15: KL Sentral,KJ10: KLCC,KL Sentral,KLCC,KJ,KJ,Kelana Jaya,Kelana Jaya,Same line,48780,3,2,48.78
2026-02,KJ15: KL Sentral,KJ14: Pasar Seni,KL Sentral,Pasar Seni,KJ,KJ,Kelana Jaya,Kelana Jaya,Same line,34414,3,8,34.414
2026-02,KJ15: KL Sentral,KJ16: Bank Rakyat Bangsar,KL Sentral,Bank Rakyat Bangsar,KJ,KJ,Kelana Jaya,Kelana Jaya,Same line,41745,3,15,41.745
2026-02,KJ15: KL Sentral,KJ17: Abdullah Hukum,KL Sentral,Abdullah Hukum,KJ,KJ,Kelana Jaya,Kelana Jaya,Same line,37413,3,6,37.413
2026-02,KJ15: KL Sentral,MR06: Bukit Bintang,KL Sentral,Bukit Bintang,KJ,MR,Kelana Jaya,Monorail,Inter-line,66,3,9,0.066
2026-02,KJ16: Bank Rakyat Bangsar,AG07: Masjid Jamek,Bank Rakyat Bangsar,Masjid Jamek,KJ,AG,Kelana Jaya,Ampang,Inter-line,3983,15,10,3.983
2026-02,KJ16: Bank Rakyat Bangsar,KG09: Bandar Utama,Bank Rakyat Bangsar,Bandar Utama,KJ,KG,Kelana Jaya,MRT Kajang,Inter-line,1020,15,13,1.02
2026-02,KJ16: Bank Rakyat Bangsar,KG15: Muzium Negara,Bank Rakyat Bangsar,Muzium Negara,KJ,KG,Kelana Jaya,MRT Kajang,Inter-line,56,15,11,0.056
2026-02,KJ16: Bank Rakyat Bangsar,KG18: Bukit Bintang,Bank Rakyat Bangsar,Bukit Bintang,KJ,KG,Kelana Jaya,MRT Kajang,Inter-line,4870,15,1,4.87
2026-02,KJ16: Bank Rakyat Bangsar,KG20: Tun Razak Exchange,Bank Rakyat Bangsar,Tun Razak Exchange,KJ,KG,Kelana Jaya,MRT Kajang,Inter-line,2334,15,4,2.334
2026-02,KJ16: Bank Rakyat Bangsar,KG21: Cochrane,Bank Rakyat Bangsar,Cochrane,KJ,KG,Kelana Jaya,MRT Kajang,Inter-line,1590,15,12,1.59
2026-02,KJ16: Bank Rakyat Bangsar,KG22: Maluri,Bank Rakyat Bangsar,Maluri,KJ,KG,Kelana Jaya,MRT Kajang,Inter-line,2954,15,5,2.954
2026-02,KJ16: Bank Rakyat Bangsar,KJ03: Wangsa Maju,Bank Rakyat Bangsar,Wangsa Maju,KJ,KJ,Kelana Jaya,Kelana Jaya,Same line,3845,15,14,3.845
2026-02,KJ16: Bank Rakyat Bangsar,KJ09: Ampang Park,Bank Rakyat Bangsar,Ampang Park,KJ,KJ,Kelana Jaya,Kelana Jaya,Same line,7541,15,7,7.541
2026-02,KJ16: Bank Rakyat Bangsar,KJ10: KLCC,Bank Rakyat Bangsar,KLCC,KJ,KJ,Kelana Jaya,Kelana Jaya,Same line,10063,15,2,10.063
2026-02,KJ16: Bank Rakyat Bangsar,KJ14: Pasar Seni,Bank Rakyat Bangsar,Pasar Seni,KJ,KJ,Kelana Jaya,Kelana Jaya,Same line,10534,15,8,10.534
2026-02,KJ16: Bank Rakyat Bangsar,KJ15: KL Sentral,Bank Rakyat Bangsar,KL Sentral,KJ,KJ,Kelana Jaya,Kelana Jaya,Same line,40761,15,3,40.761
2026-02,KJ16: Bank Rakyat Bangsar,KJ17: Abdullah Hukum,Bank Rakyat Bangsar,Abdullah Hukum,KJ,KJ,Kelana Jaya,Kelana Jaya,Same line,19060,15,6,19.06
2026-02,KJ16: Bank Rakyat Bangsar,MR06: Bukit Bintang,Bank Rakyat Bangsar,Bukit Bintang,KJ,MR,Kelana Jaya,Monorail,Inter-line,17,15,9,0.017
2026-02,KJ17: Abdullah Hukum,AG07: Masjid Jamek,Abdullah Hukum,Masjid Jamek,KJ,AG,Kelana Jaya,Ampang,Inter-line,4103,6,10,4.103
2026-02,KJ17: Abdullah Hukum,KG09: Bandar Utama,Abdullah Hukum,Bandar Utama,KJ,KG,Kelana Jaya,MRT Kajang,Inter-line,2198,6,13,2.198
2026-02,KJ17: Abdullah Hukum,KG15: Muzium Negara,Abdullah Hukum,Muzium Negara,KJ,KG,Kelana Jaya,MRT Kajang,Inter-line,46,6,11,0.046
2026-02,KJ17: Abdullah Hukum,KG18: Bukit Bintang,Abdullah Hukum,Bukit Bintang,KJ,KG,Kelana Jaya,MRT Kajang,Inter-line,7931,6,1,7.931
2026-02,KJ17: Abdullah Hukum,KG20: Tun Razak Exchange,Abdullah Hukum,Tun Razak Exchange,KJ,KG,Kelana Jaya,MRT Kajang,Inter-line,3702,6,4,3.702
2026-02,KJ17: Abdullah Hukum,KG21: Cochrane,Abdullah Hukum,Cochrane,KJ,KG,Kelana Jaya,MRT Kajang,Inter-line,3038,6,12,3.038
2026-02,KJ17: Abdullah Hukum,KG22: Maluri,Abdullah Hukum,Maluri,KJ,KG,Kelana Jaya,MRT Kajang,Inter-line,6147,6,5,6.147
2026-02,KJ17: Abdullah Hukum,KJ03: Wangsa Maju,Abdullah Hukum,Wangsa Maju,KJ,KJ,Kelana Jaya,Kelana Jaya,Same line,11588,6,14,11.588
2026-02,KJ17: Abdullah Hukum,KJ09: Ampang Park,Abdullah Hukum,Ampang Park,KJ,KJ,Kelana Jaya,Kelana Jaya,Same line,14309,6,7,14.309
2026-02,KJ17: Abdullah Hukum,KJ10: KLCC,Abdullah Hukum,KLCC,KJ,KJ,Kelana Jaya,Kelana Jaya,Same line,9957,6,2,9.957
2026-02,KJ17: Abdullah Hukum,KJ14: Pasar Seni,Abdullah Hukum,Pasar Seni,KJ,KJ,Kelana Jaya,Kelana Jaya,Same line,8899,6,8,8.899
2026-02,KJ17: Abdullah Hukum,KJ15: KL Sentral,Abdullah Hukum,KL Sentral,KJ,KJ,Kelana Jaya,Kelana Jaya,Same line,38386,6,3,38.386
2026-02,KJ17: Abdullah Hukum,KJ16: Bank Rakyat Bangsar,Abdullah Hukum,Bank Rakyat Bangsar,KJ,KJ,Kelana Jaya,Kelana Jaya,Same line,17240,6,15,17.24
2026-02,KJ17: Abdullah Hukum,MR06: Bukit Bintang,Abdullah Hukum,Bukit Bintang,KJ,MR,Kelana Jaya,Monorail,Inter-line,20,6,9,0.02
2026-02,MR06: Bukit Bintang,AG07: Masjid Jamek,Bukit Bintang,Masjid Jamek,MR,AG,Monorail,Ampang,Inter-line,2128,9,10,2.128
2026-02,MR06: Bukit Bintang,KG09: Bandar Utama,Bukit Bintang,Bandar Utama,MR,KG,Monorail,MRT Kajang,Inter-line,14,9,13,0.014
2026-02,MR06: Bukit Bintang,KG15: Muzium Negara,Bukit Bintang,Muzium Negara,MR,KG,Monorail,MRT Kajang,Inter-line,35,9,11,0.035
2026-02,MR06: Bukit Bintang,KG18: Bukit Bintang,Bukit Bintang,Bukit Bintang,MR,KG,Monorail,MRT Kajang,Inter-line,29,9,1,0.029
2026-02,MR06: Bukit Bintang,KG20: Tun Razak Exchange,Bukit Bintang,Tun Razak Exchange,MR,KG,Monorail,MRT Kajang,Inter-line,82,9,4,0.082
2026-02,MR06: Bukit Bintang,KG21: Cochrane,Bukit Bintang,Cochrane,MR,KG,Monorail,MRT Kajang,Inter-line,37,9,12,0.037
2026-02,MR06: Bukit Bintang,KG22: Maluri,Bukit Bintang,Maluri,MR,KG,Monorail,MRT Kajang,Inter-line,153,9,5,0.153
2026-02,MR06: Bukit Bintang,KJ03: Wangsa Maju,Bukit Bintang,Wangsa Maju,MR,KJ,Monorail,Kelana Jaya,Inter-line,54,9,14,0.054
2026-02,MR06: Bukit Bintang,KJ09: Ampang Park,Bukit Bintang,Ampang Park,MR,KJ,Monorail,Kelana Jaya,Inter-line,26,9,7,0.026
2026-02,MR06: Bukit Bintang,KJ10: KLCC,Bukit Bintang,KLCC,MR,KJ,Monorail,Kelana Jaya,Inter-line,220,9,2,0.22
2026-02,MR06: Bukit Bintang,KJ14: Pasar Seni,Bukit Bintang,Pasar Seni,MR,KJ,Monorail,Kelana Jaya,Inter-line,158,9,8,0.158
2026-02,MR06: Bukit Bintang,KJ15: KL Sentral,Bukit Bintang,KL Sentral,MR,KJ,Monorail,Kelana Jaya,Inter-line,30,9,3,0.03
2026-02,MR06: Bukit Bintang,KJ16: Bank Rakyat Bangsar,Bukit Bintang,Bank Rakyat Bangsar,MR,KJ,Monorail,Kelana Jaya,Inter-line,13,9,15,0.013
2026-02,MR06: Bukit Bintang,KJ17: Abdullah Hukum,Bukit Bintang,Abdullah Hukum,MR,KJ,Monorail,Kelana Jaya,Inter-line,25,9,6,0.025
2026-03,AG07: Masjid Jamek,KG09: Bandar Utama,Masjid Jamek,Bandar Utama,AG,KG,Ampang,MRT Kajang,Inter-line,1222,10,13,1.222
2026-03,AG07: Masjid Jamek,KG15: Muzium Negara,Masjid Jamek,Muzium Negara,AG,KG,Ampang,MRT Kajang,Inter-line,174,10,11,0.174
2026-03,AG07: Masjid Jamek,KG18: Bukit Bintang,Masjid Jamek,Bukit Bintang,AG,KG,Ampang,MRT Kajang,Inter-line,7015,10,1,7.015
2026-03,AG07: Masjid Jamek,KG20: Tun Razak Exchange,Masjid Jamek,Tun Razak Exchange,AG,KG,Ampang,MRT Kajang,Inter-line,2907,10,4,2.907
2026-03,AG07: Masjid Jamek,KG21: Cochrane,Masjid Jamek,Cochrane,AG,KG,Ampang,MRT Kajang,Inter-line,2426,10,12,2.426
2026-03,AG07: Masjid Jamek,KG22: Maluri,Masjid Jamek,Maluri,AG,KG,Ampang,MRT Kajang,Inter-line,2767,10,5,2.767
2026-03,AG07: Masjid Jamek,KJ03: Wangsa Maju,Masjid Jamek,Wangsa Maju,AG,KJ,Ampang,Kelana Jaya,Inter-line,5096,10,14,5.096
2026-03,AG07: Masjid Jamek,KJ09: Ampang Park,Masjid Jamek,Ampang Park,AG,KJ,Ampang,Kelana Jaya,Inter-line,4520,10,7,4.52
2026-03,AG07: Masjid Jamek,KJ10: KLCC,Masjid Jamek,KLCC,AG,KJ,Ampang,Kelana Jaya,Inter-line,21315,10,2,21.315
2026-03,AG07: Masjid Jamek,KJ14: Pasar Seni,Masjid Jamek,Pasar Seni,AG,KJ,Ampang,Kelana Jaya,Inter-line,8142,10,8,8.142
2026-03,AG07: Masjid Jamek,KJ15: KL Sentral,Masjid Jamek,KL Sentral,AG,KJ,Ampang,Kelana Jaya,Inter-line,21226,10,3,21.226
2026-03,AG07: Masjid Jamek,KJ16: Bank Rakyat Bangsar,Masjid Jamek,Bank Rakyat Bangsar,AG,KJ,Ampang,Kelana Jaya,Inter-line,4989,10,15,4.989
2026-03,AG07: Masjid Jamek,KJ17: Abdullah Hukum,Masjid Jamek,Abdullah Hukum,AG,KJ,Ampang,Kelana Jaya,Inter-line,4857,10,6,4.857
2026-03,AG07: Masjid Jamek,MR06: Bukit Bintang,Masjid Jamek,Bukit Bintang,AG,MR,Ampang,Monorail,Inter-line,3012,10,9,3.012
2026-03,KG09: Bandar Utama,AG07: Masjid Jamek,Bandar Utama,Masjid Jamek,KG,AG,MRT Kajang,Ampang,Inter-line,1092,13,10,1.092
2026-03,KG09: Bandar Utama,KG15: Muzium Negara,Bandar Utama,Muzium Negara,KG,KG,MRT Kajang,MRT Kajang,Same line,13149,13,11,13.149
2026-03,KG09: Bandar Utama,KG18: Bukit Bintang,Bandar Utama,Bukit Bintang,KG,KG,MRT Kajang,MRT Kajang,Same line,15632,13,1,15.632
2026-03,KG09: Bandar Utama,KG20: Tun Razak Exchange,Bandar Utama,Tun Razak Exchange,KG,KG,MRT Kajang,MRT Kajang,Same line,9355,13,4,9.355
2026-03,KG09: Bandar Utama,KG21: Cochrane,Bandar Utama,Cochrane,KG,KG,MRT Kajang,MRT Kajang,Same line,2964,13,12,2.964
2026-03,KG09: Bandar Utama,KG22: Maluri,Bandar Utama,Maluri,KG,KG,MRT Kajang,MRT Kajang,Same line,5925,13,5,5.925
2026-03,KG09: Bandar Utama,KJ03: Wangsa Maju,Bandar Utama,Wangsa Maju,KG,KJ,MRT Kajang,Kelana Jaya,Inter-line,2322,13,14,2.322
2026-03,KG09: Bandar Utama,KJ09: Ampang Park,Bandar Utama,Ampang Park,KG,KJ,MRT Kajang,Kelana Jaya,Inter-line,550,13,7,0.55
2026-03,KG09: Bandar Utama,KJ10: KLCC,Bandar Utama,KLCC,KG,KJ,MRT Kajang,Kelana Jaya,Inter-line,3849,13,2,3.849
2026-03,KG09: Bandar Utama,KJ14: Pasar Seni,Bandar Utama,Pasar Seni,KG,KJ,MRT Kajang,Kelana Jaya,Inter-line,5571,13,8,5.571
2026-03,KG09: Bandar Utama,KJ15: KL Sentral,Bandar Utama,KL Sentral,KG,KJ,MRT Kajang,Kelana Jaya,Inter-line,440,13,3,0.44
2026-03,KG09: Bandar Utama,KJ16: Bank Rakyat Bangsar,Bandar Utama,Bank Rakyat Bangsar,KG,KJ,MRT Kajang,Kelana Jaya,Inter-line,887,13,15,0.887
2026-03,KG09: Bandar Utama,KJ17: Abdullah Hukum,Bandar Utama,Abdullah Hukum,KG,KJ,MRT Kajang,Kelana Jaya,Inter-line,1969,13,6,1.969
2026-03,KG09: Bandar Utama,MR06: Bukit Bintang,Bandar Utama,Bukit Bintang,KG,MR,MRT Kajang,Monorail,Inter-line,10,13,9,0.01
2026-03,KG15: Muzium Negara,AG07: Masjid Jamek,Muzium Negara,Masjid Jamek,KG,AG,MRT Kajang,Ampang,Inter-line,312,11,10,0.312
2026-03,KG15: Muzium Negara,KG09: Bandar Utama,Muzium Negara,Bandar Utama,KG,KG,MRT Kajang,MRT Kajang,Same line,16393,11,13,16.393
2026-03,KG15: Muzium Negara,KG18: Bukit Bintang,Muzium Negara,Bukit Bintang,KG,KG,MRT Kajang,MRT Kajang,Same line,22845,11,1,22.845
2026-03,KG15: Muzium Negara,KG20: Tun Razak Exchange,Muzium Negara,Tun Razak Exchange,KG,KG,MRT Kajang,MRT Kajang,Same line,17058,11,4,17.058
2026-03,KG15: Muzium Negara,KG21: Cochrane,Muzium Negara,Cochrane,KG,KG,MRT Kajang,MRT Kajang,Same line,10475,11,12,10.475
2026-03,KG15: Muzium Negara,KG22: Maluri,Muzium Negara,Maluri,KG,KG,MRT Kajang,MRT Kajang,Same line,21153,11,5,21.153
2026-03,KG15: Muzium Negara,KJ03: Wangsa Maju,Muzium Negara,Wangsa Maju,KG,KJ,MRT Kajang,Kelana Jaya,Inter-line,199,11,14,0.199
2026-03,KG15: Muzium Negara,KJ09: Ampang Park,Muzium Negara,Ampang Park,KG,KJ,MRT Kajang,Kelana Jaya,Inter-line,112,11,7,0.112
2026-03,KG15: Muzium Negara,KJ10: KLCC,Muzium Negara,KLCC,KG,KJ,MRT Kajang,Kelana Jaya,Inter-line,920,11,2,0.92
2026-03,KG15: Muzium Negara,KJ14: Pasar Seni,Muzium Negara,Pasar Seni,KG,KJ,MRT Kajang,Kelana Jaya,Inter-line,4059,11,8,4.059
2026-03,KG15: Muzium Negara,KJ15: KL Sentral,Muzium Negara,KL Sentral,KG,KJ,MRT Kajang,Kelana Jaya,Inter-line,125,11,3,0.125
2026-03,KG15: Muzium Negara,KJ16: Bank Rakyat Bangsar,Muzium Negara,Bank Rakyat Bangsar,KG,KJ,MRT Kajang,Kelana Jaya,Inter-line,52,11,15,0.052
2026-03,KG15: Muzium Negara,KJ17: Abdullah Hukum,Muzium Negara,Abdullah Hukum,KG,KJ,MRT Kajang,Kelana Jaya,Inter-line,148,11,6,0.148
2026-03,KG15: Muzium Negara,MR06: Bukit Bintang,Muzium Negara,Bukit Bintang,KG,MR,MRT Kajang,Monorail,Inter-line,2,11,9,0.002
2026-03,KG18: Bukit Bintang,AG07: Masjid Jamek,Bukit Bintang,Masjid Jamek,KG,AG,MRT Kajang,Ampang,Inter-line,5833,1,10,5.833
2026-03,KG18: Bukit Bintang,KG09: Bandar Utama,Bukit Bintang,Bandar Utama,KG,KG,MRT Kajang,MRT Kajang,Same line,17388,1,13,17.388
2026-03,KG18: Bukit Bintang,KG15: Muzium Negara,Bukit Bintang,Muzium Negara,KG,KG,MRT Kajang,MRT Kajang,Same line,19673,1,11,19.673
2026-03,KG18: Bukit Bintang,KG20: Tun Razak Exchange,Bukit Bintang,Tun Razak Exchange,KG,KG,MRT Kajang,MRT Kajang,Same line,55989,1,4,55.989
2026-03,KG18: Bukit Bintang,KG21: Cochrane,Bukit Bintang,Cochrane,KG,KG,MRT Kajang,MRT Kajang,Same line,41487,1,12,41.487
2026-03,KG18: Bukit Bintang,KG22: Maluri,Bukit Bintang,Maluri,KG,KG,MRT Kajang,MRT Kajang,Same line,59906,1,5,59.906
2026-03,KG18: Bukit Bintang,KJ03: Wangsa Maju,Bukit Bintang,Wangsa Maju,KG,KJ,MRT Kajang,Kelana Jaya,Inter-line,6142,1,14,6.142
2026-03,KG18: Bukit Bintang,KJ09: Ampang Park,Bukit Bintang,Ampang Park,KG,KJ,MRT Kajang,Kelana Jaya,Inter-line,621,1,7,0.621
2026-03,KG18: Bukit Bintang,KJ10: KLCC,Bukit Bintang,KLCC,KG,KJ,MRT Kajang,Kelana Jaya,Inter-line,7483,1,2,7.483
2026-03,KG18: Bukit Bintang,KJ14: Pasar Seni,Bukit Bintang,Pasar Seni,KG,KJ,MRT Kajang,Kelana Jaya,Inter-line,33652,1,8,33.652
2026-03,KG18: Bukit Bintang,KJ15: KL Sentral,Bukit Bintang,KL Sentral,KG,KJ,MRT Kajang,Kelana Jaya,Inter-line,4049,1,3,4.049
2026-03,KG18: Bukit Bintang,KJ16: Bank Rakyat Bangsar,Bukit Bintang,Bank Rakyat Bangsar,KG,KJ,MRT Kajang,Kelana Jaya,Inter-line,5606,1,15,5.606
2026-03,KG18: Bukit Bintang,KJ17: Abdullah Hukum,Bukit Bintang,Abdullah Hukum,KG,KJ,MRT Kajang,Kelana Jaya,Inter-line,7029,1,6,7.029
2026-03,KG18: Bukit Bintang,MR06: Bukit Bintang,Bukit Bintang,Bukit Bintang,KG,MR,MRT Kajang,Monorail,Inter-line,21,1,9,0.021
2026-03,KG20: Tun Razak Exchange,AG07: Masjid Jamek,Tun Razak Exchange,Masjid Jamek,KG,AG,MRT Kajang,Ampang,Inter-line,2601,4,10,2.601
2026-03,KG20: Tun Razak Exchange,KG09: Bandar Utama,Tun Razak Exchange,Bandar Utama,KG,KG,MRT Kajang,MRT Kajang,Same line,9846,4,13,9.846
2026-03,KG20: Tun Razak Exchange,KG15: Muzium Negara,Tun Razak Exchange,Muzium Negara,KG,KG,MRT Kajang,MRT Kajang,Same line,14110,4,11,14.11
2026-03,KG20: Tun Razak Exchange,KG18: Bukit Bintang,Tun Razak Exchange,Bukit Bintang,KG,KG,MRT Kajang,MRT Kajang,Same line,61294,4,1,61.294
2026-03,KG20: Tun Razak Exchange,KG21: Cochrane,Tun Razak Exchange,Cochrane,KG,KG,MRT Kajang,MRT Kajang,Same line,38309,4,12,38.309
2026-03,KG20: Tun Razak Exchange,KG22: Maluri,Tun Razak Exchange,Maluri,KG,KG,MRT Kajang,MRT Kajang,Same line,38642,4,5,38.642
2026-03,KG20: Tun Razak Exchange,KJ03: Wangsa Maju,Tun Razak Exchange,Wangsa Maju,KG,KJ,MRT Kajang,Kelana Jaya,Inter-line,1076,4,14,1.076
2026-03,KG20: Tun Razak Exchange,KJ09: Ampang Park,Tun Razak Exchange,Ampang Park,KG,KJ,MRT Kajang,Kelana Jaya,Inter-line,61,4,7,0.061
2026-03,KG20: Tun Razak Exchange,KJ10: KLCC,Tun Razak Exchange,KLCC,KG,KJ,MRT Kajang,Kelana Jaya,Inter-line,2034,4,2,2.034
2026-03,KG20: Tun Razak Exchange,KJ14: Pasar Seni,Tun Razak Exchange,Pasar Seni,KG,KJ,MRT Kajang,Kelana Jaya,Inter-line,11373,4,8,11.373
2026-03,KG20: Tun Razak Exchange,KJ15: KL Sentral,Tun Razak Exchange,KL Sentral,KG,KJ,MRT Kajang,Kelana Jaya,Inter-line,2256,4,3,2.256
2026-03,KG20: Tun Razak Exchange,KJ16: Bank Rakyat Bangsar,Tun Razak Exchange,Bank Rakyat Bangsar,KG,KJ,MRT Kajang,Kelana Jaya,Inter-line,2163,4,15,2.163
2026-03,KG20: Tun Razak Exchange,KJ17: Abdullah Hukum,Tun Razak Exchange,Abdullah Hukum,KG,KJ,MRT Kajang,Kelana Jaya,Inter-line,3535,4,6,3.535
2026-03,KG20: Tun Razak Exchange,MR06: Bukit Bintang,Tun Razak Exchange,Bukit Bintang,KG,MR,MRT Kajang,Monorail,Inter-line,48,4,9,0.048
2026-03,KG21: Cochrane,AG07: Masjid Jamek,Cochrane,Masjid Jamek,KG,AG,MRT Kajang,Ampang,Inter-line,2262,12,10,2.262
2026-03,KG21: Cochrane,KG09: Bandar Utama,Cochrane,Bandar Utama,KG,KG,MRT Kajang,MRT Kajang,Same line,2810,12,13,2.81
2026-03,KG21: Cochrane,KG15: Muzium Negara,Cochrane,Muzium Negara,KG,KG,MRT Kajang,MRT Kajang,Same line,7294,12,11,7.294
2026-03,KG21: Cochrane,KG18: Bukit Bintang,Cochrane,Bukit Bintang,KG,KG,MRT Kajang,MRT Kajang,Same line,36881,12,1,36.881
2026-03,KG21: Cochrane,KG20: Tun Razak Exchange,Cochrane,Tun Razak Exchange,KG,KG,MRT Kajang,MRT Kajang,Same line,35253,12,4,35.253
2026-03,KG21: Cochrane,KG22: Maluri,Cochrane,Maluri,KG,KG,MRT Kajang,MRT Kajang,Same line,20720,12,5,20.72
2026-03,KG21: Cochrane,KJ03: Wangsa Maju,Cochrane,Wangsa Maju,KG,KJ,MRT Kajang,Kelana Jaya,Inter-line,1583,12,14,1.583
2026-03,KG21: Cochrane,KJ09: Ampang Park,Cochrane,Ampang Park,KG,KJ,MRT Kajang,Kelana Jaya,Inter-line,82,12,7,0.082
2026-03,KG21: Cochrane,KJ10: KLCC,Cochrane,KLCC,KG,KJ,MRT Kajang,Kelana Jaya,Inter-line,2383,12,2,2.383
2026-03,KG21: Cochrane,KJ14: Pasar Seni,Cochrane,Pasar Seni,KG,KJ,MRT Kajang,Kelana Jaya,Inter-line,7174,12,8,7.174
2026-03,KG21: Cochrane,KJ15: KL Sentral,Cochrane,KL Sentral,KG,KJ,MRT Kajang,Kelana Jaya,Inter-line,1072,12,3,1.072
2026-03,KG21: Cochrane,KJ16: Bank Rakyat Bangsar,Cochrane,Bank Rakyat Bangsar,KG,KJ,MRT Kajang,Kelana Jaya,Inter-line,1334,12,15,1.334
2026-03,KG21: Cochrane,KJ17: Abdullah Hukum,Cochrane,Abdullah Hukum,KG,KJ,MRT Kajang,Kelana Jaya,Inter-line,2404,12,6,2.404
2026-03,KG21: Cochrane,MR06: Bukit Bintang,Cochrane,Bukit Bintang,KG,MR,MRT Kajang,Monorail,Inter-line,12,12,9,0.012
2026-03,KG22: Maluri,AG07: Masjid Jamek,Maluri,Masjid Jamek,KG,AG,MRT Kajang,Ampang,Inter-line,3986,5,10,3.986
2026-03,KG22: Maluri,KG09: Bandar Utama,Maluri,Bandar Utama,KG,KG,MRT Kajang,MRT Kajang,Same line,6243,5,13,6.243
2026-03,KG22: Maluri,KG15: Muzium Negara,Maluri,Muzium Negara,KG,KG,MRT Kajang,MRT Kajang,Same line,20601,5,11,20.601
2026-03,KG22: Maluri,KG18: Bukit Bintang,Maluri,Bukit Bintang,KG,KG,MRT Kajang,MRT Kajang,Same line,58680,5,1,58.68
2026-03,KG22: Maluri,KG20: Tun Razak Exchange,Maluri,Tun Razak Exchange,KG,KG,MRT Kajang,MRT Kajang,Same line,37752,5,4,37.752
2026-03,KG22: Maluri,KG21: Cochrane,Maluri,Cochrane,KG,KG,MRT Kajang,MRT Kajang,Same line,19320,5,12,19.32
2026-03,KG22: Maluri,KJ03: Wangsa Maju,Maluri,Wangsa Maju,KG,KJ,MRT Kajang,Kelana Jaya,Inter-line,1721,5,14,1.721
2026-03,KG22: Maluri,KJ09: Ampang Park,Maluri,Ampang Park,KG,KJ,MRT Kajang,Kelana Jaya,Inter-line,107,5,7,0.107
2026-03,KG22: Maluri,KJ10: KLCC,Maluri,KLCC,KG,KJ,MRT Kajang,Kelana Jaya,Inter-line,3715,5,2,3.715
2026-03,KG22: Maluri,KJ14: Pasar Seni,Maluri,Pasar Seni,KG,KJ,MRT Kajang,Kelana Jaya,Inter-line,6334,5,8,6.334
2026-03,KG22: Maluri,KJ15: KL Sentral,Maluri,KL Sentral,KG,KJ,MRT Kajang,Kelana Jaya,Inter-line,1641,5,3,1.641
2026-03,KG22: Maluri,KJ16: Bank Rakyat Bangsar,Maluri,Bank Rakyat Bangsar,KG,KJ,MRT Kajang,Kelana Jaya,Inter-line,3590,5,15,3.59
2026-03,KG22: Maluri,KJ17: Abdullah Hukum,Maluri,Abdullah Hukum,KG,KJ,MRT Kajang,Kelana Jaya,Inter-line,6441,5,6,6.441
2026-03,KG22: Maluri,MR06: Bukit Bintang,Maluri,Bukit Bintang,KG,MR,MRT Kajang,Monorail,Inter-line,64,5,9,0.064
2026-03,KJ03: Wangsa Maju,AG07: Masjid Jamek,Wangsa Maju,Masjid Jamek,KJ,AG,Kelana Jaya,Ampang,Inter-line,5710,14,10,5.71
2026-03,KJ03: Wangsa Maju,KG09: Bandar Utama,Wangsa Maju,Bandar Utama,KJ,KG,Kelana Jaya,MRT Kajang,Inter-line,2383,14,13,2.383
2026-03,KJ03: Wangsa Maju,KG15: Muzium Negara,Wangsa Maju,Muzium Negara,KJ,KG,Kelana Jaya,MRT Kajang,Inter-line,251,14,11,0.251
2026-03,KJ03: Wangsa Maju,KG18: Bukit Bintang,Wangsa Maju,Bukit Bintang,KJ,KG,Kelana Jaya,MRT Kajang,Inter-line,5012,14,1,5.012
2026-03,KJ03: Wangsa Maju,KG20: Tun Razak Exchange,Wangsa Maju,Tun Razak Exchange,KJ,KG,Kelana Jaya,MRT Kajang,Inter-line,973,14,4,0.973
2026-03,KJ03: Wangsa Maju,KG21: Cochrane,Wangsa Maju,Cochrane,KJ,KG,Kelana Jaya,MRT Kajang,Inter-line,1485,14,12,1.485
2026-03,KJ03: Wangsa Maju,KG22: Maluri,Wangsa Maju,Maluri,KJ,KG,Kelana Jaya,MRT Kajang,Inter-line,1750,14,5,1.75
2026-03,KJ03: Wangsa Maju,KJ09: Ampang Park,Wangsa Maju,Ampang Park,KJ,KJ,Kelana Jaya,Kelana Jaya,Same line,51585,14,7,51.585
2026-03,KJ03: Wangsa Maju,KJ10: KLCC,Wangsa Maju,KLCC,KJ,KJ,Kelana Jaya,Kelana Jaya,Same line,34326,14,2,34.326
2026-03,KJ03: Wangsa Maju,KJ14: Pasar Seni,Wangsa Maju,Pasar Seni,KJ,KJ,Kelana Jaya,Kelana Jaya,Same line,7351,14,8,7.351
2026-03,KJ03: Wangsa Maju,KJ15: KL Sentral,Wangsa Maju,KL Sentral,KJ,KJ,Kelana Jaya,Kelana Jaya,Same line,17536,14,3,17.536
2026-03,KJ03: Wangsa Maju,KJ16: Bank Rakyat Bangsar,Wangsa Maju,Bank Rakyat Bangsar,KJ,KJ,Kelana Jaya,Kelana Jaya,Same line,4229,14,15,4.229
2026-03,KJ03: Wangsa Maju,KJ17: Abdullah Hukum,Wangsa Maju,Abdullah Hukum,KJ,KJ,Kelana Jaya,Kelana Jaya,Same line,12887,14,6,12.887
2026-03,KJ03: Wangsa Maju,MR06: Bukit Bintang,Wangsa Maju,Bukit Bintang,KJ,MR,Kelana Jaya,Monorail,Inter-line,26,14,9,0.026
2026-03,KJ09: Ampang Park,AG07: Masjid Jamek,Ampang Park,Masjid Jamek,KJ,AG,Kelana Jaya,Ampang,Inter-line,4833,7,10,4.833
2026-03,KJ09: Ampang Park,KG09: Bandar Utama,Ampang Park,Bandar Utama,KJ,KG,Kelana Jaya,MRT Kajang,Inter-line,682,7,13,0.682
2026-03,KJ09: Ampang Park,KG15: Muzium Negara,Ampang Park,Muzium Negara,KJ,KG,Kelana Jaya,MRT Kajang,Inter-line,75,7,11,0.075
2026-03,KJ09: Ampang Park,KG18: Bukit Bintang,Ampang Park,Bukit Bintang,KJ,KG,Kelana Jaya,MRT Kajang,Inter-line,689,7,1,0.689
2026-03,KJ09: Ampang Park,KG20: Tun Razak Exchange,Ampang Park,Tun Razak Exchange,KJ,KG,Kelana Jaya,MRT Kajang,Inter-line,110,7,4,0.11
2026-03,KJ09: Ampang Park,KG21: Cochrane,Ampang Park,Cochrane,KJ,KG,Kelana Jaya,MRT Kajang,Inter-line,137,7,12,0.137
2026-03,KJ09: Ampang Park,KG22: Maluri,Ampang Park,Maluri,KJ,KG,Kelana Jaya,MRT Kajang,Inter-line,241,7,5,0.241
2026-03,KJ09: Ampang Park,KJ03: Wangsa Maju,Ampang Park,Wangsa Maju,KJ,KJ,Kelana Jaya,Kelana Jaya,Same line,59510,7,14,59.51
2026-03,KJ09: Ampang Park,KJ10: KLCC,Ampang Park,KLCC,KJ,KJ,Kelana Jaya,Kelana Jaya,Same line,61936,7,2,61.936
2026-03,KJ09: Ampang Park,KJ14: Pasar Seni,Ampang Park,Pasar Seni,KJ,KJ,Kelana Jaya,Kelana Jaya,Same line,6376,7,8,6.376
2026-03,KJ09: Ampang Park,KJ15: KL Sentral,Ampang Park,KL Sentral,KJ,KJ,Kelana Jaya,Kelana Jaya,Same line,16713,7,3,16.713
2026-03,KJ09: Ampang Park,KJ16: Bank Rakyat Bangsar,Ampang Park,Bank Rakyat Bangsar,KJ,KJ,Kelana Jaya,Kelana Jaya,Same line,8091,7,15,8.091
2026-03,KJ09: Ampang Park,KJ17: Abdullah Hukum,Ampang Park,Abdullah Hukum,KJ,KJ,Kelana Jaya,Kelana Jaya,Same line,16824,7,6,16.824
2026-03,KJ09: Ampang Park,MR06: Bukit Bintang,Ampang Park,Bukit Bintang,KJ,MR,Kelana Jaya,Monorail,Inter-line,18,7,9,0.018
2026-03,KJ10: KLCC,AG07: Masjid Jamek,KLCC,Masjid Jamek,KJ,AG,Kelana Jaya,Ampang,Inter-line,18774,2,10,18.774
2026-03,KJ10: KLCC,KG09: Bandar Utama,KLCC,Bandar Utama,KJ,KG,Kelana Jaya,MRT Kajang,Inter-line,4443,2,13,4.443
2026-03,KJ10: KLCC,KG15: Muzium Negara,KLCC,Muzium Negara,KJ,KG,Kelana Jaya,MRT Kajang,Inter-line,377,2,11,0.377
2026-03,KJ10: KLCC,KG18: Bukit Bintang,KLCC,Bukit Bintang,KJ,KG,Kelana Jaya,MRT Kajang,Inter-line,8664,2,1,8.664
2026-03,KJ10: KLCC,KG20: Tun Razak Exchange,KLCC,Tun Razak Exchange,KJ,KG,Kelana Jaya,MRT Kajang,Inter-line,2456,2,4,2.456
2026-03,KJ10: KLCC,KG21: Cochrane,KLCC,Cochrane,KJ,KG,Kelana Jaya,MRT Kajang,Inter-line,2972,2,12,2.972
2026-03,KJ10: KLCC,KG22: Maluri,KLCC,Maluri,KJ,KG,Kelana Jaya,MRT Kajang,Inter-line,4436,2,5,4.436
2026-03,KJ10: KLCC,KJ03: Wangsa Maju,KLCC,Wangsa Maju,KJ,KJ,Kelana Jaya,Kelana Jaya,Same line,37257,2,14,37.257
2026-03,KJ10: KLCC,KJ09: Ampang Park,KLCC,Ampang Park,KJ,KJ,Kelana Jaya,Kelana Jaya,Same line,73005,2,7,73.005
2026-03,KJ10: KLCC,KJ14: Pasar Seni,KLCC,Pasar Seni,KJ,KJ,Kelana Jaya,Kelana Jaya,Same line,28209,2,8,28.209
2026-03,KJ10: KLCC,KJ15: KL Sentral,KLCC,KL Sentral,KJ,KJ,Kelana Jaya,Kelana Jaya,Same line,45631,2,3,45.631
2026-03,KJ10: KLCC,KJ16: Bank Rakyat Bangsar,KLCC,Bank Rakyat Bangsar,KJ,KJ,Kelana Jaya,Kelana Jaya,Same line,10555,2,15,10.555
2026-03,KJ10: KLCC,KJ17: Abdullah Hukum,KLCC,Abdullah Hukum,KJ,KJ,Kelana Jaya,Kelana Jaya,Same line,11541,2,6,11.541
2026-03,KJ10: KLCC,MR06: Bukit Bintang,KLCC,Bukit Bintang,KJ,MR,Kelana Jaya,Monorail,Inter-line,353,2,9,0.353
2026-03,KJ14: Pasar Seni,AG07: Masjid Jamek,Pasar Seni,Masjid Jamek,KJ,AG,Kelana Jaya,Ampang,Inter-line,7124,8,10,7.124
2026-03,KJ14: Pasar Seni,KG09: Bandar Utama,Pasar Seni,Bandar Utama,KJ,KG,Kelana Jaya,MRT Kajang,Inter-line,5462,8,13,5.462
2026-03,KJ14: Pasar Seni,KG15: Muzium Negara,Pasar Seni,Muzium Negara,KJ,KG,Kelana Jaya,MRT Kajang,Inter-line,2514,8,11,2.514
2026-03,KJ14: Pasar Seni,KG18: Bukit Bintang,Pasar Seni,Bukit Bintang,KJ,KG,Kelana Jaya,MRT Kajang,Inter-line,31826,8,1,31.826
2026-03,KJ14: Pasar Seni,KG20: Tun Razak Exchange,Pasar Seni,Tun Razak Exchange,KJ,KG,Kelana Jaya,MRT Kajang,Inter-line,11626,8,4,11.626
2026-03,KJ14: Pasar Seni,KG21: Cochrane,Pasar Seni,Cochrane,KJ,KG,Kelana Jaya,MRT Kajang,Inter-line,7285,8,12,7.285
2026-03,KJ14: Pasar Seni,KG22: Maluri,Pasar Seni,Maluri,KJ,KG,Kelana Jaya,MRT Kajang,Inter-line,5710,8,5,5.71
2026-03,KJ14: Pasar Seni,KJ03: Wangsa Maju,Pasar Seni,Wangsa Maju,KJ,KJ,Kelana Jaya,Kelana Jaya,Same line,6616,8,14,6.616
2026-03,KJ14: Pasar Seni,KJ09: Ampang Park,Pasar Seni,Ampang Park,KJ,KJ,Kelana Jaya,Kelana Jaya,Same line,5714,8,7,5.714
2026-03,KJ14: Pasar Seni,KJ10: KLCC,Pasar Seni,KLCC,KJ,KJ,Kelana Jaya,Kelana Jaya,Same line,26443,8,2,26.443
2026-03,KJ14: Pasar Seni,KJ15: KL Sentral,Pasar Seni,KL Sentral,KJ,KJ,Kelana Jaya,Kelana Jaya,Same line,31784,8,3,31.784
2026-03,KJ14: Pasar Seni,KJ16: Bank Rakyat Bangsar,Pasar Seni,Bank Rakyat Bangsar,KJ,KJ,Kelana Jaya,Kelana Jaya,Same line,10837,8,15,10.837
2026-03,KJ14: Pasar Seni,KJ17: Abdullah Hukum,Pasar Seni,Abdullah Hukum,KJ,KJ,Kelana Jaya,Kelana Jaya,Same line,8037,8,6,8.037
2026-03,KJ14: Pasar Seni,MR06: Bukit Bintang,Pasar Seni,Bukit Bintang,KJ,MR,Kelana Jaya,Monorail,Inter-line,52,8,9,0.052
2026-03,KJ15: KL Sentral,AG07: Masjid Jamek,KL Sentral,Masjid Jamek,KJ,AG,Kelana Jaya,Ampang,Inter-line,21133,3,10,21.133
2026-03,KJ15: KL Sentral,KG09: Bandar Utama,KL Sentral,Bandar Utama,KJ,KG,Kelana Jaya,MRT Kajang,Inter-line,524,3,13,0.524
2026-03,KJ15: KL Sentral,KG15: Muzium Negara,KL Sentral,Muzium Negara,KJ,KG,Kelana Jaya,MRT Kajang,Inter-line,149,3,11,0.149
2026-03,KJ15: KL Sentral,KG18: Bukit Bintang,KL Sentral,Bukit Bintang,KJ,KG,Kelana Jaya,MRT Kajang,Inter-line,3425,3,1,3.425
2026-03,KJ15: KL Sentral,KG20: Tun Razak Exchange,KL Sentral,Tun Razak Exchange,KJ,KG,Kelana Jaya,MRT Kajang,Inter-line,1963,3,4,1.963
2026-03,KJ15: KL Sentral,KG21: Cochrane,KL Sentral,Cochrane,KJ,KG,Kelana Jaya,MRT Kajang,Inter-line,1152,3,12,1.152
2026-03,KJ15: KL Sentral,KG22: Maluri,KL Sentral,Maluri,KJ,KG,Kelana Jaya,MRT Kajang,Inter-line,1804,3,5,1.804
2026-03,KJ15: KL Sentral,KJ03: Wangsa Maju,KL Sentral,Wangsa Maju,KJ,KJ,Kelana Jaya,Kelana Jaya,Same line,20257,3,14,20.257
2026-03,KJ15: KL Sentral,KJ09: Ampang Park,KL Sentral,Ampang Park,KJ,KJ,Kelana Jaya,Kelana Jaya,Same line,16639,3,7,16.639
2026-03,KJ15: KL Sentral,KJ10: KLCC,KL Sentral,KLCC,KJ,KJ,Kelana Jaya,Kelana Jaya,Same line,49808,3,2,49.808
2026-03,KJ15: KL Sentral,KJ14: Pasar Seni,KL Sentral,Pasar Seni,KJ,KJ,Kelana Jaya,Kelana Jaya,Same line,31668,3,8,31.668
2026-03,KJ15: KL Sentral,KJ16: Bank Rakyat Bangsar,KL Sentral,Bank Rakyat Bangsar,KJ,KJ,Kelana Jaya,Kelana Jaya,Same line,46744,3,15,46.744
2026-03,KJ15: KL Sentral,KJ17: Abdullah Hukum,KL Sentral,Abdullah Hukum,KJ,KJ,Kelana Jaya,Kelana Jaya,Same line,42374,3,6,42.374
2026-03,KJ15: KL Sentral,MR06: Bukit Bintang,KL Sentral,Bukit Bintang,KJ,MR,Kelana Jaya,Monorail,Inter-line,48,3,9,0.048
2026-03,KJ16: Bank Rakyat Bangsar,AG07: Masjid Jamek,Bank Rakyat Bangsar,Masjid Jamek,KJ,AG,Kelana Jaya,Ampang,Inter-line,4991,15,10,4.991
2026-03,KJ16: Bank Rakyat Bangsar,KG09: Bandar Utama,Bank Rakyat Bangsar,Bandar Utama,KJ,KG,Kelana Jaya,MRT Kajang,Inter-line,1202,15,13,1.202
2026-03,KJ16: Bank Rakyat Bangsar,KG15: Muzium Negara,Bank Rakyat Bangsar,Muzium Negara,KJ,KG,Kelana Jaya,MRT Kajang,Inter-line,46,15,11,0.046
2026-03,KJ16: Bank Rakyat Bangsar,KG18: Bukit Bintang,Bank Rakyat Bangsar,Bukit Bintang,KJ,KG,Kelana Jaya,MRT Kajang,Inter-line,5332,15,1,5.332
2026-03,KJ16: Bank Rakyat Bangsar,KG20: Tun Razak Exchange,Bank Rakyat Bangsar,Tun Razak Exchange,KJ,KG,Kelana Jaya,MRT Kajang,Inter-line,2640,15,4,2.64
2026-03,KJ16: Bank Rakyat Bangsar,KG21: Cochrane,Bank Rakyat Bangsar,Cochrane,KJ,KG,Kelana Jaya,MRT Kajang,Inter-line,1723,15,12,1.723
2026-03,KJ16: Bank Rakyat Bangsar,KG22: Maluri,Bank Rakyat Bangsar,Maluri,KJ,KG,Kelana Jaya,MRT Kajang,Inter-line,3502,15,5,3.502
2026-03,KJ16: Bank Rakyat Bangsar,KJ03: Wangsa Maju,Bank Rakyat Bangsar,Wangsa Maju,KJ,KJ,Kelana Jaya,Kelana Jaya,Same line,4528,15,14,4.528
2026-03,KJ16: Bank Rakyat Bangsar,KJ09: Ampang Park,Bank Rakyat Bangsar,Ampang Park,KJ,KJ,Kelana Jaya,Kelana Jaya,Same line,8713,15,7,8.713
2026-03,KJ16: Bank Rakyat Bangsar,KJ10: KLCC,Bank Rakyat Bangsar,KLCC,KJ,KJ,Kelana Jaya,Kelana Jaya,Same line,11188,15,2,11.188
2026-03,KJ16: Bank Rakyat Bangsar,KJ14: Pasar Seni,Bank Rakyat Bangsar,Pasar Seni,KJ,KJ,Kelana Jaya,Kelana Jaya,Same line,11959,15,8,11.959
2026-03,KJ16: Bank Rakyat Bangsar,KJ15: KL Sentral,Bank Rakyat Bangsar,KL Sentral,KJ,KJ,Kelana Jaya,Kelana Jaya,Same line,45265,15,3,45.265
2026-03,KJ16: Bank Rakyat Bangsar,KJ17: Abdullah Hukum,Bank Rakyat Bangsar,Abdullah Hukum,KJ,KJ,Kelana Jaya,Kelana Jaya,Same line,21279,15,6,21.279
2026-03,KJ16: Bank Rakyat Bangsar,MR06: Bukit Bintang,Bank Rakyat Bangsar,Bukit Bintang,KJ,MR,Kelana Jaya,Monorail,Inter-line,28,15,9,0.028
2026-03,KJ17: Abdullah Hukum,AG07: Masjid Jamek,Abdullah Hukum,Masjid Jamek,KJ,AG,Kelana Jaya,Ampang,Inter-line,5112,6,10,5.112
2026-03,KJ17: Abdullah Hukum,KG09: Bandar Utama,Abdullah Hukum,Bandar Utama,KJ,KG,Kelana Jaya,MRT Kajang,Inter-line,2521,6,13,2.521
2026-03,KJ17: Abdullah Hukum,KG15: Muzium Negara,Abdullah Hukum,Muzium Negara,KJ,KG,Kelana Jaya,MRT Kajang,Inter-line,63,6,11,0.063
2026-03,KJ17: Abdullah Hukum,KG18: Bukit Bintang,Abdullah Hukum,Bukit Bintang,KJ,KG,Kelana Jaya,MRT Kajang,Inter-line,8077,6,1,8.077
2026-03,KJ17: Abdullah Hukum,KG20: Tun Razak Exchange,Abdullah Hukum,Tun Razak Exchange,KJ,KG,Kelana Jaya,MRT Kajang,Inter-line,4124,6,4,4.124
2026-03,KJ17: Abdullah Hukum,KG21: Cochrane,Abdullah Hukum,Cochrane,KJ,KG,Kelana Jaya,MRT Kajang,Inter-line,3559,6,12,3.559
2026-03,KJ17: Abdullah Hukum,KG22: Maluri,Abdullah Hukum,Maluri,KJ,KG,Kelana Jaya,MRT Kajang,Inter-line,7434,6,5,7.434
2026-03,KJ17: Abdullah Hukum,KJ03: Wangsa Maju,Abdullah Hukum,Wangsa Maju,KJ,KJ,Kelana Jaya,Kelana Jaya,Same line,13559,6,14,13.559
2026-03,KJ17: Abdullah Hukum,KJ09: Ampang Park,Abdullah Hukum,Ampang Park,KJ,KJ,Kelana Jaya,Kelana Jaya,Same line,16843,6,7,16.843
2026-03,KJ17: Abdullah Hukum,KJ10: KLCC,Abdullah Hukum,KLCC,KJ,KJ,Kelana Jaya,Kelana Jaya,Same line,11600,6,2,11.6
2026-03,KJ17: Abdullah Hukum,KJ14: Pasar Seni,Abdullah Hukum,Pasar Seni,KJ,KJ,Kelana Jaya,Kelana Jaya,Same line,9231,6,8,9.231
2026-03,KJ17: Abdullah Hukum,KJ15: KL Sentral,Abdullah Hukum,KL Sentral,KJ,KJ,Kelana Jaya,Kelana Jaya,Same line,43560,6,3,43.56
2026-03,KJ17: Abdullah Hukum,KJ16: Bank Rakyat Bangsar,Abdullah Hukum,Bank Rakyat Bangsar,KJ,KJ,Kelana Jaya,Kelana Jaya,Same line,19144,6,15,19.144
2026-03,KJ17: Abdullah Hukum,MR06: Bukit Bintang,Abdullah Hukum,Bukit Bintang,KJ,MR,Kelana Jaya,Monorail,Inter-line,35,6,9,0.035
2026-03,MR06: Bukit Bintang,AG07: Masjid Jamek,Bukit Bintang,Masjid Jamek,MR,AG,Monorail,Ampang,Inter-line,2283,9,10,2.283
2026-03,MR06: Bukit Bintang,KG09: Bandar Utama,Bukit Bintang,Bandar Utama,MR,KG,Monorail,MRT Kajang,Inter-line,11,9,13,0.011
2026-03,MR06: Bukit Bintang,KG15: Muzium Negara,Bukit Bintang,Muzium Negara,MR,KG,Monorail,MRT Kajang,Inter-line,25,9,11,0.025
2026-03,MR06: Bukit Bintang,KG18: Bukit Bintang,Bukit Bintang,Bukit Bintang,MR,KG,Monorail,MRT Kajang,Inter-line,34,9,1,0.034
2026-03,MR06: Bukit Bintang,KG20: Tun Razak Exchange,Bukit Bintang,Tun Razak Exchange,MR,KG,Monorail,MRT Kajang,Inter-line,55,9,4,0.055
2026-03,MR06: Bukit Bintang,KG21: Cochrane,Bukit Bintang,Cochrane,MR,KG,Monorail,MRT Kajang,Inter-line,40,9,12,0.04
2026-03,MR06: Bukit Bintang,KG22: Maluri,Bukit Bintang,Maluri,MR,KG,Monorail,MRT Kajang,Inter-line,199,9,5,0.199
2026-03,MR06: Bukit Bintang,KJ03: Wangsa Maju,Bukit Bintang,Wangsa Maju,MR,KJ,Monorail,Kelana Jaya,Inter-line,45,9,14,0.045
2026-03,MR06: Bukit Bintang,KJ09: Ampang Park,Bukit Bintang,Ampang Park,MR,KJ,Monorail,Kelana Jaya,Inter-line,6,9,7,0.006
2026-03,MR06: Bukit Bintang,KJ10: KLCC,Bukit Bintang,KLCC,MR,KJ,Monorail,Kelana Jaya,Inter-line,239,9,2,0.239
2026-03,MR06: Bukit Bintang,KJ14: Pasar Seni,Bukit Bintang,Pasar Seni,MR,KJ,Monorail,Kelana Jaya,Inter-line,101,9,8,0.101
2026-03,MR06: Bukit Bintang,KJ15: KL Sentral,Bukit Bintang,KL Sentral,MR,KJ,Monorail,Kelana Jaya,Inter-line,17,9,3,0.017
2026-03,MR06: Bukit Bintang,KJ16: Bank Rakyat Bangsar,Bukit Bintang,Bank Rakyat Bangsar,MR,KJ,Monorail,Kelana Jaya,Inter-line,7,9,15,0.007
2026-03,MR06: Bukit Bintang,KJ17: Abdullah Hukum,Bukit Bintang,Abdullah Hukum,MR,KJ,Monorail,Kelana Jaya,Inter-line,29,9,6,0.029
2026-04,AG07: Masjid Jamek,KG09: Bandar Utama,Masjid Jamek,Bandar Utama,AG,KG,Ampang,MRT Kajang,Inter-line,832,10,13,0.832
2026-04,AG07: Masjid Jamek,KG15: Muzium Negara,Masjid Jamek,Muzium Negara,AG,KG,Ampang,MRT Kajang,Inter-line,165,10,11,0.165
2026-04,AG07: Masjid Jamek,KG18: Bukit Bintang,Masjid Jamek,Bukit Bintang,AG,KG,Ampang,MRT Kajang,Inter-line,4774,10,1,4.774
2026-04,AG07: Masjid Jamek,KG20: Tun Razak Exchange,Masjid Jamek,Tun Razak Exchange,AG,KG,Ampang,MRT Kajang,Inter-line,1964,10,4,1.964
2026-04,AG07: Masjid Jamek,KG21: Cochrane,Masjid Jamek,Cochrane,AG,KG,Ampang,MRT Kajang,Inter-line,1338,10,12,1.338
2026-04,AG07: Masjid Jamek,KG22: Maluri,Masjid Jamek,Maluri,AG,KG,Ampang,MRT Kajang,Inter-line,2246,10,5,2.246
2026-04,AG07: Masjid Jamek,KJ03: Wangsa Maju,Masjid Jamek,Wangsa Maju,AG,KJ,Ampang,Kelana Jaya,Inter-line,3639,10,14,3.639
2026-04,AG07: Masjid Jamek,KJ09: Ampang Park,Masjid Jamek,Ampang Park,AG,KJ,Ampang,Kelana Jaya,Inter-line,3601,10,7,3.601
2026-04,AG07: Masjid Jamek,KJ10: KLCC,Masjid Jamek,KLCC,AG,KJ,Ampang,Kelana Jaya,Inter-line,16614,10,2,16.614
2026-04,AG07: Masjid Jamek,KJ14: Pasar Seni,Masjid Jamek,Pasar Seni,AG,KJ,Ampang,Kelana Jaya,Inter-line,6251,10,8,6.251
2026-04,AG07: Masjid Jamek,KJ15: KL Sentral,Masjid Jamek,KL Sentral,AG,KJ,Ampang,Kelana Jaya,Inter-line,17203,10,3,17.203
2026-04,AG07: Masjid Jamek,KJ16: Bank Rakyat Bangsar,Masjid Jamek,Bank Rakyat Bangsar,AG,KJ,Ampang,Kelana Jaya,Inter-line,3796,10,15,3.796
2026-04,AG07: Masjid Jamek,KJ17: Abdullah Hukum,Masjid Jamek,Abdullah Hukum,AG,KJ,Ampang,Kelana Jaya,Inter-line,4411,10,6,4.411
2026-04,AG07: Masjid Jamek,MR06: Bukit Bintang,Masjid Jamek,Bukit Bintang,AG,MR,Ampang,Monorail,Inter-line,1935,10,9,1.935
2026-04,KG09: Bandar Utama,AG07: Masjid Jamek,Bandar Utama,Masjid Jamek,KG,AG,MRT Kajang,Ampang,Inter-line,756,13,10,0.756
2026-04,KG09: Bandar Utama,KG15: Muzium Negara,Bandar Utama,Muzium Negara,KG,KG,MRT Kajang,MRT Kajang,Same line,14798,13,11,14.798
2026-04,KG09: Bandar Utama,KG18: Bukit Bintang,Bandar Utama,Bukit Bintang,KG,KG,MRT Kajang,MRT Kajang,Same line,17201,13,1,17.201
2026-04,KG09: Bandar Utama,KG20: Tun Razak Exchange,Bandar Utama,Tun Razak Exchange,KG,KG,MRT Kajang,MRT Kajang,Same line,9411,13,4,9.411
2026-04,KG09: Bandar Utama,KG21: Cochrane,Bandar Utama,Cochrane,KG,KG,MRT Kajang,MRT Kajang,Same line,3155,13,12,3.155
2026-04,KG09: Bandar Utama,KG22: Maluri,Bandar Utama,Maluri,KG,KG,MRT Kajang,MRT Kajang,Same line,6573,13,5,6.573
2026-04,KG09: Bandar Utama,KJ03: Wangsa Maju,Bandar Utama,Wangsa Maju,KG,KJ,MRT Kajang,Kelana Jaya,Inter-line,2509,13,14,2.509
2026-04,KG09: Bandar Utama,KJ09: Ampang Park,Bandar Utama,Ampang Park,KG,KJ,MRT Kajang,Kelana Jaya,Inter-line,596,13,7,0.596
2026-04,KG09: Bandar Utama,KJ10: KLCC,Bandar Utama,KLCC,KG,KJ,MRT Kajang,Kelana Jaya,Inter-line,3690,13,2,3.69
2026-04,KG09: Bandar Utama,KJ14: Pasar Seni,Bandar Utama,Pasar Seni,KG,KJ,MRT Kajang,Kelana Jaya,Inter-line,5506,13,8,5.506
2026-04,KG09: Bandar Utama,KJ15: KL Sentral,Bandar Utama,KL Sentral,KG,KJ,MRT Kajang,Kelana Jaya,Inter-line,488,13,3,0.488
2026-04,KG09: Bandar Utama,KJ16: Bank Rakyat Bangsar,Bandar Utama,Bank Rakyat Bangsar,KG,KJ,MRT Kajang,Kelana Jaya,Inter-line,944,13,15,0.944
2026-04,KG09: Bandar Utama,KJ17: Abdullah Hukum,Bandar Utama,Abdullah Hukum,KG,KJ,MRT Kajang,Kelana Jaya,Inter-line,2142,13,6,2.142
2026-04,KG09: Bandar Utama,MR06: Bukit Bintang,Bandar Utama,Bukit Bintang,KG,MR,MRT Kajang,Monorail,Inter-line,5,13,9,0.005
2026-04,KG15: Muzium Negara,AG07: Masjid Jamek,Muzium Negara,Masjid Jamek,KG,AG,MRT Kajang,Ampang,Inter-line,223,11,10,0.223
2026-04,KG15: Muzium Negara,KG09: Bandar Utama,Muzium Negara,Bandar Utama,KG,KG,MRT Kajang,MRT Kajang,Same line,18007,11,13,18.007
2026-04,KG15: Muzium Negara,KG18: Bukit Bintang,Muzium Negara,Bukit Bintang,KG,KG,MRT Kajang,MRT Kajang,Same line,23838,11,1,23.838
2026-04,KG15: Muzium Negara,KG20: Tun Razak Exchange,Muzium Negara,Tun Razak Exchange,KG,KG,MRT Kajang,MRT Kajang,Same line,19159,11,4,19.159
2026-04,KG15: Muzium Negara,KG21: Cochrane,Muzium Negara,Cochrane,KG,KG,MRT Kajang,MRT Kajang,Same line,11989,11,12,11.989
2026-04,KG15: Muzium Negara,KG22: Maluri,Muzium Negara,Maluri,KG,KG,MRT Kajang,MRT Kajang,Same line,22369,11,5,22.369
2026-04,KG15: Muzium Negara,KJ03: Wangsa Maju,Muzium Negara,Wangsa Maju,KG,KJ,MRT Kajang,Kelana Jaya,Inter-line,184,11,14,0.184
2026-04,KG15: Muzium Negara,KJ09: Ampang Park,Muzium Negara,Ampang Park,KG,KJ,MRT Kajang,Kelana Jaya,Inter-line,126,11,7,0.126
2026-04,KG15: Muzium Negara,KJ10: KLCC,Muzium Negara,KLCC,KG,KJ,MRT Kajang,Kelana Jaya,Inter-line,822,11,2,0.822
2026-04,KG15: Muzium Negara,KJ14: Pasar Seni,Muzium Negara,Pasar Seni,KG,KJ,MRT Kajang,Kelana Jaya,Inter-line,4441,11,8,4.441
2026-04,KG15: Muzium Negara,KJ15: KL Sentral,Muzium Negara,KL Sentral,KG,KJ,MRT Kajang,Kelana Jaya,Inter-line,118,11,3,0.118
2026-04,KG15: Muzium Negara,KJ16: Bank Rakyat Bangsar,Muzium Negara,Bank Rakyat Bangsar,KG,KJ,MRT Kajang,Kelana Jaya,Inter-line,110,11,15,0.11
2026-04,KG15: Muzium Negara,KJ17: Abdullah Hukum,Muzium Negara,Abdullah Hukum,KG,KJ,MRT Kajang,Kelana Jaya,Inter-line,124,11,6,0.124
2026-04,KG15: Muzium Negara,MR06: Bukit Bintang,Muzium Negara,Bukit Bintang,KG,MR,MRT Kajang,Monorail,Inter-line,15,11,9,0.015
2026-04,KG18: Bukit Bintang,AG07: Masjid Jamek,Bukit Bintang,Masjid Jamek,KG,AG,MRT Kajang,Ampang,Inter-line,4253,1,10,4.253
2026-04,KG18: Bukit Bintang,KG09: Bandar Utama,Bukit Bintang,Bandar Utama,KG,KG,MRT Kajang,MRT Kajang,Same line,19132,1,13,19.132
2026-04,KG18: Bukit Bintang,KG15: Muzium Negara,Bukit Bintang,Muzium Negara,KG,KG,MRT Kajang,MRT Kajang,Same line,21700,1,11,21.7
2026-04,KG18: Bukit Bintang,KG20: Tun Razak Exchange,Bukit Bintang,Tun Razak Exchange,KG,KG,MRT Kajang,MRT Kajang,Same line,52409,1,4,52.409
2026-04,KG18: Bukit Bintang,KG21: Cochrane,Bukit Bintang,Cochrane,KG,KG,MRT Kajang,MRT Kajang,Same line,40319,1,12,40.319
2026-04,KG18: Bukit Bintang,KG22: Maluri,Bukit Bintang,Maluri,KG,KG,MRT Kajang,MRT Kajang,Same line,58680,1,5,58.68
2026-04,KG18: Bukit Bintang,KJ03: Wangsa Maju,Bukit Bintang,Wangsa Maju,KG,KJ,MRT Kajang,Kelana Jaya,Inter-line,6034,1,14,6.034
2026-04,KG18: Bukit Bintang,KJ09: Ampang Park,Bukit Bintang,Ampang Park,KG,KJ,MRT Kajang,Kelana Jaya,Inter-line,584,1,7,0.584
2026-04,KG18: Bukit Bintang,KJ10: KLCC,Bukit Bintang,KLCC,KG,KJ,MRT Kajang,Kelana Jaya,Inter-line,6708,1,2,6.708
2026-04,KG18: Bukit Bintang,KJ14: Pasar Seni,Bukit Bintang,Pasar Seni,KG,KJ,MRT Kajang,Kelana Jaya,Inter-line,32971,1,8,32.971
2026-04,KG18: Bukit Bintang,KJ15: KL Sentral,Bukit Bintang,KL Sentral,KG,KJ,MRT Kajang,Kelana Jaya,Inter-line,3964,1,3,3.964
2026-04,KG18: Bukit Bintang,KJ16: Bank Rakyat Bangsar,Bukit Bintang,Bank Rakyat Bangsar,KG,KJ,MRT Kajang,Kelana Jaya,Inter-line,5558,1,15,5.558
2026-04,KG18: Bukit Bintang,KJ17: Abdullah Hukum,Bukit Bintang,Abdullah Hukum,KG,KJ,MRT Kajang,Kelana Jaya,Inter-line,7046,1,6,7.046
2026-04,KG18: Bukit Bintang,MR06: Bukit Bintang,Bukit Bintang,Bukit Bintang,KG,MR,MRT Kajang,Monorail,Inter-line,34,1,9,0.034
2026-04,KG20: Tun Razak Exchange,AG07: Masjid Jamek,Tun Razak Exchange,Masjid Jamek,KG,AG,MRT Kajang,Ampang,Inter-line,1604,4,10,1.604
2026-04,KG20: Tun Razak Exchange,KG09: Bandar Utama,Tun Razak Exchange,Bandar Utama,KG,KG,MRT Kajang,MRT Kajang,Same line,10374,4,13,10.374
2026-04,KG20: Tun Razak Exchange,KG15: Muzium Negara,Tun Razak Exchange,Muzium Negara,KG,KG,MRT Kajang,MRT Kajang,Same line,15650,4,11,15.65
2026-04,KG20: Tun Razak Exchange,KG18: Bukit Bintang,Tun Razak Exchange,Bukit Bintang,KG,KG,MRT Kajang,MRT Kajang,Same line,56238,4,1,56.238
2026-04,KG20: Tun Razak Exchange,KG21: Cochrane,Tun Razak Exchange,Cochrane,KG,KG,MRT Kajang,MRT Kajang,Same line,37838,4,12,37.838
2026-04,KG20: Tun Razak Exchange,KG22: Maluri,Tun Razak Exchange,Maluri,KG,KG,MRT Kajang,MRT Kajang,Same line,38207,4,5,38.207
2026-04,KG20: Tun Razak Exchange,KJ03: Wangsa Maju,Tun Razak Exchange,Wangsa Maju,KG,KJ,MRT Kajang,Kelana Jaya,Inter-line,1167,4,14,1.167
2026-04,KG20: Tun Razak Exchange,KJ09: Ampang Park,Tun Razak Exchange,Ampang Park,KG,KJ,MRT Kajang,Kelana Jaya,Inter-line,49,4,7,0.049
2026-04,KG20: Tun Razak Exchange,KJ10: KLCC,Tun Razak Exchange,KLCC,KG,KJ,MRT Kajang,Kelana Jaya,Inter-line,1697,4,2,1.697
2026-04,KG20: Tun Razak Exchange,KJ14: Pasar Seni,Tun Razak Exchange,Pasar Seni,KG,KJ,MRT Kajang,Kelana Jaya,Inter-line,12039,4,8,12.039
2026-04,KG20: Tun Razak Exchange,KJ15: KL Sentral,Tun Razak Exchange,KL Sentral,KG,KJ,MRT Kajang,Kelana Jaya,Inter-line,2402,4,3,2.402
2026-04,KG20: Tun Razak Exchange,KJ16: Bank Rakyat Bangsar,Tun Razak Exchange,Bank Rakyat Bangsar,KG,KJ,MRT Kajang,Kelana Jaya,Inter-line,2492,4,15,2.492
2026-04,KG20: Tun Razak Exchange,KJ17: Abdullah Hukum,Tun Razak Exchange,Abdullah Hukum,KG,KJ,MRT Kajang,Kelana Jaya,Inter-line,3499,4,6,3.499
2026-04,KG20: Tun Razak Exchange,MR06: Bukit Bintang,Tun Razak Exchange,Bukit Bintang,KG,MR,MRT Kajang,Monorail,Inter-line,43,4,9,0.043
2026-04,KG21: Cochrane,AG07: Masjid Jamek,Cochrane,Masjid Jamek,KG,AG,MRT Kajang,Ampang,Inter-line,1131,12,10,1.131
2026-04,KG21: Cochrane,KG09: Bandar Utama,Cochrane,Bandar Utama,KG,KG,MRT Kajang,MRT Kajang,Same line,3070,12,13,3.07
2026-04,KG21: Cochrane,KG15: Muzium Negara,Cochrane,Muzium Negara,KG,KG,MRT Kajang,MRT Kajang,Same line,8427,12,11,8.427
2026-04,KG21: Cochrane,KG18: Bukit Bintang,Cochrane,Bukit Bintang,KG,KG,MRT Kajang,MRT Kajang,Same line,36978,12,1,36.978
2026-04,KG21: Cochrane,KG20: Tun Razak Exchange,Cochrane,Tun Razak Exchange,KG,KG,MRT Kajang,MRT Kajang,Same line,35082,12,4,35.082
2026-04,KG21: Cochrane,KG22: Maluri,Cochrane,Maluri,KG,KG,MRT Kajang,MRT Kajang,Same line,20011,12,5,20.011
2026-04,KG21: Cochrane,KJ03: Wangsa Maju,Cochrane,Wangsa Maju,KG,KJ,MRT Kajang,Kelana Jaya,Inter-line,1523,12,14,1.523
2026-04,KG21: Cochrane,KJ09: Ampang Park,Cochrane,Ampang Park,KG,KJ,MRT Kajang,Kelana Jaya,Inter-line,104,12,7,0.104
2026-04,KG21: Cochrane,KJ10: KLCC,Cochrane,KLCC,KG,KJ,MRT Kajang,Kelana Jaya,Inter-line,2127,12,2,2.127
2026-04,KG21: Cochrane,KJ14: Pasar Seni,Cochrane,Pasar Seni,KG,KJ,MRT Kajang,Kelana Jaya,Inter-line,8063,12,8,8.063
2026-04,KG21: Cochrane,KJ15: KL Sentral,Cochrane,KL Sentral,KG,KJ,MRT Kajang,Kelana Jaya,Inter-line,1345,12,3,1.345
2026-04,KG21: Cochrane,KJ16: Bank Rakyat Bangsar,Cochrane,Bank Rakyat Bangsar,KG,KJ,MRT Kajang,Kelana Jaya,Inter-line,1385,12,15,1.385
2026-04,KG21: Cochrane,KJ17: Abdullah Hukum,Cochrane,Abdullah Hukum,KG,KJ,MRT Kajang,Kelana Jaya,Inter-line,2544,12,6,2.544
2026-04,KG21: Cochrane,MR06: Bukit Bintang,Cochrane,Bukit Bintang,KG,MR,MRT Kajang,Monorail,Inter-line,14,12,9,0.014
2026-04,KG22: Maluri,AG07: Masjid Jamek,Maluri,Masjid Jamek,KG,AG,MRT Kajang,Ampang,Inter-line,3023,5,10,3.023
2026-04,KG22: Maluri,KG09: Bandar Utama,Maluri,Bandar Utama,KG,KG,MRT Kajang,MRT Kajang,Same line,6661,5,13,6.661
2026-04,KG22: Maluri,KG15: Muzium Negara,Maluri,Muzium Negara,KG,KG,MRT Kajang,MRT Kajang,Same line,21924,5,11,21.924
2026-04,KG22: Maluri,KG18: Bukit Bintang,Maluri,Bukit Bintang,KG,KG,MRT Kajang,MRT Kajang,Same line,58775,5,1,58.775
2026-04,KG22: Maluri,KG20: Tun Razak Exchange,Maluri,Tun Razak Exchange,KG,KG,MRT Kajang,MRT Kajang,Same line,37533,5,4,37.533
2026-04,KG22: Maluri,KG21: Cochrane,Maluri,Cochrane,KG,KG,MRT Kajang,MRT Kajang,Same line,18582,5,12,18.582
2026-04,KG22: Maluri,KJ03: Wangsa Maju,Maluri,Wangsa Maju,KG,KJ,MRT Kajang,Kelana Jaya,Inter-line,1642,5,14,1.642
2026-04,KG22: Maluri,KJ09: Ampang Park,Maluri,Ampang Park,KG,KJ,MRT Kajang,Kelana Jaya,Inter-line,118,5,7,0.118
2026-04,KG22: Maluri,KJ10: KLCC,Maluri,KLCC,KG,KJ,MRT Kajang,Kelana Jaya,Inter-line,3141,5,2,3.141
2026-04,KG22: Maluri,KJ14: Pasar Seni,Maluri,Pasar Seni,KG,KJ,MRT Kajang,Kelana Jaya,Inter-line,6249,5,8,6.249
2026-04,KG22: Maluri,KJ15: KL Sentral,Maluri,KL Sentral,KG,KJ,MRT Kajang,Kelana Jaya,Inter-line,1705,5,3,1.705
2026-04,KG22: Maluri,KJ16: Bank Rakyat Bangsar,Maluri,Bank Rakyat Bangsar,KG,KJ,MRT Kajang,Kelana Jaya,Inter-line,3861,5,15,3.861
2026-04,KG22: Maluri,KJ17: Abdullah Hukum,Maluri,Abdullah Hukum,KG,KJ,MRT Kajang,Kelana Jaya,Inter-line,6978,5,6,6.978
2026-04,KG22: Maluri,MR06: Bukit Bintang,Maluri,Bukit Bintang,KG,MR,MRT Kajang,Monorail,Inter-line,56,5,9,0.056
2026-04,KJ03: Wangsa Maju,AG07: Masjid Jamek,Wangsa Maju,Masjid Jamek,KJ,AG,Kelana Jaya,Ampang,Inter-line,3703,14,10,3.703
2026-04,KJ03: Wangsa Maju,KG09: Bandar Utama,Wangsa Maju,Bandar Utama,KJ,KG,Kelana Jaya,MRT Kajang,Inter-line,2584,14,13,2.584
2026-04,KJ03: Wangsa Maju,KG15: Muzium Negara,Wangsa Maju,Muzium Negara,KJ,KG,Kelana Jaya,MRT Kajang,Inter-line,267,14,11,0.267
2026-04,KJ03: Wangsa Maju,KG18: Bukit Bintang,Wangsa Maju,Bukit Bintang,KJ,KG,Kelana Jaya,MRT Kajang,Inter-line,5124,14,1,5.124
2026-04,KJ03: Wangsa Maju,KG20: Tun Razak Exchange,Wangsa Maju,Tun Razak Exchange,KJ,KG,Kelana Jaya,MRT Kajang,Inter-line,1038,14,4,1.038
2026-04,KJ03: Wangsa Maju,KG21: Cochrane,Wangsa Maju,Cochrane,KJ,KG,Kelana Jaya,MRT Kajang,Inter-line,1392,14,12,1.392
2026-04,KJ03: Wangsa Maju,KG22: Maluri,Wangsa Maju,Maluri,KJ,KG,Kelana Jaya,MRT Kajang,Inter-line,1698,14,5,1.698
2026-04,KJ03: Wangsa Maju,KJ09: Ampang Park,Wangsa Maju,Ampang Park,KJ,KJ,Kelana Jaya,Kelana Jaya,Same line,53728,14,7,53.728
2026-04,KJ03: Wangsa Maju,KJ10: KLCC,Wangsa Maju,KLCC,KJ,KJ,Kelana Jaya,Kelana Jaya,Same line,33090,14,2,33.09
2026-04,KJ03: Wangsa Maju,KJ14: Pasar Seni,Wangsa Maju,Pasar Seni,KJ,KJ,Kelana Jaya,Kelana Jaya,Same line,7665,14,8,7.665
2026-04,KJ03: Wangsa Maju,KJ15: KL Sentral,Wangsa Maju,KL Sentral,KJ,KJ,Kelana Jaya,Kelana Jaya,Same line,18645,14,3,18.645
2026-04,KJ03: Wangsa Maju,KJ16: Bank Rakyat Bangsar,Wangsa Maju,Bank Rakyat Bangsar,KJ,KJ,Kelana Jaya,Kelana Jaya,Same line,4832,14,15,4.832
2026-04,KJ03: Wangsa Maju,KJ17: Abdullah Hukum,Wangsa Maju,Abdullah Hukum,KJ,KJ,Kelana Jaya,Kelana Jaya,Same line,13651,14,6,13.651
2026-04,KJ03: Wangsa Maju,MR06: Bukit Bintang,Wangsa Maju,Bukit Bintang,KJ,MR,Kelana Jaya,Monorail,Inter-line,20,14,9,0.02
2026-04,KJ09: Ampang Park,AG07: Masjid Jamek,Ampang Park,Masjid Jamek,KJ,AG,Kelana Jaya,Ampang,Inter-line,3603,7,10,3.603
2026-04,KJ09: Ampang Park,KG09: Bandar Utama,Ampang Park,Bandar Utama,KJ,KG,Kelana Jaya,MRT Kajang,Inter-line,756,7,13,0.756
2026-04,KJ09: Ampang Park,KG15: Muzium Negara,Ampang Park,Muzium Negara,KJ,KG,Kelana Jaya,MRT Kajang,Inter-line,79,7,11,0.079
2026-04,KJ09: Ampang Park,KG18: Bukit Bintang,Ampang Park,Bukit Bintang,KJ,KG,Kelana Jaya,MRT Kajang,Inter-line,655,7,1,0.655
2026-04,KJ09: Ampang Park,KG20: Tun Razak Exchange,Ampang Park,Tun Razak Exchange,KJ,KG,Kelana Jaya,MRT Kajang,Inter-line,110,7,4,0.11
2026-04,KJ09: Ampang Park,KG21: Cochrane,Ampang Park,Cochrane,KJ,KG,Kelana Jaya,MRT Kajang,Inter-line,156,7,12,0.156
2026-04,KJ09: Ampang Park,KG22: Maluri,Ampang Park,Maluri,KJ,KG,Kelana Jaya,MRT Kajang,Inter-line,215,7,5,0.215
2026-04,KJ09: Ampang Park,KJ03: Wangsa Maju,Ampang Park,Wangsa Maju,KJ,KJ,Kelana Jaya,Kelana Jaya,Same line,60630,7,14,60.63
2026-04,KJ09: Ampang Park,KJ10: KLCC,Ampang Park,KLCC,KJ,KJ,Kelana Jaya,Kelana Jaya,Same line,65019,7,2,65.019
2026-04,KJ09: Ampang Park,KJ14: Pasar Seni,Ampang Park,Pasar Seni,KJ,KJ,Kelana Jaya,Kelana Jaya,Same line,7343,7,8,7.343
2026-04,KJ09: Ampang Park,KJ15: KL Sentral,Ampang Park,KL Sentral,KJ,KJ,Kelana Jaya,Kelana Jaya,Same line,18513,7,3,18.513
2026-04,KJ09: Ampang Park,KJ16: Bank Rakyat Bangsar,Ampang Park,Bank Rakyat Bangsar,KJ,KJ,Kelana Jaya,Kelana Jaya,Same line,9090,7,15,9.09
2026-04,KJ09: Ampang Park,KJ17: Abdullah Hukum,Ampang Park,Abdullah Hukum,KJ,KJ,Kelana Jaya,Kelana Jaya,Same line,18073,7,6,18.073
2026-04,KJ09: Ampang Park,MR06: Bukit Bintang,Ampang Park,Bukit Bintang,KJ,MR,Kelana Jaya,Monorail,Inter-line,8,7,9,0.008
2026-04,KJ10: KLCC,AG07: Masjid Jamek,KLCC,Masjid Jamek,KJ,AG,Kelana Jaya,Ampang,Inter-line,13476,2,10,13.476
2026-04,KJ10: KLCC,KG09: Bandar Utama,KLCC,Bandar Utama,KJ,KG,Kelana Jaya,MRT Kajang,Inter-line,4349,2,13,4.349
2026-04,KJ10: KLCC,KG15: Muzium Negara,KLCC,Muzium Negara,KJ,KG,Kelana Jaya,MRT Kajang,Inter-line,419,2,11,0.419
2026-04,KJ10: KLCC,KG18: Bukit Bintang,KLCC,Bukit Bintang,KJ,KG,Kelana Jaya,MRT Kajang,Inter-line,7153,2,1,7.153
2026-04,KJ10: KLCC,KG20: Tun Razak Exchange,KLCC,Tun Razak Exchange,KJ,KG,Kelana Jaya,MRT Kajang,Inter-line,2014,2,4,2.014
2026-04,KJ10: KLCC,KG21: Cochrane,KLCC,Cochrane,KJ,KG,Kelana Jaya,MRT Kajang,Inter-line,2788,2,12,2.788
2026-04,KJ10: KLCC,KG22: Maluri,KLCC,Maluri,KJ,KG,Kelana Jaya,MRT Kajang,Inter-line,3754,2,5,3.754
2026-04,KJ10: KLCC,KJ03: Wangsa Maju,KLCC,Wangsa Maju,KJ,KJ,Kelana Jaya,Kelana Jaya,Same line,36735,2,14,36.735
2026-04,KJ10: KLCC,KJ09: Ampang Park,KLCC,Ampang Park,KJ,KJ,Kelana Jaya,Kelana Jaya,Same line,75718,2,7,75.718
2026-04,KJ10: KLCC,KJ14: Pasar Seni,KLCC,Pasar Seni,KJ,KJ,Kelana Jaya,Kelana Jaya,Same line,25236,2,8,25.236
2026-04,KJ10: KLCC,KJ15: KL Sentral,KLCC,KL Sentral,KJ,KJ,Kelana Jaya,Kelana Jaya,Same line,46064,2,3,46.064
2026-04,KJ10: KLCC,KJ16: Bank Rakyat Bangsar,KLCC,Bank Rakyat Bangsar,KJ,KJ,Kelana Jaya,Kelana Jaya,Same line,10898,2,15,10.898
2026-04,KJ10: KLCC,KJ17: Abdullah Hukum,KLCC,Abdullah Hukum,KJ,KJ,Kelana Jaya,Kelana Jaya,Same line,11542,2,6,11.542
2026-04,KJ10: KLCC,MR06: Bukit Bintang,KLCC,Bukit Bintang,KJ,MR,Kelana Jaya,Monorail,Inter-line,222,2,9,0.222
2026-04,KJ14: Pasar Seni,AG07: Masjid Jamek,Pasar Seni,Masjid Jamek,KJ,AG,Kelana Jaya,Ampang,Inter-line,5510,8,10,5.51
2026-04,KJ14: Pasar Seni,KG09: Bandar Utama,Pasar Seni,Bandar Utama,KJ,KG,Kelana Jaya,MRT Kajang,Inter-line,6026,8,13,6.026
2026-04,KJ14: Pasar Seni,KG15: Muzium Negara,Pasar Seni,Muzium Negara,KJ,KG,Kelana Jaya,MRT Kajang,Inter-line,2870,8,11,2.87
2026-04,KJ14: Pasar Seni,KG18: Bukit Bintang,Pasar Seni,Bukit Bintang,KJ,KG,Kelana Jaya,MRT Kajang,Inter-line,31054,8,1,31.054
2026-04,KJ14: Pasar Seni,KG20: Tun Razak Exchange,Pasar Seni,Tun Razak Exchange,KJ,KG,Kelana Jaya,MRT Kajang,Inter-line,12914,8,4,12.914
2026-04,KJ14: Pasar Seni,KG21: Cochrane,Pasar Seni,Cochrane,KJ,KG,Kelana Jaya,MRT Kajang,Inter-line,8728,8,12,8.728
2026-04,KJ14: Pasar Seni,KG22: Maluri,Pasar Seni,Maluri,KJ,KG,Kelana Jaya,MRT Kajang,Inter-line,5617,8,5,5.617
2026-04,KJ14: Pasar Seni,KJ03: Wangsa Maju,Pasar Seni,Wangsa Maju,KJ,KJ,Kelana Jaya,Kelana Jaya,Same line,6743,8,14,6.743
2026-04,KJ14: Pasar Seni,KJ09: Ampang Park,Pasar Seni,Ampang Park,KJ,KJ,Kelana Jaya,Kelana Jaya,Same line,6377,8,7,6.377
2026-04,KJ14: Pasar Seni,KJ10: KLCC,Pasar Seni,KLCC,KJ,KJ,Kelana Jaya,Kelana Jaya,Same line,23134,8,2,23.134
2026-04,KJ14: Pasar Seni,KJ15: KL Sentral,Pasar Seni,KL Sentral,KJ,KJ,Kelana Jaya,Kelana Jaya,Same line,33441,8,3,33.441
2026-04,KJ14: Pasar Seni,KJ16: Bank Rakyat Bangsar,Pasar Seni,Bank Rakyat Bangsar,KJ,KJ,Kelana Jaya,Kelana Jaya,Same line,9736,8,15,9.736
2026-04,KJ14: Pasar Seni,KJ17: Abdullah Hukum,Pasar Seni,Abdullah Hukum,KJ,KJ,Kelana Jaya,Kelana Jaya,Same line,7768,8,6,7.768
2026-04,KJ14: Pasar Seni,MR06: Bukit Bintang,Pasar Seni,Bukit Bintang,KJ,MR,Kelana Jaya,Monorail,Inter-line,61,8,9,0.061
2026-04,KJ15: KL Sentral,AG07: Masjid Jamek,KL Sentral,Masjid Jamek,KJ,AG,Kelana Jaya,Ampang,Inter-line,16802,3,10,16.802
2026-04,KJ15: KL Sentral,KG09: Bandar Utama,KL Sentral,Bandar Utama,KJ,KG,Kelana Jaya,MRT Kajang,Inter-line,585,3,13,0.585
2026-04,KJ15: KL Sentral,KG15: Muzium Negara,KL Sentral,Muzium Negara,KJ,KG,Kelana Jaya,MRT Kajang,Inter-line,141,3,11,0.141
2026-04,KJ15: KL Sentral,KG18: Bukit Bintang,KL Sentral,Bukit Bintang,KJ,KG,Kelana Jaya,MRT Kajang,Inter-line,3294,3,1,3.294
2026-04,KJ15: KL Sentral,KG20: Tun Razak Exchange,KL Sentral,Tun Razak Exchange,KJ,KG,Kelana Jaya,MRT Kajang,Inter-line,2058,3,4,2.058
2026-04,KJ15: KL Sentral,KG21: Cochrane,KL Sentral,Cochrane,KJ,KG,Kelana Jaya,MRT Kajang,Inter-line,1400,3,12,1.4
2026-04,KJ15: KL Sentral,KG22: Maluri,KL Sentral,Maluri,KJ,KG,Kelana Jaya,MRT Kajang,Inter-line,1976,3,5,1.976
2026-04,KJ15: KL Sentral,KJ03: Wangsa Maju,KL Sentral,Wangsa Maju,KJ,KJ,Kelana Jaya,Kelana Jaya,Same line,21118,3,14,21.118
2026-04,KJ15: KL Sentral,KJ09: Ampang Park,KL Sentral,Ampang Park,KJ,KJ,Kelana Jaya,Kelana Jaya,Same line,18467,3,7,18.467
2026-04,KJ15: KL Sentral,KJ10: KLCC,KL Sentral,KLCC,KJ,KJ,Kelana Jaya,Kelana Jaya,Same line,49400,3,2,49.4
2026-04,KJ15: KL Sentral,KJ14: Pasar Seni,KL Sentral,Pasar Seni,KJ,KJ,Kelana Jaya,Kelana Jaya,Same line,33607,3,8,33.607
2026-04,KJ15: KL Sentral,KJ16: Bank Rakyat Bangsar,KL Sentral,Bank Rakyat Bangsar,KJ,KJ,Kelana Jaya,Kelana Jaya,Same line,50108,3,15,50.108
2026-04,KJ15: KL Sentral,KJ17: Abdullah Hukum,KL Sentral,Abdullah Hukum,KJ,KJ,Kelana Jaya,Kelana Jaya,Same line,43761,3,6,43.761
2026-04,KJ15: KL Sentral,MR06: Bukit Bintang,KL Sentral,Bukit Bintang,KJ,MR,Kelana Jaya,Monorail,Inter-line,38,3,9,0.038
2026-04,KJ16: Bank Rakyat Bangsar,AG07: Masjid Jamek,Bank Rakyat Bangsar,Masjid Jamek,KJ,AG,Kelana Jaya,Ampang,Inter-line,3439,15,10,3.439
2026-04,KJ16: Bank Rakyat Bangsar,KG09: Bandar Utama,Bank Rakyat Bangsar,Bandar Utama,KJ,KG,Kelana Jaya,MRT Kajang,Inter-line,1353,15,13,1.353
2026-04,KJ16: Bank Rakyat Bangsar,KG15: Muzium Negara,Bank Rakyat Bangsar,Muzium Negara,KJ,KG,Kelana Jaya,MRT Kajang,Inter-line,96,15,11,0.096
2026-04,KJ16: Bank Rakyat Bangsar,KG18: Bukit Bintang,Bank Rakyat Bangsar,Bukit Bintang,KJ,KG,Kelana Jaya,MRT Kajang,Inter-line,5579,15,1,5.579
2026-04,KJ16: Bank Rakyat Bangsar,KG20: Tun Razak Exchange,Bank Rakyat Bangsar,Tun Razak Exchange,KJ,KG,Kelana Jaya,MRT Kajang,Inter-line,2873,15,4,2.873
2026-04,KJ16: Bank Rakyat Bangsar,KG21: Cochrane,Bank Rakyat Bangsar,Cochrane,KJ,KG,Kelana Jaya,MRT Kajang,Inter-line,1820,15,12,1.82
2026-04,KJ16: Bank Rakyat Bangsar,KG22: Maluri,Bank Rakyat Bangsar,Maluri,KJ,KG,Kelana Jaya,MRT Kajang,Inter-line,3697,15,5,3.697
2026-04,KJ16: Bank Rakyat Bangsar,KJ03: Wangsa Maju,Bank Rakyat Bangsar,Wangsa Maju,KJ,KJ,Kelana Jaya,Kelana Jaya,Same line,5040,15,14,5.04
2026-04,KJ16: Bank Rakyat Bangsar,KJ09: Ampang Park,Bank Rakyat Bangsar,Ampang Park,KJ,KJ,Kelana Jaya,Kelana Jaya,Same line,10043,15,7,10.043
2026-04,KJ16: Bank Rakyat Bangsar,KJ10: KLCC,Bank Rakyat Bangsar,KLCC,KJ,KJ,Kelana Jaya,Kelana Jaya,Same line,11370,15,2,11.37
2026-04,KJ16: Bank Rakyat Bangsar,KJ14: Pasar Seni,Bank Rakyat Bangsar,Pasar Seni,KJ,KJ,Kelana Jaya,Kelana Jaya,Same line,10919,15,8,10.919
2026-04,KJ16: Bank Rakyat Bangsar,KJ15: KL Sentral,Bank Rakyat Bangsar,KL Sentral,KJ,KJ,Kelana Jaya,Kelana Jaya,Same line,49171,15,3,49.171
2026-04,KJ16: Bank Rakyat Bangsar,KJ17: Abdullah Hukum,Bank Rakyat Bangsar,Abdullah Hukum,KJ,KJ,Kelana Jaya,Kelana Jaya,Same line,23402,15,6,23.402
2026-04,KJ16: Bank Rakyat Bangsar,MR06: Bukit Bintang,Bank Rakyat Bangsar,Bukit Bintang,KJ,MR,Kelana Jaya,Monorail,Inter-line,12,15,9,0.012
2026-04,KJ17: Abdullah Hukum,AG07: Masjid Jamek,Abdullah Hukum,Masjid Jamek,KJ,AG,Kelana Jaya,Ampang,Inter-line,3779,6,10,3.779
2026-04,KJ17: Abdullah Hukum,KG09: Bandar Utama,Abdullah Hukum,Bandar Utama,KJ,KG,Kelana Jaya,MRT Kajang,Inter-line,2718,6,13,2.718
2026-04,KJ17: Abdullah Hukum,KG15: Muzium Negara,Abdullah Hukum,Muzium Negara,KJ,KG,Kelana Jaya,MRT Kajang,Inter-line,91,6,11,0.091
2026-04,KJ17: Abdullah Hukum,KG18: Bukit Bintang,Abdullah Hukum,Bukit Bintang,KJ,KG,Kelana Jaya,MRT Kajang,Inter-line,8133,6,1,8.133
2026-04,KJ17: Abdullah Hukum,KG20: Tun Razak Exchange,Abdullah Hukum,Tun Razak Exchange,KJ,KG,Kelana Jaya,MRT Kajang,Inter-line,4082,6,4,4.082
2026-04,KJ17: Abdullah Hukum,KG21: Cochrane,Abdullah Hukum,Cochrane,KJ,KG,Kelana Jaya,MRT Kajang,Inter-line,3803,6,12,3.803
2026-04,KJ17: Abdullah Hukum,KG22: Maluri,Abdullah Hukum,Maluri,KJ,KG,Kelana Jaya,MRT Kajang,Inter-line,7544,6,5,7.544
2026-04,KJ17: Abdullah Hukum,KJ03: Wangsa Maju,Abdullah Hukum,Wangsa Maju,KJ,KJ,Kelana Jaya,Kelana Jaya,Same line,13880,6,14,13.88
2026-04,KJ17: Abdullah Hukum,KJ09: Ampang Park,Abdullah Hukum,Ampang Park,KJ,KJ,Kelana Jaya,Kelana Jaya,Same line,18052,6,7,18.052
2026-04,KJ17: Abdullah Hukum,KJ10: KLCC,Abdullah Hukum,KLCC,KJ,KJ,Kelana Jaya,Kelana Jaya,Same line,11444,6,2,11.444
2026-04,KJ17: Abdullah Hukum,KJ14: Pasar Seni,Abdullah Hukum,Pasar Seni,KJ,KJ,Kelana Jaya,Kelana Jaya,Same line,8999,6,8,8.999
2026-04,KJ17: Abdullah Hukum,KJ15: KL Sentral,Abdullah Hukum,KL Sentral,KJ,KJ,Kelana Jaya,Kelana Jaya,Same line,45250,6,3,45.25
2026-04,KJ17: Abdullah Hukum,KJ16: Bank Rakyat Bangsar,Abdullah Hukum,Bank Rakyat Bangsar,KJ,KJ,Kelana Jaya,Kelana Jaya,Same line,20933,6,15,20.933
2026-04,KJ17: Abdullah Hukum,MR06: Bukit Bintang,Abdullah Hukum,Bukit Bintang,KJ,MR,Kelana Jaya,Monorail,Inter-line,44,6,9,0.044
2026-04,MR06: Bukit Bintang,AG07: Masjid Jamek,Bukit Bintang,Masjid Jamek,MR,AG,Monorail,Ampang,Inter-line,1424,9,10,1.424
2026-04,MR06: Bukit Bintang,KG09: Bandar Utama,Bukit Bintang,Bandar Utama,MR,KG,Monorail,MRT Kajang,Inter-line,15,9,13,0.015
2026-04,MR06: Bukit Bintang,KG15: Muzium Negara,Bukit Bintang,Muzium Negara,MR,KG,Monorail,MRT Kajang,Inter-line,18,9,11,0.018
2026-04,MR06: Bukit Bintang,KG18: Bukit Bintang,Bukit Bintang,Bukit Bintang,MR,KG,Monorail,MRT Kajang,Inter-line,23,9,1,0.023
2026-04,MR06: Bukit Bintang,KG20: Tun Razak Exchange,Bukit Bintang,Tun Razak Exchange,MR,KG,Monorail,MRT Kajang,Inter-line,67,9,4,0.067
2026-04,MR06: Bukit Bintang,KG21: Cochrane,Bukit Bintang,Cochrane,MR,KG,Monorail,MRT Kajang,Inter-line,36,9,12,0.036
2026-04,MR06: Bukit Bintang,KG22: Maluri,Bukit Bintang,Maluri,MR,KG,Monorail,MRT Kajang,Inter-line,197,9,5,0.197
2026-04,MR06: Bukit Bintang,KJ03: Wangsa Maju,Bukit Bintang,Wangsa Maju,MR,KJ,Monorail,Kelana Jaya,Inter-line,32,9,14,0.032
2026-04,MR06: Bukit Bintang,KJ09: Ampang Park,Bukit Bintang,Ampang Park,MR,KJ,Monorail,Kelana Jaya,Inter-line,19,9,7,0.019
2026-04,MR06: Bukit Bintang,KJ10: KLCC,Bukit Bintang,KLCC,MR,KJ,Monorail,Kelana Jaya,Inter-line,181,9,2,0.181
2026-04,MR06: Bukit Bintang,KJ14: Pasar Seni,Bukit Bintang,Pasar Seni,MR,KJ,Monorail,Kelana Jaya,Inter-line,154,9,8,0.154
2026-04,MR06: Bukit Bintang,KJ15: KL Sentral,Bukit Bintang,KL Sentral,MR,KJ,Monorail,Kelana Jaya,Inter-line,14,9,3,0.014
2026-04,MR06: Bukit Bintang,KJ16: Bank Rakyat Bangsar,Bukit Bintang,Bank Rakyat Bangsar,MR,KJ,Monorail,Kelana Jaya,Inter-line,5,9,15,0.005
2026-04,MR06: Bukit Bintang,KJ17: Abdullah Hukum,Bukit Bintang,Abdullah Hukum,MR,KJ,Monorail,Kelana Jaya,Inter-line,34,9,6,0.034
2026-05,AG07: Masjid Jamek,KG09: Bandar Utama,Masjid Jamek,Bandar Utama,AG,KG,Ampang,MRT Kajang,Inter-line,382,10,13,0.382
2026-05,AG07: Masjid Jamek,KG15: Muzium Negara,Masjid Jamek,Muzium Negara,AG,KG,Ampang,MRT Kajang,Inter-line,112,10,11,0.112
2026-05,AG07: Masjid Jamek,KG18: Bukit Bintang,Masjid Jamek,Bukit Bintang,AG,KG,Ampang,MRT Kajang,Inter-line,2709,10,1,2.709
2026-05,AG07: Masjid Jamek,KG20: Tun Razak Exchange,Masjid Jamek,Tun Razak Exchange,AG,KG,Ampang,MRT Kajang,Inter-line,974,10,4,0.974
2026-05,AG07: Masjid Jamek,KG21: Cochrane,Masjid Jamek,Cochrane,AG,KG,Ampang,MRT Kajang,Inter-line,661,10,12,0.661
2026-05,AG07: Masjid Jamek,KG22: Maluri,Masjid Jamek,Maluri,AG,KG,Ampang,MRT Kajang,Inter-line,944,10,5,0.944
2026-05,AG07: Masjid Jamek,KJ03: Wangsa Maju,Masjid Jamek,Wangsa Maju,AG,KJ,Ampang,Kelana Jaya,Inter-line,1620,10,14,1.62
2026-05,AG07: Masjid Jamek,KJ09: Ampang Park,Masjid Jamek,Ampang Park,AG,KJ,Ampang,Kelana Jaya,Inter-line,1682,10,7,1.682
2026-05,AG07: Masjid Jamek,KJ10: KLCC,Masjid Jamek,KLCC,AG,KJ,Ampang,Kelana Jaya,Inter-line,8336,10,2,8.336
2026-05,AG07: Masjid Jamek,KJ14: Pasar Seni,Masjid Jamek,Pasar Seni,AG,KJ,Ampang,Kelana Jaya,Inter-line,3462,10,8,3.462
2026-05,AG07: Masjid Jamek,KJ15: KL Sentral,Masjid Jamek,KL Sentral,AG,KJ,Ampang,Kelana Jaya,Inter-line,8444,10,3,8.444
2026-05,AG07: Masjid Jamek,KJ16: Bank Rakyat Bangsar,Masjid Jamek,Bank Rakyat Bangsar,AG,KJ,Ampang,Kelana Jaya,Inter-line,1824,10,15,1.824
2026-05,AG07: Masjid Jamek,KJ17: Abdullah Hukum,Masjid Jamek,Abdullah Hukum,AG,KJ,Ampang,Kelana Jaya,Inter-line,1936,10,6,1.936
2026-05,AG07: Masjid Jamek,MR06: Bukit Bintang,Masjid Jamek,Bukit Bintang,AG,MR,Ampang,Monorail,Inter-line,1002,10,9,1.002
2026-05,KG09: Bandar Utama,AG07: Masjid Jamek,Bandar Utama,Masjid Jamek,KG,AG,MRT Kajang,Ampang,Inter-line,368,13,10,0.368
2026-05,KG09: Bandar Utama,KG15: Muzium Negara,Bandar Utama,Muzium Negara,KG,KG,MRT Kajang,MRT Kajang,Same line,6347,13,11,6.347
2026-05,KG09: Bandar Utama,KG18: Bukit Bintang,Bandar Utama,Bukit Bintang,KG,KG,MRT Kajang,MRT Kajang,Same line,8073,13,1,8.073
2026-05,KG09: Bandar Utama,KG20: Tun Razak Exchange,Bandar Utama,Tun Razak Exchange,KG,KG,MRT Kajang,MRT Kajang,Same line,4294,13,4,4.294
2026-05,KG09: Bandar Utama,KG21: Cochrane,Bandar Utama,Cochrane,KG,KG,MRT Kajang,MRT Kajang,Same line,1457,13,12,1.457
2026-05,KG09: Bandar Utama,KG22: Maluri,Bandar Utama,Maluri,KG,KG,MRT Kajang,MRT Kajang,Same line,2805,13,5,2.805
2026-05,KG09: Bandar Utama,KJ03: Wangsa Maju,Bandar Utama,Wangsa Maju,KG,KJ,MRT Kajang,Kelana Jaya,Inter-line,966,13,14,0.966
2026-05,KG09: Bandar Utama,KJ09: Ampang Park,Bandar Utama,Ampang Park,KG,KJ,MRT Kajang,Kelana Jaya,Inter-line,271,13,7,0.271
2026-05,KG09: Bandar Utama,KJ10: KLCC,Bandar Utama,KLCC,KG,KJ,MRT Kajang,Kelana Jaya,Inter-line,1725,13,2,1.725
2026-05,KG09: Bandar Utama,KJ14: Pasar Seni,Bandar Utama,Pasar Seni,KG,KJ,MRT Kajang,Kelana Jaya,Inter-line,2823,13,8,2.823
2026-05,KG09: Bandar Utama,KJ15: KL Sentral,Bandar Utama,KL Sentral,KG,KJ,MRT Kajang,Kelana Jaya,Inter-line,216,13,3,0.216
2026-05,KG09: Bandar Utama,KJ16: Bank Rakyat Bangsar,Bandar Utama,Bank Rakyat Bangsar,KG,KJ,MRT Kajang,Kelana Jaya,Inter-line,389,13,15,0.389
2026-05,KG09: Bandar Utama,KJ17: Abdullah Hukum,Bandar Utama,Abdullah Hukum,KG,KJ,MRT Kajang,Kelana Jaya,Inter-line,823,13,6,0.823
2026-05,KG09: Bandar Utama,MR06: Bukit Bintang,Bandar Utama,Bukit Bintang,KG,MR,MRT Kajang,Monorail,Inter-line,0,13,9,0.0
2026-05,KG15: Muzium Negara,AG07: Masjid Jamek,Muzium Negara,Masjid Jamek,KG,AG,MRT Kajang,Ampang,Inter-line,141,11,10,0.141
2026-05,KG15: Muzium Negara,KG09: Bandar Utama,Muzium Negara,Bandar Utama,KG,KG,MRT Kajang,MRT Kajang,Same line,7955,11,13,7.955
2026-05,KG15: Muzium Negara,KG18: Bukit Bintang,Muzium Negara,Bukit Bintang,KG,KG,MRT Kajang,MRT Kajang,Same line,11923,11,1,11.923
2026-05,KG15: Muzium Negara,KG20: Tun Razak Exchange,Muzium Negara,Tun Razak Exchange,KG,KG,MRT Kajang,MRT Kajang,Same line,8835,11,4,8.835
2026-05,KG15: Muzium Negara,KG21: Cochrane,Muzium Negara,Cochrane,KG,KG,MRT Kajang,MRT Kajang,Same line,5719,11,12,5.719
2026-05,KG15: Muzium Negara,KG22: Maluri,Muzium Negara,Maluri,KG,KG,MRT Kajang,MRT Kajang,Same line,10138,11,5,10.138
2026-05,KG15: Muzium Negara,KJ03: Wangsa Maju,Muzium Negara,Wangsa Maju,KG,KJ,MRT Kajang,Kelana Jaya,Inter-line,80,11,14,0.08
2026-05,KG15: Muzium Negara,KJ09: Ampang Park,Muzium Negara,Ampang Park,KG,KJ,MRT Kajang,Kelana Jaya,Inter-line,48,11,7,0.048
2026-05,KG15: Muzium Negara,KJ10: KLCC,Muzium Negara,KLCC,KG,KJ,MRT Kajang,Kelana Jaya,Inter-line,396,11,2,0.396
2026-05,KG15: Muzium Negara,KJ14: Pasar Seni,Muzium Negara,Pasar Seni,KG,KJ,MRT Kajang,Kelana Jaya,Inter-line,2390,11,8,2.39
2026-05,KG15: Muzium Negara,KJ15: KL Sentral,Muzium Negara,KL Sentral,KG,KJ,MRT Kajang,Kelana Jaya,Inter-line,76,11,3,0.076
2026-05,KG15: Muzium Negara,KJ16: Bank Rakyat Bangsar,Muzium Negara,Bank Rakyat Bangsar,KG,KJ,MRT Kajang,Kelana Jaya,Inter-line,70,11,15,0.07
2026-05,KG15: Muzium Negara,KJ17: Abdullah Hukum,Muzium Negara,Abdullah Hukum,KG,KJ,MRT Kajang,Kelana Jaya,Inter-line,45,11,6,0.045
2026-05,KG15: Muzium Negara,MR06: Bukit Bintang,Muzium Negara,Bukit Bintang,KG,MR,MRT Kajang,Monorail,Inter-line,3,11,9,0.003
2026-05,KG18: Bukit Bintang,AG07: Masjid Jamek,Bukit Bintang,Masjid Jamek,KG,AG,MRT Kajang,Ampang,Inter-line,2134,1,10,2.134
2026-05,KG18: Bukit Bintang,KG09: Bandar Utama,Bukit Bintang,Bandar Utama,KG,KG,MRT Kajang,MRT Kajang,Same line,8989,1,13,8.989
2026-05,KG18: Bukit Bintang,KG15: Muzium Negara,Bukit Bintang,Muzium Negara,KG,KG,MRT Kajang,MRT Kajang,Same line,10747,1,11,10.747
2026-05,KG18: Bukit Bintang,KG20: Tun Razak Exchange,Bukit Bintang,Tun Razak Exchange,KG,KG,MRT Kajang,MRT Kajang,Same line,27278,1,4,27.278
2026-05,KG18: Bukit Bintang,KG21: Cochrane,Bukit Bintang,Cochrane,KG,KG,MRT Kajang,MRT Kajang,Same line,20771,1,12,20.771
2026-05,KG18: Bukit Bintang,KG22: Maluri,Bukit Bintang,Maluri,KG,KG,MRT Kajang,MRT Kajang,Same line,28512,1,5,28.512
2026-05,KG18: Bukit Bintang,KJ03: Wangsa Maju,Bukit Bintang,Wangsa Maju,KG,KJ,MRT Kajang,Kelana Jaya,Inter-line,2731,1,14,2.731
2026-05,KG18: Bukit Bintang,KJ09: Ampang Park,Bukit Bintang,Ampang Park,KG,KJ,MRT Kajang,Kelana Jaya,Inter-line,259,1,7,0.259
2026-05,KG18: Bukit Bintang,KJ10: KLCC,Bukit Bintang,KLCC,KG,KJ,MRT Kajang,Kelana Jaya,Inter-line,3397,1,2,3.397
2026-05,KG18: Bukit Bintang,KJ14: Pasar Seni,Bukit Bintang,Pasar Seni,KG,KJ,MRT Kajang,Kelana Jaya,Inter-line,19007,1,8,19.007
2026-05,KG18: Bukit Bintang,KJ15: KL Sentral,Bukit Bintang,KL Sentral,KG,KJ,MRT Kajang,Kelana Jaya,Inter-line,2161,1,3,2.161
2026-05,KG18: Bukit Bintang,KJ16: Bank Rakyat Bangsar,Bukit Bintang,Bank Rakyat Bangsar,KG,KJ,MRT Kajang,Kelana Jaya,Inter-line,2734,1,15,2.734
2026-05,KG18: Bukit Bintang,KJ17: Abdullah Hukum,Bukit Bintang,Abdullah Hukum,KG,KJ,MRT Kajang,Kelana Jaya,Inter-line,3580,1,6,3.58
2026-05,KG18: Bukit Bintang,MR06: Bukit Bintang,Bukit Bintang,Bukit Bintang,KG,MR,MRT Kajang,Monorail,Inter-line,8,1,9,0.008
2026-05,KG20: Tun Razak Exchange,AG07: Masjid Jamek,Tun Razak Exchange,Masjid Jamek,KG,AG,MRT Kajang,Ampang,Inter-line,767,4,10,0.767
2026-05,KG20: Tun Razak Exchange,KG09: Bandar Utama,Tun Razak Exchange,Bandar Utama,KG,KG,MRT Kajang,MRT Kajang,Same line,4703,4,13,4.703
2026-05,KG20: Tun Razak Exchange,KG15: Muzium Negara,Tun Razak Exchange,Muzium Negara,KG,KG,MRT Kajang,MRT Kajang,Same line,7280,4,11,7.28
2026-05,KG20: Tun Razak Exchange,KG18: Bukit Bintang,Tun Razak Exchange,Bukit Bintang,KG,KG,MRT Kajang,MRT Kajang,Same line,29730,4,1,29.73
2026-05,KG20: Tun Razak Exchange,KG21: Cochrane,Tun Razak Exchange,Cochrane,KG,KG,MRT Kajang,MRT Kajang,Same line,18623,4,12,18.623
2026-05,KG20: Tun Razak Exchange,KG22: Maluri,Tun Razak Exchange,Maluri,KG,KG,MRT Kajang,MRT Kajang,Same line,17343,4,5,17.343
2026-05,KG20: Tun Razak Exchange,KJ03: Wangsa Maju,Tun Razak Exchange,Wangsa Maju,KG,KJ,MRT Kajang,Kelana Jaya,Inter-line,454,4,14,0.454
2026-05,KG20: Tun Razak Exchange,KJ09: Ampang Park,Tun Razak Exchange,Ampang Park,KG,KJ,MRT Kajang,Kelana Jaya,Inter-line,30,4,7,0.03
2026-05,KG20: Tun Razak Exchange,KJ10: KLCC,Tun Razak Exchange,KLCC,KG,KJ,MRT Kajang,Kelana Jaya,Inter-line,912,4,2,0.912
2026-05,KG20: Tun Razak Exchange,KJ14: Pasar Seni,Tun Razak Exchange,Pasar Seni,KG,KJ,MRT Kajang,Kelana Jaya,Inter-line,6784,4,8,6.784
2026-05,KG20: Tun Razak Exchange,KJ15: KL Sentral,Tun Razak Exchange,KL Sentral,KG,KJ,MRT Kajang,Kelana Jaya,Inter-line,1195,4,3,1.195
2026-05,KG20: Tun Razak Exchange,KJ16: Bank Rakyat Bangsar,Tun Razak Exchange,Bank Rakyat Bangsar,KG,KJ,MRT Kajang,Kelana Jaya,Inter-line,1171,4,15,1.171
2026-05,KG20: Tun Razak Exchange,KJ17: Abdullah Hukum,Tun Razak Exchange,Abdullah Hukum,KG,KJ,MRT Kajang,Kelana Jaya,Inter-line,1529,4,6,1.529
2026-05,KG20: Tun Razak Exchange,MR06: Bukit Bintang,Tun Razak Exchange,Bukit Bintang,KG,MR,MRT Kajang,Monorail,Inter-line,40,4,9,0.04
2026-05,KG21: Cochrane,AG07: Masjid Jamek,Cochrane,Masjid Jamek,KG,AG,MRT Kajang,Ampang,Inter-line,523,12,10,0.523
2026-05,KG21: Cochrane,KG09: Bandar Utama,Cochrane,Bandar Utama,KG,KG,MRT Kajang,MRT Kajang,Same line,1398,12,13,1.398
2026-05,KG21: Cochrane,KG15: Muzium Negara,Cochrane,Muzium Negara,KG,KG,MRT Kajang,MRT Kajang,Same line,4150,12,11,4.15
2026-05,KG21: Cochrane,KG18: Bukit Bintang,Cochrane,Bukit Bintang,KG,KG,MRT Kajang,MRT Kajang,Same line,18998,12,1,18.998
2026-05,KG21: Cochrane,KG20: Tun Razak Exchange,Cochrane,Tun Razak Exchange,KG,KG,MRT Kajang,MRT Kajang,Same line,17308,12,4,17.308
2026-05,KG21: Cochrane,KG22: Maluri,Cochrane,Maluri,KG,KG,MRT Kajang,MRT Kajang,Same line,10005,12,5,10.005
2026-05,KG21: Cochrane,KJ03: Wangsa Maju,Cochrane,Wangsa Maju,KG,KJ,MRT Kajang,Kelana Jaya,Inter-line,686,12,14,0.686
2026-05,KG21: Cochrane,KJ09: Ampang Park,Cochrane,Ampang Park,KG,KJ,MRT Kajang,Kelana Jaya,Inter-line,44,12,7,0.044
2026-05,KG21: Cochrane,KJ10: KLCC,Cochrane,KLCC,KG,KJ,MRT Kajang,Kelana Jaya,Inter-line,979,12,2,0.979
2026-05,KG21: Cochrane,KJ14: Pasar Seni,Cochrane,Pasar Seni,KG,KJ,MRT Kajang,Kelana Jaya,Inter-line,4422,12,8,4.422
2026-05,KG21: Cochrane,KJ15: KL Sentral,Cochrane,KL Sentral,KG,KJ,MRT Kajang,Kelana Jaya,Inter-line,688,12,3,0.688
2026-05,KG21: Cochrane,KJ16: Bank Rakyat Bangsar,Cochrane,Bank Rakyat Bangsar,KG,KJ,MRT Kajang,Kelana Jaya,Inter-line,634,12,15,0.634
2026-05,KG21: Cochrane,KJ17: Abdullah Hukum,Cochrane,Abdullah Hukum,KG,KJ,MRT Kajang,Kelana Jaya,Inter-line,1148,12,6,1.148
2026-05,KG21: Cochrane,MR06: Bukit Bintang,Cochrane,Bukit Bintang,KG,MR,MRT Kajang,Monorail,Inter-line,11,12,9,0.011
2026-05,KG22: Maluri,AG07: Masjid Jamek,Maluri,Masjid Jamek,KG,AG,MRT Kajang,Ampang,Inter-line,1506,5,10,1.506
2026-05,KG22: Maluri,KG09: Bandar Utama,Maluri,Bandar Utama,KG,KG,MRT Kajang,MRT Kajang,Same line,2993,5,13,2.993
2026-05,KG22: Maluri,KG15: Muzium Negara,Maluri,Muzium Negara,KG,KG,MRT Kajang,MRT Kajang,Same line,9543,5,11,9.543
2026-05,KG22: Maluri,KG18: Bukit Bintang,Maluri,Bukit Bintang,KG,KG,MRT Kajang,MRT Kajang,Same line,28977,5,1,28.977
2026-05,KG22: Maluri,KG20: Tun Razak Exchange,Maluri,Tun Razak Exchange,KG,KG,MRT Kajang,MRT Kajang,Same line,17008,5,4,17.008
2026-05,KG22: Maluri,KG21: Cochrane,Maluri,Cochrane,KG,KG,MRT Kajang,MRT Kajang,Same line,9152,5,12,9.152
2026-05,KG22: Maluri,KJ03: Wangsa Maju,Maluri,Wangsa Maju,KG,KJ,MRT Kajang,Kelana Jaya,Inter-line,554,5,14,0.554
2026-05,KG22: Maluri,KJ09: Ampang Park,Maluri,Ampang Park,KG,KJ,MRT Kajang,Kelana Jaya,Inter-line,66,5,7,0.066
2026-05,KG22: Maluri,KJ10: KLCC,Maluri,KLCC,KG,KJ,MRT Kajang,Kelana Jaya,Inter-line,1496,5,2,1.496
2026-05,KG22: Maluri,KJ14: Pasar Seni,Maluri,Pasar Seni,KG,KJ,MRT Kajang,Kelana Jaya,Inter-line,3154,5,8,3.154
2026-05,KG22: Maluri,KJ15: KL Sentral,Maluri,KL Sentral,KG,KJ,MRT Kajang,Kelana Jaya,Inter-line,760,5,3,0.76
2026-05,KG22: Maluri,KJ16: Bank Rakyat Bangsar,Maluri,Bank Rakyat Bangsar,KG,KJ,MRT Kajang,Kelana Jaya,Inter-line,1696,5,15,1.696
2026-05,KG22: Maluri,KJ17: Abdullah Hukum,Maluri,Abdullah Hukum,KG,KJ,MRT Kajang,Kelana Jaya,Inter-line,3108,5,6,3.108
2026-05,KG22: Maluri,MR06: Bukit Bintang,Maluri,Bukit Bintang,KG,MR,MRT Kajang,Monorail,Inter-line,18,5,9,0.018
2026-05,KJ03: Wangsa Maju,AG07: Masjid Jamek,Wangsa Maju,Masjid Jamek,KJ,AG,Kelana Jaya,Ampang,Inter-line,1683,14,10,1.683
2026-05,KJ03: Wangsa Maju,KG09: Bandar Utama,Wangsa Maju,Bandar Utama,KJ,KG,Kelana Jaya,MRT Kajang,Inter-line,987,14,13,0.987
2026-05,KJ03: Wangsa Maju,KG15: Muzium Negara,Wangsa Maju,Muzium Negara,KJ,KG,Kelana Jaya,MRT Kajang,Inter-line,91,14,11,0.091
2026-05,KJ03: Wangsa Maju,KG18: Bukit Bintang,Wangsa Maju,Bukit Bintang,KJ,KG,Kelana Jaya,MRT Kajang,Inter-line,2406,14,1,2.406
2026-05,KJ03: Wangsa Maju,KG20: Tun Razak Exchange,Wangsa Maju,Tun Razak Exchange,KJ,KG,Kelana Jaya,MRT Kajang,Inter-line,396,14,4,0.396
2026-05,KJ03: Wangsa Maju,KG21: Cochrane,Wangsa Maju,Cochrane,KJ,KG,Kelana Jaya,MRT Kajang,Inter-line,630,14,12,0.63
2026-05,KJ03: Wangsa Maju,KG22: Maluri,Wangsa Maju,Maluri,KJ,KG,Kelana Jaya,MRT Kajang,Inter-line,594,14,5,0.594
2026-05,KJ03: Wangsa Maju,KJ09: Ampang Park,Wangsa Maju,Ampang Park,KJ,KJ,Kelana Jaya,Kelana Jaya,Same line,18740,14,7,18.74
2026-05,KJ03: Wangsa Maju,KJ10: KLCC,Wangsa Maju,KLCC,KJ,KJ,Kelana Jaya,Kelana Jaya,Same line,15094,14,2,15.094
2026-05,KJ03: Wangsa Maju,KJ14: Pasar Seni,Wangsa Maju,Pasar Seni,KJ,KJ,Kelana Jaya,Kelana Jaya,Same line,3392,14,8,3.392
2026-05,KJ03: Wangsa Maju,KJ15: KL Sentral,Wangsa Maju,KL Sentral,KJ,KJ,Kelana Jaya,Kelana Jaya,Same line,7524,14,3,7.524
2026-05,KJ03: Wangsa Maju,KJ16: Bank Rakyat Bangsar,Wangsa Maju,Bank Rakyat Bangsar,KJ,KJ,Kelana Jaya,Kelana Jaya,Same line,1964,14,15,1.964
2026-05,KJ03: Wangsa Maju,KJ17: Abdullah Hukum,Wangsa Maju,Abdullah Hukum,KJ,KJ,Kelana Jaya,Kelana Jaya,Same line,5792,14,6,5.792
2026-05,KJ03: Wangsa Maju,MR06: Bukit Bintang,Wangsa Maju,Bukit Bintang,KJ,MR,Kelana Jaya,Monorail,Inter-line,17,14,9,0.017
2026-05,KJ09: Ampang Park,AG07: Masjid Jamek,Ampang Park,Masjid Jamek,KJ,AG,Kelana Jaya,Ampang,Inter-line,1625,7,10,1.625
2026-05,KJ09: Ampang Park,KG09: Bandar Utama,Ampang Park,Bandar Utama,KJ,KG,Kelana Jaya,MRT Kajang,Inter-line,309,7,13,0.309
2026-05,KJ09: Ampang Park,KG15: Muzium Negara,Ampang Park,Muzium Negara,KJ,KG,Kelana Jaya,MRT Kajang,Inter-line,24,7,11,0.024
2026-05,KJ09: Ampang Park,KG18: Bukit Bintang,Ampang Park,Bukit Bintang,KJ,KG,Kelana Jaya,MRT Kajang,Inter-line,353,7,1,0.353
2026-05,KJ09: Ampang Park,KG20: Tun Razak Exchange,Ampang Park,Tun Razak Exchange,KJ,KG,Kelana Jaya,MRT Kajang,Inter-line,77,7,4,0.077
2026-05,KJ09: Ampang Park,KG21: Cochrane,Ampang Park,Cochrane,KJ,KG,Kelana Jaya,MRT Kajang,Inter-line,56,7,12,0.056
2026-05,KJ09: Ampang Park,KG22: Maluri,Ampang Park,Maluri,KJ,KG,Kelana Jaya,MRT Kajang,Inter-line,101,7,5,0.101
2026-05,KJ09: Ampang Park,KJ03: Wangsa Maju,Ampang Park,Wangsa Maju,KJ,KJ,Kelana Jaya,Kelana Jaya,Same line,20450,7,14,20.45
2026-05,KJ09: Ampang Park,KJ10: KLCC,Ampang Park,KLCC,KJ,KJ,Kelana Jaya,Kelana Jaya,Same line,28888,7,2,28.888
2026-05,KJ09: Ampang Park,KJ14: Pasar Seni,Ampang Park,Pasar Seni,KJ,KJ,Kelana Jaya,Kelana Jaya,Same line,3362,7,8,3.362
2026-05,KJ09: Ampang Park,KJ15: KL Sentral,Ampang Park,KL Sentral,KJ,KJ,Kelana Jaya,Kelana Jaya,Same line,8142,7,3,8.142
2026-05,KJ09: Ampang Park,KJ16: Bank Rakyat Bangsar,Ampang Park,Bank Rakyat Bangsar,KJ,KJ,Kelana Jaya,Kelana Jaya,Same line,3802,7,15,3.802
2026-05,KJ09: Ampang Park,KJ17: Abdullah Hukum,Ampang Park,Abdullah Hukum,KJ,KJ,Kelana Jaya,Kelana Jaya,Same line,7754,7,6,7.754
2026-05,KJ09: Ampang Park,MR06: Bukit Bintang,Ampang Park,Bukit Bintang,KJ,MR,Kelana Jaya,Monorail,Inter-line,5,7,9,0.005
2026-05,KJ10: KLCC,AG07: Masjid Jamek,KLCC,Masjid Jamek,KJ,AG,Kelana Jaya,Ampang,Inter-line,6930,2,10,6.93
2026-05,KJ10: KLCC,KG09: Bandar Utama,KLCC,Bandar Utama,KJ,KG,Kelana Jaya,MRT Kajang,Inter-line,1959,2,13,1.959
2026-05,KJ10: KLCC,KG15: Muzium Negara,KLCC,Muzium Negara,KJ,KG,Kelana Jaya,MRT Kajang,Inter-line,195,2,11,0.195
2026-05,KJ10: KLCC,KG18: Bukit Bintang,KLCC,Bukit Bintang,KJ,KG,Kelana Jaya,MRT Kajang,Inter-line,3728,2,1,3.728
2026-05,KJ10: KLCC,KG20: Tun Razak Exchange,KLCC,Tun Razak Exchange,KJ,KG,Kelana Jaya,MRT Kajang,Inter-line,1012,2,4,1.012
2026-05,KJ10: KLCC,KG21: Cochrane,KLCC,Cochrane,KJ,KG,Kelana Jaya,MRT Kajang,Inter-line,1266,2,12,1.266
2026-05,KJ10: KLCC,KG22: Maluri,KLCC,Maluri,KJ,KG,Kelana Jaya,MRT Kajang,Inter-line,1673,2,5,1.673
2026-05,KJ10: KLCC,KJ03: Wangsa Maju,KLCC,Wangsa Maju,KJ,KJ,Kelana Jaya,Kelana Jaya,Same line,16692,2,14,16.692
2026-05,KJ10: KLCC,KJ09: Ampang Park,KLCC,Ampang Park,KJ,KJ,Kelana Jaya,Kelana Jaya,Same line,33022,2,7,33.022
2026-05,KJ10: KLCC,KJ14: Pasar Seni,KLCC,Pasar Seni,KJ,KJ,Kelana Jaya,Kelana Jaya,Same line,12871,2,8,12.871
2026-05,KJ10: KLCC,KJ15: KL Sentral,KLCC,KL Sentral,KJ,KJ,Kelana Jaya,Kelana Jaya,Same line,21713,2,3,21.713
2026-05,KJ10: KLCC,KJ16: Bank Rakyat Bangsar,KLCC,Bank Rakyat Bangsar,KJ,KJ,Kelana Jaya,Kelana Jaya,Same line,4807,2,15,4.807
2026-05,KJ10: KLCC,KJ17: Abdullah Hukum,KLCC,Abdullah Hukum,KJ,KJ,Kelana Jaya,Kelana Jaya,Same line,5231,2,6,5.231
2026-05,KJ10: KLCC,MR06: Bukit Bintang,KLCC,Bukit Bintang,KJ,MR,Kelana Jaya,Monorail,Inter-line,93,2,9,0.093
2026-05,KJ14: Pasar Seni,AG07: Masjid Jamek,Pasar Seni,Masjid Jamek,KJ,AG,Kelana Jaya,Ampang,Inter-line,3064,8,10,3.064
2026-05,KJ14: Pasar Seni,KG09: Bandar Utama,Pasar Seni,Bandar Utama,KJ,KG,Kelana Jaya,MRT Kajang,Inter-line,2947,8,13,2.947
2026-05,KJ14: Pasar Seni,KG15: Muzium Negara,Pasar Seni,Muzium Negara,KJ,KG,Kelana Jaya,MRT Kajang,Inter-line,1617,8,11,1.617
2026-05,KJ14: Pasar Seni,KG18: Bukit Bintang,Pasar Seni,Bukit Bintang,KJ,KG,Kelana Jaya,MRT Kajang,Inter-line,18907,8,1,18.907
2026-05,KJ14: Pasar Seni,KG20: Tun Razak Exchange,Pasar Seni,Tun Razak Exchange,KJ,KG,Kelana Jaya,MRT Kajang,Inter-line,7428,8,4,7.428
2026-05,KJ14: Pasar Seni,KG21: Cochrane,Pasar Seni,Cochrane,KJ,KG,Kelana Jaya,MRT Kajang,Inter-line,4900,8,12,4.9
2026-05,KJ14: Pasar Seni,KG22: Maluri,Pasar Seni,Maluri,KJ,KG,Kelana Jaya,MRT Kajang,Inter-line,3034,8,5,3.034
2026-05,KJ14: Pasar Seni,KJ03: Wangsa Maju,Pasar Seni,Wangsa Maju,KJ,KJ,Kelana Jaya,Kelana Jaya,Same line,3014,8,14,3.014
2026-05,KJ14: Pasar Seni,KJ09: Ampang Park,Pasar Seni,Ampang Park,KJ,KJ,Kelana Jaya,Kelana Jaya,Same line,3067,8,7,3.067
2026-05,KJ14: Pasar Seni,KJ10: KLCC,Pasar Seni,KLCC,KJ,KJ,Kelana Jaya,Kelana Jaya,Same line,11967,8,2,11.967
2026-05,KJ14: Pasar Seni,KJ15: KL Sentral,Pasar Seni,KL Sentral,KJ,KJ,Kelana Jaya,Kelana Jaya,Same line,17019,8,3,17.019
2026-05,KJ14: Pasar Seni,KJ16: Bank Rakyat Bangsar,Pasar Seni,Bank Rakyat Bangsar,KJ,KJ,Kelana Jaya,Kelana Jaya,Same line,4754,8,15,4.754
2026-05,KJ14: Pasar Seni,KJ17: Abdullah Hukum,Pasar Seni,Abdullah Hukum,KJ,KJ,Kelana Jaya,Kelana Jaya,Same line,3969,8,6,3.969
2026-05,KJ14: Pasar Seni,MR06: Bukit Bintang,Pasar Seni,Bukit Bintang,KJ,MR,Kelana Jaya,Monorail,Inter-line,69,8,9,0.069
2026-05,KJ15: KL Sentral,AG07: Masjid Jamek,KL Sentral,Masjid Jamek,KJ,AG,Kelana Jaya,Ampang,Inter-line,7837,3,10,7.837
2026-05,KJ15: KL Sentral,KG09: Bandar Utama,KL Sentral,Bandar Utama,KJ,KG,Kelana Jaya,MRT Kajang,Inter-line,247,3,13,0.247
2026-05,KJ15: KL Sentral,KG15: Muzium Negara,KL Sentral,Muzium Negara,KJ,KG,Kelana Jaya,MRT Kajang,Inter-line,60,3,11,0.06
2026-05,KJ15: KL Sentral,KG18: Bukit Bintang,KL Sentral,Bukit Bintang,KJ,KG,Kelana Jaya,MRT Kajang,Inter-line,1595,3,1,1.595
2026-05,KJ15: KL Sentral,KG20: Tun Razak Exchange,KL Sentral,Tun Razak Exchange,KJ,KG,Kelana Jaya,MRT Kajang,Inter-line,918,3,4,0.918
2026-05,KJ15: KL Sentral,KG21: Cochrane,KL Sentral,Cochrane,KJ,KG,Kelana Jaya,MRT Kajang,Inter-line,680,3,12,0.68
2026-05,KJ15: KL Sentral,KG22: Maluri,KL Sentral,Maluri,KJ,KG,Kelana Jaya,MRT Kajang,Inter-line,858,3,5,0.858
2026-05,KJ15: KL Sentral,KJ03: Wangsa Maju,KL Sentral,Wangsa Maju,KJ,KJ,Kelana Jaya,Kelana Jaya,Same line,8721,3,14,8.721
2026-05,KJ15: KL Sentral,KJ09: Ampang Park,KL Sentral,Ampang Park,KJ,KJ,Kelana Jaya,Kelana Jaya,Same line,8097,3,7,8.097
2026-05,KJ15: KL Sentral,KJ10: KLCC,KL Sentral,KLCC,KJ,KJ,Kelana Jaya,Kelana Jaya,Same line,23145,3,2,23.145
2026-05,KJ15: KL Sentral,KJ14: Pasar Seni,KL Sentral,Pasar Seni,KJ,KJ,Kelana Jaya,Kelana Jaya,Same line,16734,3,8,16.734
2026-05,KJ15: KL Sentral,KJ16: Bank Rakyat Bangsar,KL Sentral,Bank Rakyat Bangsar,KJ,KJ,Kelana Jaya,Kelana Jaya,Same line,22373,3,15,22.373
2026-05,KJ15: KL Sentral,KJ17: Abdullah Hukum,KL Sentral,Abdullah Hukum,KJ,KJ,Kelana Jaya,Kelana Jaya,Same line,19854,3,6,19.854
2026-05,KJ15: KL Sentral,MR06: Bukit Bintang,KL Sentral,Bukit Bintang,KJ,MR,Kelana Jaya,Monorail,Inter-line,22,3,9,0.022
2026-05,KJ16: Bank Rakyat Bangsar,AG07: Masjid Jamek,Bank Rakyat Bangsar,Masjid Jamek,KJ,AG,Kelana Jaya,Ampang,Inter-line,1784,15,10,1.784
2026-05,KJ16: Bank Rakyat Bangsar,KG09: Bandar Utama,Bank Rakyat Bangsar,Bandar Utama,KJ,KG,Kelana Jaya,MRT Kajang,Inter-line,528,15,13,0.528
2026-05,KJ16: Bank Rakyat Bangsar,KG15: Muzium Negara,Bank Rakyat Bangsar,Muzium Negara,KJ,KG,Kelana Jaya,MRT Kajang,Inter-line,42,15,11,0.042
2026-05,KJ16: Bank Rakyat Bangsar,KG18: Bukit Bintang,Bank Rakyat Bangsar,Bukit Bintang,KJ,KG,Kelana Jaya,MRT Kajang,Inter-line,2692,15,1,2.692
2026-05,KJ16: Bank Rakyat Bangsar,KG20: Tun Razak Exchange,Bank Rakyat Bangsar,Tun Razak Exchange,KJ,KG,Kelana Jaya,MRT Kajang,Inter-line,1357,15,4,1.357
2026-05,KJ16: Bank Rakyat Bangsar,KG21: Cochrane,Bank Rakyat Bangsar,Cochrane,KJ,KG,Kelana Jaya,MRT Kajang,Inter-line,696,15,12,0.696
2026-05,KJ16: Bank Rakyat Bangsar,KG22: Maluri,Bank Rakyat Bangsar,Maluri,KJ,KG,Kelana Jaya,MRT Kajang,Inter-line,1594,15,5,1.594
2026-05,KJ16: Bank Rakyat Bangsar,KJ03: Wangsa Maju,Bank Rakyat Bangsar,Wangsa Maju,KJ,KJ,Kelana Jaya,Kelana Jaya,Same line,2081,15,14,2.081
2026-05,KJ16: Bank Rakyat Bangsar,KJ09: Ampang Park,Bank Rakyat Bangsar,Ampang Park,KJ,KJ,Kelana Jaya,Kelana Jaya,Same line,4195,15,7,4.195
2026-05,KJ16: Bank Rakyat Bangsar,KJ10: KLCC,Bank Rakyat Bangsar,KLCC,KJ,KJ,Kelana Jaya,Kelana Jaya,Same line,4980,15,2,4.98
2026-05,KJ16: Bank Rakyat Bangsar,KJ14: Pasar Seni,Bank Rakyat Bangsar,Pasar Seni,KJ,KJ,Kelana Jaya,Kelana Jaya,Same line,5483,15,8,5.483
2026-05,KJ16: Bank Rakyat Bangsar,KJ15: KL Sentral,Bank Rakyat Bangsar,KL Sentral,KJ,KJ,Kelana Jaya,Kelana Jaya,Same line,21956,15,3,21.956
2026-05,KJ16: Bank Rakyat Bangsar,KJ17: Abdullah Hukum,Bank Rakyat Bangsar,Abdullah Hukum,KJ,KJ,Kelana Jaya,Kelana Jaya,Same line,10206,15,6,10.206
2026-05,KJ16: Bank Rakyat Bangsar,MR06: Bukit Bintang,Bank Rakyat Bangsar,Bukit Bintang,KJ,MR,Kelana Jaya,Monorail,Inter-line,14,15,9,0.014
2026-05,KJ17: Abdullah Hukum,AG07: Masjid Jamek,Abdullah Hukum,Masjid Jamek,KJ,AG,Kelana Jaya,Ampang,Inter-line,1628,6,10,1.628
2026-05,KJ17: Abdullah Hukum,KG09: Bandar Utama,Abdullah Hukum,Bandar Utama,KJ,KG,Kelana Jaya,MRT Kajang,Inter-line,1141,6,13,1.141
2026-05,KJ17: Abdullah Hukum,KG15: Muzium Negara,Abdullah Hukum,Muzium Negara,KJ,KG,Kelana Jaya,MRT Kajang,Inter-line,25,6,11,0.025
2026-05,KJ17: Abdullah Hukum,KG18: Bukit Bintang,Abdullah Hukum,Bukit Bintang,KJ,KG,Kelana Jaya,MRT Kajang,Inter-line,3910,6,1,3.91
2026-05,KJ17: Abdullah Hukum,KG20: Tun Razak Exchange,Abdullah Hukum,Tun Razak Exchange,KJ,KG,Kelana Jaya,MRT Kajang,Inter-line,1738,6,4,1.738
2026-05,KJ17: Abdullah Hukum,KG21: Cochrane,Abdullah Hukum,Cochrane,KJ,KG,Kelana Jaya,MRT Kajang,Inter-line,1651,6,12,1.651
2026-05,KJ17: Abdullah Hukum,KG22: Maluri,Abdullah Hukum,Maluri,KJ,KG,Kelana Jaya,MRT Kajang,Inter-line,3076,6,5,3.076
2026-05,KJ17: Abdullah Hukum,KJ03: Wangsa Maju,Abdullah Hukum,Wangsa Maju,KJ,KJ,Kelana Jaya,Kelana Jaya,Same line,5762,6,14,5.762
2026-05,KJ17: Abdullah Hukum,KJ09: Ampang Park,Abdullah Hukum,Ampang Park,KJ,KJ,Kelana Jaya,Kelana Jaya,Same line,7875,6,7,7.875
2026-05,KJ17: Abdullah Hukum,KJ10: KLCC,Abdullah Hukum,KLCC,KJ,KJ,Kelana Jaya,Kelana Jaya,Same line,5445,6,2,5.445
2026-05,KJ17: Abdullah Hukum,KJ14: Pasar Seni,Abdullah Hukum,Pasar Seni,KJ,KJ,Kelana Jaya,Kelana Jaya,Same line,4495,6,8,4.495
2026-05,KJ17: Abdullah Hukum,KJ15: KL Sentral,Abdullah Hukum,KL Sentral,KJ,KJ,Kelana Jaya,Kelana Jaya,Same line,20651,6,3,20.651
2026-05,KJ17: Abdullah Hukum,KJ16: Bank Rakyat Bangsar,Abdullah Hukum,Bank Rakyat Bangsar,KJ,KJ,Kelana Jaya,Kelana Jaya,Same line,9620,6,15,9.62
2026-05,KJ17: Abdullah Hukum,MR06: Bukit Bintang,Abdullah Hukum,Bukit Bintang,KJ,MR,Kelana Jaya,Monorail,Inter-line,12,6,9,0.012
2026-05,MR06: Bukit Bintang,AG07: Masjid Jamek,Bukit Bintang,Masjid Jamek,MR,AG,Monorail,Ampang,Inter-line,861,9,10,0.861
2026-05,MR06: Bukit Bintang,KG09: Bandar Utama,Bukit Bintang,Bandar Utama,MR,KG,Monorail,MRT Kajang,Inter-line,8,9,13,0.008
2026-05,MR06: Bukit Bintang,KG15: Muzium Negara,Bukit Bintang,Muzium Negara,MR,KG,Monorail,MRT Kajang,Inter-line,15,9,11,0.015
2026-05,MR06: Bukit Bintang,KG18: Bukit Bintang,Bukit Bintang,Bukit Bintang,MR,KG,Monorail,MRT Kajang,Inter-line,5,9,1,0.005
2026-05,MR06: Bukit Bintang,KG20: Tun Razak Exchange,Bukit Bintang,Tun Razak Exchange,MR,KG,Monorail,MRT Kajang,Inter-line,32,9,4,0.032
2026-05,MR06: Bukit Bintang,KG21: Cochrane,Bukit Bintang,Cochrane,MR,KG,Monorail,MRT Kajang,Inter-line,43,9,12,0.043
2026-05,MR06: Bukit Bintang,KG22: Maluri,Bukit Bintang,Maluri,MR,KG,Monorail,MRT Kajang,Inter-line,102,9,5,0.102
2026-05,MR06: Bukit Bintang,KJ03: Wangsa Maju,Bukit Bintang,Wangsa Maju,MR,KJ,Monorail,Kelana Jaya,Inter-line,18,9,14,0.018
2026-05,MR06: Bukit Bintang,KJ09: Ampang Park,Bukit Bintang,Ampang Park,MR,KJ,Monorail,Kelana Jaya,Inter-line,4,9,7,0.004
2026-05,MR06: Bukit Bintang,KJ10: KLCC,Bukit Bintang,KLCC,MR,KJ,Monorail,Kelana Jaya,Inter-line,70,9,2,0.07
2026-05,MR06: Bukit Bintang,KJ14: Pasar Seni,Bukit Bintang,Pasar Seni,MR,KJ,Monorail,Kelana Jaya,Inter-line,70,9,8,0.07
2026-05,MR06: Bukit Bintang,KJ15: KL Sentral,Bukit Bintang,KL Sentral,MR,KJ,Monorail,Kelana Jaya,Inter-line,7,9,3,0.007
2026-05,MR06: Bukit Bintang,KJ16: Bank Rakyat Bangsar,Bukit Bintang,Bank Rakyat Bangsar,MR,KJ,Monorail,Kelana Jaya,Inter-line,11,9,15,0.011
2026-05,MR06: Bukit Bintang,KJ17: Abdullah Hukum,Bukit Bintang,Abdullah Hukum,MR,KJ,Monorail,Kelana Jaya,Inter-line,22,9,6,0.022
